leader,follower,lag,corr
GALAXY_SOUNDS,MICROCHIP,-30,-0.003994031815420498
GALAXY_SOUNDS,MICROCHIP,-29,-0.001424809129291702
GALAXY_SOUNDS,MICROCHIP,-28,-0.009916764432784974
GALAXY_SOUNDS,MICROCHIP,-27,0.005228887957162333
GALAXY_SOUNDS,MICROCHIP,-26,0.009083445954190125
GALAXY_SOUNDS,MICROCHIP,-25,-0.0033408821723706636
GALAXY_SOUNDS,MICROCHIP,-24,-0.006612490813723693
GALAXY_SOUNDS,MICROCHIP,-23,-0.009506496340780353
GALAXY_SOUNDS,MICROCHIP,-22,0.0010440757301225768
GALAXY_SOUNDS,MICROCHIP,-21,0.002022131858157321
GALAXY_SOUNDS,MICROCHIP,-20,-0.0021077776911691405
GALAXY_SOUNDS,MICROCHIP,-19,-0.0014304478594763448
GALAXY_SOUNDS,MICROCHIP,-18,0.0022976035340226994
GALAXY_SOUNDS,MICROCHIP,-17,-0.001305588871483904
GALAXY_SOUNDS,MICROCHIP,-16,0.0004238770369588767
GALAXY_SOUNDS,MICROCHIP,-15,0.0010379840441477408
GALAXY_SOUNDS,MICROCHIP,-14,0.003561113551587218
GALAXY_SOUNDS,MICROCHIP,-13,0.012858173787685586
GALAXY_SOUNDS,MICROCHIP,-12,0.0016540735789761572
GALAXY_SOUNDS,MICROCHIP,-11,-0.007153654294500069
GALAXY_SOUNDS,MICROCHIP,-10,-0.00033467316550388844
GALAXY_SOUNDS,MICROCHIP,-9,0.01104188854498671
GALAXY_SOUNDS,MICROCHIP,-8,0.007312969696252254
GALAXY_SOUNDS,MICROCHIP,-7,-0.0066455102889545975
GALAXY_SOUNDS,MICROCHIP,-6,0.013806573198788495
GALAXY_SOUNDS,MICROCHIP,-5,0.004310447479906816
GALAXY_SOUNDS,MICROCHIP,-4,-0.0022720698987602366
GALAXY_SOUNDS,MICROCHIP,-3,-0.003844525595233423
GALAXY_SOUNDS,MICROCHIP,-2,0.004556252256307949
GALAXY_SOUNDS,MICROCHIP,-1,0.0036960529974978534
GALAXY_SOUNDS,MICROCHIP,1,-0.0018535853311334948
GALAXY_SOUNDS,MICROCHIP,2,0.004288639641603505
GALAXY_SOUNDS,MICROCHIP,3,-0.0005112453439122596
GALAXY_SOUNDS,MICROCHIP,4,-0.001065219387829636
GALAXY_SOUNDS,MICROCHIP,5,0.008025142321947032
GALAXY_SOUNDS,MICROCHIP,6,0.00045828387912028387
GALAXY_SOUNDS,MICROCHIP,7,0.001080816752238922
GALAXY_SOUNDS,MICROCHIP,8,-0.0017556775303122943
GALAXY_SOUNDS,MICROCHIP,9,-0.004789369771286138
GALAXY_SOUNDS,MICROCHIP,10,-0.007496087626965302
GALAXY_SOUNDS,MICROCHIP,11,-5.007568594417617e-05
GALAXY_SOUNDS,MICROCHIP,12,-0.006269780439409191
GALAXY_SOUNDS,MICROCHIP,13,-0.001691764825958634
GALAXY_SOUNDS,MICROCHIP,14,-0.0042407968654079925
GALAXY_SOUNDS,MICROCHIP,15,0.00965197633900383
GALAXY_SOUNDS,MICROCHIP,16,0.0047064923778409925
GALAXY_SOUNDS,MICROCHIP,17,-0.0010203866455050466
GALAXY_SOUNDS,MICROCHIP,18,-0.00941922135795863
GALAXY_SOUNDS,MICROCHIP,19,0.003767368954226002
GALAXY_SOUNDS,MICROCHIP,20,-0.00292974830178736
GALAXY_SOUNDS,MICROCHIP,21,-0.007049388831139967
GALAXY_SOUNDS,MICROCHIP,22,0.004198918402106291
GALAXY_SOUNDS,MICROCHIP,23,0.004534952697231399
GALAXY_SOUNDS,MICROCHIP,24,-0.0025289049053282896
GALAXY_SOUNDS,MICROCHIP,25,0.008526547964281182
GALAXY_SOUNDS,MICROCHIP,26,0.002392296726282806
GALAXY_SOUNDS,MICROCHIP,27,-0.006547171032773397
GALAXY_SOUNDS,MICROCHIP,28,-0.00575339210732518
GALAXY_SOUNDS,MICROCHIP,29,0.0052457513402260686
GALAXY_SOUNDS,MICROCHIP,30,-0.008792506052983163
GALAXY_SOUNDS,OXYGEN_SHAKE,-30,-0.0025549010383448425
GALAXY_SOUNDS,OXYGEN_SHAKE,-29,0.0077009176737652075
GALAXY_SOUNDS,OXYGEN_SHAKE,-28,-0.004207327191984225
GALAXY_SOUNDS,OXYGEN_SHAKE,-27,-0.009724219788881517
GALAXY_SOUNDS,OXYGEN_SHAKE,-26,-0.0004832058933381626
GALAXY_SOUNDS,OXYGEN_SHAKE,-25,-0.004515645409352553
GALAXY_SOUNDS,OXYGEN_SHAKE,-24,0.0020262328032264543
GALAXY_SOUNDS,OXYGEN_SHAKE,-23,0.005962054062475776
GALAXY_SOUNDS,OXYGEN_SHAKE,-22,0.002392695565782246
GALAXY_SOUNDS,OXYGEN_SHAKE,-21,0.003208307114349564
GALAXY_SOUNDS,OXYGEN_SHAKE,-20,-0.002892010378829468
GALAXY_SOUNDS,OXYGEN_SHAKE,-19,-0.0028078095753411004
GALAXY_SOUNDS,OXYGEN_SHAKE,-18,-7.983413924031181e-05
GALAXY_SOUNDS,OXYGEN_SHAKE,-17,0.00594403175956994
GALAXY_SOUNDS,OXYGEN_SHAKE,-16,0.0004972974719758346
GALAXY_SOUNDS,OXYGEN_SHAKE,-15,-0.003767216462491544
GALAXY_SOUNDS,OXYGEN_SHAKE,-14,0.0014669427804691651
GALAXY_SOUNDS,OXYGEN_SHAKE,-13,0.0016884216272827338
GALAXY_SOUNDS,OXYGEN_SHAKE,-12,-0.001595873008551419
GALAXY_SOUNDS,OXYGEN_SHAKE,-11,0.005810601925097302
GALAXY_SOUNDS,OXYGEN_SHAKE,-10,-0.011100202480717353
GALAXY_SOUNDS,OXYGEN_SHAKE,-9,0.003190132751452119
GALAXY_SOUNDS,OXYGEN_SHAKE,-8,-0.005135912213232094
GALAXY_SOUNDS,OXYGEN_SHAKE,-7,-0.004980187851847537
GALAXY_SOUNDS,OXYGEN_SHAKE,-6,0.0002675292010637596
GALAXY_SOUNDS,OXYGEN_SHAKE,-5,-0.0042254686072116755
GALAXY_SOUNDS,OXYGEN_SHAKE,-4,-0.002852777214912466
GALAXY_SOUNDS,OXYGEN_SHAKE,-3,-0.0035376683243270378
GALAXY_SOUNDS,OXYGEN_SHAKE,-2,0.006774730129945802
GALAXY_SOUNDS,OXYGEN_SHAKE,-1,-0.02279480632992463
GALAXY_SOUNDS,OXYGEN_SHAKE,1,-0.013804910753604108
GALAXY_SOUNDS,OXYGEN_SHAKE,2,-0.00512625116632156
GALAXY_SOUNDS,OXYGEN_SHAKE,3,0.0027203560186795897
GALAXY_SOUNDS,OXYGEN_SHAKE,4,0.0011307713876367283
GALAXY_SOUNDS,OXYGEN_SHAKE,5,0.005875363529083731
GALAXY_SOUNDS,OXYGEN_SHAKE,6,0.0020876948393493007
GALAXY_SOUNDS,OXYGEN_SHAKE,7,-0.006034767330919065
GALAXY_SOUNDS,OXYGEN_SHAKE,8,-0.00829903401686489
GALAXY_SOUNDS,OXYGEN_SHAKE,9,0.007998180096549738
GALAXY_SOUNDS,OXYGEN_SHAKE,10,-0.004837319125945774
GALAXY_SOUNDS,OXYGEN_SHAKE,11,0.0002610280720290222
GALAXY_SOUNDS,OXYGEN_SHAKE,12,0.004000243480930277
GALAXY_SOUNDS,OXYGEN_SHAKE,13,0.006130680265460094
GALAXY_SOUNDS,OXYGEN_SHAKE,14,-0.00251454148319155
GALAXY_SOUNDS,OXYGEN_SHAKE,15,-0.006236633197999191
GALAXY_SOUNDS,OXYGEN_SHAKE,16,-0.005442287437103064
GALAXY_SOUNDS,OXYGEN_SHAKE,17,0.0037587059295729466
GALAXY_SOUNDS,OXYGEN_SHAKE,18,0.010958995665725217
GALAXY_SOUNDS,OXYGEN_SHAKE,19,0.0009675986854447967
GALAXY_SOUNDS,OXYGEN_SHAKE,20,-0.007564340595719712
GALAXY_SOUNDS,OXYGEN_SHAKE,21,0.0023053972391200656
GALAXY_SOUNDS,OXYGEN_SHAKE,22,-0.004082477165924179
GALAXY_SOUNDS,OXYGEN_SHAKE,23,-0.0001829339384738486
GALAXY_SOUNDS,OXYGEN_SHAKE,24,-0.005134382220564671
GALAXY_SOUNDS,OXYGEN_SHAKE,25,-0.0018025463851979895
GALAXY_SOUNDS,OXYGEN_SHAKE,26,0.0006526860248521079
GALAXY_SOUNDS,OXYGEN_SHAKE,27,0.011723029639529068
GALAXY_SOUNDS,OXYGEN_SHAKE,28,0.003450866703673906
GALAXY_SOUNDS,OXYGEN_SHAKE,29,-0.002111118979368481
GALAXY_SOUNDS,OXYGEN_SHAKE,30,0.004331801481109754
GALAXY_SOUNDS,PANEL,-30,-0.0007159681282950416
GALAXY_SOUNDS,PANEL,-29,-0.002921044702930983
GALAXY_SOUNDS,PANEL,-28,0.006125347441813016
GALAXY_SOUNDS,PANEL,-27,0.004182012536236945
GALAXY_SOUNDS,PANEL,-26,-0.008785431297840854
GALAXY_SOUNDS,PANEL,-25,0.005206192360449791
GALAXY_SOUNDS,PANEL,-24,-0.01289846082487843
GALAXY_SOUNDS,PANEL,-23,0.006680250776163195
GALAXY_SOUNDS,PANEL,-22,0.008480285548420575
GALAXY_SOUNDS,PANEL,-21,-0.00833523038514568
GALAXY_SOUNDS,PANEL,-20,0.0018770423399794044
GALAXY_SOUNDS,PANEL,-19,-0.0016417585436812817
GALAXY_SOUNDS,PANEL,-18,0.0015024712817854134
GALAXY_SOUNDS,PANEL,-17,0.0032513402246567426
GALAXY_SOUNDS,PANEL,-16,0.0031109259727822003
GALAXY_SOUNDS,PANEL,-15,0.009745241562635211
GALAXY_SOUNDS,PANEL,-14,-0.0057449068339994495
GALAXY_SOUNDS,PANEL,-13,-0.005009560224192504
GALAXY_SOUNDS,PANEL,-12,0.007656570480522037
GALAXY_SOUNDS,PANEL,-11,-0.002625178796837916
GALAXY_SOUNDS,PANEL,-10,-0.004104217982302759
GALAXY_SOUNDS,PANEL,-9,0.0011614050042240427
GALAXY_SOUNDS,PANEL,-8,0.0010881842302576333
GALAXY_SOUNDS,PANEL,-7,0.006601577270606786
GALAXY_SOUNDS,PANEL,-6,0.0008937523407682382
GALAXY_SOUNDS,PANEL,-5,0.0006758976048202045
GALAXY_SOUNDS,PANEL,-4,-0.004363021550506574
GALAXY_SOUNDS,PANEL,-3,-0.0005092085699029594
GALAXY_SOUNDS,PANEL,-2,0.006515663305204794
GALAXY_SOUNDS,PANEL,-1,-0.019224324952944214
GALAXY_SOUNDS,PANEL,1,-0.012536044284406777
GALAXY_SOUNDS,PANEL,2,-0.0019807232259564265
GALAXY_SOUNDS,PANEL,3,0.0004411392485661382
GALAXY_SOUNDS,PANEL,4,-0.0021621019384792718
GALAXY_SOUNDS,PANEL,5,0.002568982997833955
GALAXY_SOUNDS,PANEL,6,-0.003503444463901921
GALAXY_SOUNDS,PANEL,7,-0.0025143232548506117
GALAXY_SOUNDS,PANEL,8,0.014281359582667687
GALAXY_SOUNDS,PANEL,9,-0.00013398070349443023
GALAXY_SOUNDS,PANEL,10,0.005308426676772029
GALAXY_SOUNDS,PANEL,11,0.0023912355913545723
GALAXY_SOUNDS,PANEL,12,0.0007096973655111873
GALAXY_SOUNDS,PANEL,13,-0.004136760680978127
GALAXY_SOUNDS,PANEL,14,-0.016837673898594828
GALAXY_SOUNDS,PANEL,15,0.008479709139837716
GALAXY_SOUNDS,PANEL,16,-0.0007010555439125586
GALAXY_SOUNDS,PANEL,17,0.004741914429182901
GALAXY_SOUNDS,PANEL,18,0.009165424532892326
GALAXY_SOUNDS,PANEL,19,0.004032758198965882
GALAXY_SOUNDS,PANEL,20,0.000659924530626637
GALAXY_SOUNDS,PANEL,21,-0.0032381302449120846
GALAXY_SOUNDS,PANEL,22,0.0017354970391479398
GALAXY_SOUNDS,PANEL,23,-0.0027824183318669385
GALAXY_SOUNDS,PANEL,24,0.0004556571988459935
GALAXY_SOUNDS,PANEL,25,-0.0031106276300803416
GALAXY_SOUNDS,PANEL,26,-0.0007875066172434841
GALAXY_SOUNDS,PANEL,27,0.005362627289990242
GALAXY_SOUNDS,PANEL,28,-0.007225310574211859
GALAXY_SOUNDS,PANEL,29,-0.0007735382744231547
GALAXY_SOUNDS,PANEL,30,0.003993055352301772
GALAXY_SOUNDS,PEBBLES,-30,-0.0044934518509450565
GALAXY_SOUNDS,PEBBLES,-29,0.0027043125682304253
GALAXY_SOUNDS,PEBBLES,-28,-2.9183549773483247e-05
GALAXY_SOUNDS,PEBBLES,-27,0.005066271309283232
GALAXY_SOUNDS,PEBBLES,-26,-0.002944311443102086
GALAXY_SOUNDS,PEBBLES,-25,-0.003514221719156072
GALAXY_SOUNDS,PEBBLES,-24,0.003737136540835069
GALAXY_SOUNDS,PEBBLES,-23,-0.00536513732783804
GALAXY_SOUNDS,PEBBLES,-22,0.0004869874475724626
GALAXY_SOUNDS,PEBBLES,-21,-0.004792183448861206
GALAXY_SOUNDS,PEBBLES,-20,0.005954653596479013
GALAXY_SOUNDS,PEBBLES,-19,0.004251325790019999
GALAXY_SOUNDS,PEBBLES,-18,-0.007365116178876761
GALAXY_SOUNDS,PEBBLES,-17,0.0025682573071931954
GALAXY_SOUNDS,PEBBLES,-16,-0.0008313357868675186
GALAXY_SOUNDS,PEBBLES,-15,0.004611565064612068
GALAXY_SOUNDS,PEBBLES,-14,-0.007206236367101669
GALAXY_SOUNDS,PEBBLES,-13,0.00582856757769842
GALAXY_SOUNDS,PEBBLES,-12,-0.004255150771298785
GALAXY_SOUNDS,PEBBLES,-11,0.009824627645323807
GALAXY_SOUNDS,PEBBLES,-10,-0.012578930009847238
GALAXY_SOUNDS,PEBBLES,-9,0.009783000318652613
GALAXY_SOUNDS,PEBBLES,-8,-0.002925676474373429
GALAXY_SOUNDS,PEBBLES,-7,-0.0005970947688478704
GALAXY_SOUNDS,PEBBLES,-6,0.002518584934766709
GALAXY_SOUNDS,PEBBLES,-5,-0.006472588536902772
GALAXY_SOUNDS,PEBBLES,-4,0.009528696931051375
GALAXY_SOUNDS,PEBBLES,-3,-0.003154750700046432
GALAXY_SOUNDS,PEBBLES,-2,0.0023589000504383637
GALAXY_SOUNDS,PEBBLES,-1,-0.00731949796657177
GALAXY_SOUNDS,PEBBLES,1,0.0006208930508399804
GALAXY_SOUNDS,PEBBLES,2,0.0017855333641437518
GALAXY_SOUNDS,PEBBLES,3,0.0002428604611796722
GALAXY_SOUNDS,PEBBLES,4,0.0077449876521131986
GALAXY_SOUNDS,PEBBLES,5,-0.011587949756961891
GALAXY_SOUNDS,PEBBLES,6,0.004358107963135839
GALAXY_SOUNDS,PEBBLES,7,0.009684119840730107
GALAXY_SOUNDS,PEBBLES,8,-0.01568683703581059
GALAXY_SOUNDS,PEBBLES,9,0.010903318463590597
GALAXY_SOUNDS,PEBBLES,10,-0.00244072028162408
GALAXY_SOUNDS,PEBBLES,11,-0.002240690216973544
GALAXY_SOUNDS,PEBBLES,12,0.0031884127395212752
GALAXY_SOUNDS,PEBBLES,13,-0.011956505436337736
GALAXY_SOUNDS,PEBBLES,14,0.017021003420911306
GALAXY_SOUNDS,PEBBLES,15,-0.010615764514844264
GALAXY_SOUNDS,PEBBLES,16,0.0049783810934882055
GALAXY_SOUNDS,PEBBLES,17,0.002304913716138938
GALAXY_SOUNDS,PEBBLES,18,-0.005628131759735661
GALAXY_SOUNDS,PEBBLES,19,0.002165216714386255
GALAXY_SOUNDS,PEBBLES,20,-0.0006655978813438618
GALAXY_SOUNDS,PEBBLES,21,0.00035668543185447116
GALAXY_SOUNDS,PEBBLES,22,-0.010372616369143594
GALAXY_SOUNDS,PEBBLES,23,0.01156301341740572
GALAXY_SOUNDS,PEBBLES,24,0.001102002424305453
GALAXY_SOUNDS,PEBBLES,25,-0.0025983941211682815
GALAXY_SOUNDS,PEBBLES,26,0.006816826377532153
GALAXY_SOUNDS,PEBBLES,27,-0.00921276241758772
GALAXY_SOUNDS,PEBBLES,28,0.008543797072120968
GALAXY_SOUNDS,PEBBLES,29,-0.011189418836447506
GALAXY_SOUNDS,PEBBLES,30,0.012895843732039888
GALAXY_SOUNDS,ROBOT,-30,0.0013649944476698825
GALAXY_SOUNDS,ROBOT,-29,-0.005946585570183235
GALAXY_SOUNDS,ROBOT,-28,-0.005444297169460084
GALAXY_SOUNDS,ROBOT,-27,0.004255124542811613
GALAXY_SOUNDS,ROBOT,-26,-0.001282289020402855
GALAXY_SOUNDS,ROBOT,-25,-0.0003112930861714367
GALAXY_SOUNDS,ROBOT,-24,0.0006884909901658986
GALAXY_SOUNDS,ROBOT,-23,0.006307675129276044
GALAXY_SOUNDS,ROBOT,-22,0.003387507409214977
GALAXY_SOUNDS,ROBOT,-21,0.0011386405178095934
GALAXY_SOUNDS,ROBOT,-20,0.0005003998468813267
GALAXY_SOUNDS,ROBOT,-19,-0.003223990549872985
GALAXY_SOUNDS,ROBOT,-18,-0.007963737942151801
GALAXY_SOUNDS,ROBOT,-17,0.003149490459662026
GALAXY_SOUNDS,ROBOT,-16,-0.006509710559742431
GALAXY_SOUNDS,ROBOT,-15,0.0030698277456730053
GALAXY_SOUNDS,ROBOT,-14,-0.007220233714414302
GALAXY_SOUNDS,ROBOT,-13,-0.0014464206968882111
GALAXY_SOUNDS,ROBOT,-12,-0.0005264087408315086
GALAXY_SOUNDS,ROBOT,-11,-0.0031280968886882254
GALAXY_SOUNDS,ROBOT,-10,-0.005211474271011973
GALAXY_SOUNDS,ROBOT,-9,0.004806625845140924
GALAXY_SOUNDS,ROBOT,-8,-0.005772629280405007
GALAXY_SOUNDS,ROBOT,-7,-0.005891735648340273
GALAXY_SOUNDS,ROBOT,-6,-0.0020086235708342815
GALAXY_SOUNDS,ROBOT,-5,0.005350478793809969
GALAXY_SOUNDS,ROBOT,-4,0.001377770040146965
GALAXY_SOUNDS,ROBOT,-3,-0.004791424984855989
GALAXY_SOUNDS,ROBOT,-2,-0.0018428550557116645
GALAXY_SOUNDS,ROBOT,-1,-0.0034924462381646895
GALAXY_SOUNDS,ROBOT,1,-0.0030328961258713687
GALAXY_SOUNDS,ROBOT,2,-0.004357423117586488
GALAXY_SOUNDS,ROBOT,3,-0.005710509678188907
GALAXY_SOUNDS,ROBOT,4,-0.0058081761065954165
GALAXY_SOUNDS,ROBOT,5,0.007933685770011514
GALAXY_SOUNDS,ROBOT,6,-0.002191331676510893
GALAXY_SOUNDS,ROBOT,7,0.0034732820332685752
GALAXY_SOUNDS,ROBOT,8,-0.0001726779432319244
GALAXY_SOUNDS,ROBOT,9,-0.006174259230768822
GALAXY_SOUNDS,ROBOT,10,0.010580774566202088
GALAXY_SOUNDS,ROBOT,11,0.0015275416815859857
GALAXY_SOUNDS,ROBOT,12,-0.005729336200055069
GALAXY_SOUNDS,ROBOT,13,-0.010266368221075472
GALAXY_SOUNDS,ROBOT,14,0.003031727704107687
GALAXY_SOUNDS,ROBOT,15,0.004788545774483894
GALAXY_SOUNDS,ROBOT,16,0.005965476220670597
GALAXY_SOUNDS,ROBOT,17,0.0025407698796356885
GALAXY_SOUNDS,ROBOT,18,-0.0022757392956260355
GALAXY_SOUNDS,ROBOT,19,-0.00043771618958003136
GALAXY_SOUNDS,ROBOT,20,-0.004079070300749216
GALAXY_SOUNDS,ROBOT,21,0.0004358018845942842
GALAXY_SOUNDS,ROBOT,22,-0.006503971372383777
GALAXY_SOUNDS,ROBOT,23,0.0022151955598554056
GALAXY_SOUNDS,ROBOT,24,-0.008892688615183627
GALAXY_SOUNDS,ROBOT,25,0.0036211387371039338
GALAXY_SOUNDS,ROBOT,26,0.001417887370295188
GALAXY_SOUNDS,ROBOT,27,-0.0039170562492304205
GALAXY_SOUNDS,ROBOT,28,0.0033637825680165726
GALAXY_SOUNDS,ROBOT,29,0.00786200625058346
GALAXY_SOUNDS,ROBOT,30,-0.002172507900176075
GALAXY_SOUNDS,SLEEP_POD,-30,-0.005833951929690158
GALAXY_SOUNDS,SLEEP_POD,-29,0.004142242131897488
GALAXY_SOUNDS,SLEEP_POD,-28,-0.0015012641861152456
GALAXY_SOUNDS,SLEEP_POD,-27,-0.008882827626409169
GALAXY_SOUNDS,SLEEP_POD,-26,-0.013486595146363687
GALAXY_SOUNDS,SLEEP_POD,-25,-9.337509374373973e-05
GALAXY_SOUNDS,SLEEP_POD,-24,-0.008176541479218999
GALAXY_SOUNDS,SLEEP_POD,-23,-0.008085741029605529
GALAXY_SOUNDS,SLEEP_POD,-22,-0.0012974497446927578
GALAXY_SOUNDS,SLEEP_POD,-21,-0.0006712941918803715
GALAXY_SOUNDS,SLEEP_POD,-20,0.0069455641694219075
GALAXY_SOUNDS,SLEEP_POD,-19,0.003365367750431894
GALAXY_SOUNDS,SLEEP_POD,-18,-0.006593134384681076
GALAXY_SOUNDS,SLEEP_POD,-17,-0.006627856586151429
GALAXY_SOUNDS,SLEEP_POD,-16,0.005499831661023214
GALAXY_SOUNDS,SLEEP_POD,-15,-0.005416941620673924
GALAXY_SOUNDS,SLEEP_POD,-14,0.004814193946345315
GALAXY_SOUNDS,SLEEP_POD,-13,0.0026130412221009552
GALAXY_SOUNDS,SLEEP_POD,-12,-0.005649429534962793
GALAXY_SOUNDS,SLEEP_POD,-11,-0.0015466453265529196
GALAXY_SOUNDS,SLEEP_POD,-10,-0.0013916832617615334
GALAXY_SOUNDS,SLEEP_POD,-9,0.0021888933325780098
GALAXY_SOUNDS,SLEEP_POD,-8,0.005285476617827905
GALAXY_SOUNDS,SLEEP_POD,-7,0.0011710085081239193
GALAXY_SOUNDS,SLEEP_POD,-6,0.011845948330797648
GALAXY_SOUNDS,SLEEP_POD,-5,-0.00020301897540872207
GALAXY_SOUNDS,SLEEP_POD,-4,-0.0004939968832161869
GALAXY_SOUNDS,SLEEP_POD,-3,0.006508172288400613
GALAXY_SOUNDS,SLEEP_POD,-2,0.0031916364483404276
GALAXY_SOUNDS,SLEEP_POD,-1,-0.010575630423247398
GALAXY_SOUNDS,SLEEP_POD,1,-0.009031340230433721
GALAXY_SOUNDS,SLEEP_POD,2,0.00724077241692605
GALAXY_SOUNDS,SLEEP_POD,3,-0.0012951322505669446
GALAXY_SOUNDS,SLEEP_POD,4,0.005662868361417236
GALAXY_SOUNDS,SLEEP_POD,5,-0.0037319946269143037
GALAXY_SOUNDS,SLEEP_POD,6,0.0019452577623737869
GALAXY_SOUNDS,SLEEP_POD,7,0.0007758560692594186
GALAXY_SOUNDS,SLEEP_POD,8,-0.0058234016886058795
GALAXY_SOUNDS,SLEEP_POD,9,0.005033354966057949
GALAXY_SOUNDS,SLEEP_POD,10,-0.002421180689446296
GALAXY_SOUNDS,SLEEP_POD,11,0.0026913024763927994
GALAXY_SOUNDS,SLEEP_POD,12,-0.004029168593207823
GALAXY_SOUNDS,SLEEP_POD,13,-0.005332267036991928
GALAXY_SOUNDS,SLEEP_POD,14,-0.0004280649045574586
GALAXY_SOUNDS,SLEEP_POD,15,0.0034056416704665786
GALAXY_SOUNDS,SLEEP_POD,16,0.0019696982756118426
GALAXY_SOUNDS,SLEEP_POD,17,0.0010259859977536836
GALAXY_SOUNDS,SLEEP_POD,18,0.004835551869196129
GALAXY_SOUNDS,SLEEP_POD,19,0.0036351178516793197
GALAXY_SOUNDS,SLEEP_POD,20,-0.009281171060911213
GALAXY_SOUNDS,SLEEP_POD,21,-0.0013596276890625709
GALAXY_SOUNDS,SLEEP_POD,22,-0.0010484065408185232
GALAXY_SOUNDS,SLEEP_POD,23,0.0017087135289877815
GALAXY_SOUNDS,SLEEP_POD,24,0.007642660665655608
GALAXY_SOUNDS,SLEEP_POD,25,0.0023594928217998985
GALAXY_SOUNDS,SLEEP_POD,26,0.005402738073826989
GALAXY_SOUNDS,SLEEP_POD,27,-0.0018896737002417924
GALAXY_SOUNDS,SLEEP_POD,28,0.0034214100702953296
GALAXY_SOUNDS,SLEEP_POD,29,-0.0020778847877798447
GALAXY_SOUNDS,SLEEP_POD,30,0.004972238898767077
GALAXY_SOUNDS,SNACKPACK,-30,0.010307304973255093
GALAXY_SOUNDS,SNACKPACK,-29,-0.004097794130244437
GALAXY_SOUNDS,SNACKPACK,-28,0.00160878358609144
GALAXY_SOUNDS,SNACKPACK,-27,-0.006221406871294428
GALAXY_SOUNDS,SNACKPACK,-26,0.010420607310845712
GALAXY_SOUNDS,SNACKPACK,-25,0.003273678771295308
GALAXY_SOUNDS,SNACKPACK,-24,-0.00016995861590093315
GALAXY_SOUNDS,SNACKPACK,-23,0.0002498100800697204
GALAXY_SOUNDS,SNACKPACK,-22,-0.005310879365304737
GALAXY_SOUNDS,SNACKPACK,-21,-0.009904992237099754
GALAXY_SOUNDS,SNACKPACK,-20,0.005754116824359612
GALAXY_SOUNDS,SNACKPACK,-19,-0.0037592000799769767
GALAXY_SOUNDS,SNACKPACK,-18,0.0009463686409095716
GALAXY_SOUNDS,SNACKPACK,-17,-0.007624297969293333
GALAXY_SOUNDS,SNACKPACK,-16,-0.002511688908956304
GALAXY_SOUNDS,SNACKPACK,-15,-0.00957671653398562
GALAXY_SOUNDS,SNACKPACK,-14,0.0036717946144053984
GALAXY_SOUNDS,SNACKPACK,-13,0.00023519217933815179
GALAXY_SOUNDS,SNACKPACK,-12,-0.003017677222790346
GALAXY_SOUNDS,SNACKPACK,-11,0.0024937824925873714
GALAXY_SOUNDS,SNACKPACK,-10,-0.0022697442457436964
GALAXY_SOUNDS,SNACKPACK,-9,0.007813065792527017
GALAXY_SOUNDS,SNACKPACK,-8,-0.01057107013253292
GALAXY_SOUNDS,SNACKPACK,-7,0.007724995709624809
GALAXY_SOUNDS,SNACKPACK,-6,0.00555221079032601
GALAXY_SOUNDS,SNACKPACK,-5,-0.0018508194900692626
GALAXY_SOUNDS,SNACKPACK,-4,-0.0073029307967703
GALAXY_SOUNDS,SNACKPACK,-3,-0.0028359899056748464
GALAXY_SOUNDS,SNACKPACK,-2,0.0023920450621938783
GALAXY_SOUNDS,SNACKPACK,-1,-0.05484447038154241
GALAXY_SOUNDS,SNACKPACK,1,-0.056242051568576125
GALAXY_SOUNDS,SNACKPACK,2,9.920511128496031e-05
GALAXY_SOUNDS,SNACKPACK,3,-0.0028829387147201006
GALAXY_SOUNDS,SNACKPACK,4,-0.005597544021012403
GALAXY_SOUNDS,SNACKPACK,5,0.0038181185104619883
GALAXY_SOUNDS,SNACKPACK,6,-0.0023895172889274088
GALAXY_SOUNDS,SNACKPACK,7,-0.005293802744725787
GALAXY_SOUNDS,SNACKPACK,8,0.0016045483614262905
GALAXY_SOUNDS,SNACKPACK,9,0.0012175235949547947
GALAXY_SOUNDS,SNACKPACK,10,-0.0012501162914608896
GALAXY_SOUNDS,SNACKPACK,11,0.00198332975471111
GALAXY_SOUNDS,SNACKPACK,12,-0.005677270440966447
GALAXY_SOUNDS,SNACKPACK,13,0.009184738514506253
GALAXY_SOUNDS,SNACKPACK,14,-0.015476145922408029
GALAXY_SOUNDS,SNACKPACK,15,0.0039040999878142556
GALAXY_SOUNDS,SNACKPACK,16,-0.006178692811271129
GALAXY_SOUNDS,SNACKPACK,17,-0.0004390492704077115
GALAXY_SOUNDS,SNACKPACK,18,0.002668090160665363
GALAXY_SOUNDS,SNACKPACK,19,0.013198465176271922
GALAXY_SOUNDS,SNACKPACK,20,-0.002194501553382788
GALAXY_SOUNDS,SNACKPACK,21,-0.0042420148437604015
GALAXY_SOUNDS,SNACKPACK,22,-0.001907977039320252
GALAXY_SOUNDS,SNACKPACK,23,-0.002307999578709335
GALAXY_SOUNDS,SNACKPACK,24,0.0004041070745407346
GALAXY_SOUNDS,SNACKPACK,25,-0.004264849750215737
GALAXY_SOUNDS,SNACKPACK,26,-0.006116160293069589
GALAXY_SOUNDS,SNACKPACK,27,-0.010864270106534159
GALAXY_SOUNDS,SNACKPACK,28,-0.0010131840940368452
GALAXY_SOUNDS,SNACKPACK,29,0.007365142104440685
GALAXY_SOUNDS,SNACKPACK,30,0.00745107553485741
GALAXY_SOUNDS,TRANSLATOR,-30,0.004591648185442957
GALAXY_SOUNDS,TRANSLATOR,-29,-0.007706774083787009
GALAXY_SOUNDS,TRANSLATOR,-28,0.00472669840590696
GALAXY_SOUNDS,TRANSLATOR,-27,-0.005546485509155223
GALAXY_SOUNDS,TRANSLATOR,-26,0.006814004111348349
GALAXY_SOUNDS,TRANSLATOR,-25,-0.004584402210758047
GALAXY_SOUNDS,TRANSLATOR,-24,-0.006891444964323021
GALAXY_SOUNDS,TRANSLATOR,-23,-0.0060563725308438515
GALAXY_SOUNDS,TRANSLATOR,-22,-0.0026058653299473222
GALAXY_SOUNDS,TRANSLATOR,-21,-0.003891101830732004
GALAXY_SOUNDS,TRANSLATOR,-20,0.002434147155115369
GALAXY_SOUNDS,TRANSLATOR,-19,0.00645116357917056
GALAXY_SOUNDS,TRANSLATOR,-18,0.002942184360426521
GALAXY_SOUNDS,TRANSLATOR,-17,0.004540335921758178
GALAXY_SOUNDS,TRANSLATOR,-16,-0.014737291619209083
GALAXY_SOUNDS,TRANSLATOR,-15,-0.004229486641282232
GALAXY_SOUNDS,TRANSLATOR,-14,0.002389941827542272
GALAXY_SOUNDS,TRANSLATOR,-13,0.009836741173614065
GALAXY_SOUNDS,TRANSLATOR,-12,-0.0035287708430589808
GALAXY_SOUNDS,TRANSLATOR,-11,0.0041333089670999735
GALAXY_SOUNDS,TRANSLATOR,-10,0.006324283344602958
GALAXY_SOUNDS,TRANSLATOR,-9,0.0006066942446264509
GALAXY_SOUNDS,TRANSLATOR,-8,0.004606516797747343
GALAXY_SOUNDS,TRANSLATOR,-7,-0.004902046504485108
GALAXY_SOUNDS,TRANSLATOR,-6,-0.0013179420361982956
GALAXY_SOUNDS,TRANSLATOR,-5,0.0008804113475410779
GALAXY_SOUNDS,TRANSLATOR,-4,0.0003626255014022423
GALAXY_SOUNDS,TRANSLATOR,-3,-0.011336945270776132
GALAXY_SOUNDS,TRANSLATOR,-2,0.0030837606724577775
GALAXY_SOUNDS,TRANSLATOR,-1,-0.025421814969504037
GALAXY_SOUNDS,TRANSLATOR,1,-0.008432199920590959
GALAXY_SOUNDS,TRANSLATOR,2,-0.00336376169312333
GALAXY_SOUNDS,TRANSLATOR,3,-0.0016823766972126186
GALAXY_SOUNDS,TRANSLATOR,4,0.0019194488564901714
GALAXY_SOUNDS,TRANSLATOR,5,0.006184572374743621
GALAXY_SOUNDS,TRANSLATOR,6,-0.012861930467546896
GALAXY_SOUNDS,TRANSLATOR,7,-0.005807645394900807
GALAXY_SOUNDS,TRANSLATOR,8,0.0036979937882265475
GALAXY_SOUNDS,TRANSLATOR,9,0.005153835449654865
GALAXY_SOUNDS,TRANSLATOR,10,-0.004530924206305094
GALAXY_SOUNDS,TRANSLATOR,11,0.008819997398922785
GALAXY_SOUNDS,TRANSLATOR,12,-0.013812293476935526
GALAXY_SOUNDS,TRANSLATOR,13,0.0032461687862336977
GALAXY_SOUNDS,TRANSLATOR,14,-0.0005599719913894528
GALAXY_SOUNDS,TRANSLATOR,15,-0.008679559537528083
GALAXY_SOUNDS,TRANSLATOR,16,0.0025875564740321213
GALAXY_SOUNDS,TRANSLATOR,17,0.008645797745800031
GALAXY_SOUNDS,TRANSLATOR,18,-0.004307572049733956
GALAXY_SOUNDS,TRANSLATOR,19,0.0015626566276107645
GALAXY_SOUNDS,TRANSLATOR,20,-0.003299577942485393
GALAXY_SOUNDS,TRANSLATOR,21,-0.0065914719115248354
GALAXY_SOUNDS,TRANSLATOR,22,-0.002085911841646261
GALAXY_SOUNDS,TRANSLATOR,23,-0.00245935136107627
GALAXY_SOUNDS,TRANSLATOR,24,0.013541940897628156
GALAXY_SOUNDS,TRANSLATOR,25,-0.005316814476159781
GALAXY_SOUNDS,TRANSLATOR,26,-0.003816221169697953
GALAXY_SOUNDS,TRANSLATOR,27,-0.004059615414804233
GALAXY_SOUNDS,TRANSLATOR,28,-0.0015123766068589452
GALAXY_SOUNDS,TRANSLATOR,29,0.0030206120524638893
GALAXY_SOUNDS,TRANSLATOR,30,-0.0053706266975864815
GALAXY_SOUNDS,UV_VISOR,-30,0.0023718006796455905
GALAXY_SOUNDS,UV_VISOR,-29,0.007075095097643311
GALAXY_SOUNDS,UV_VISOR,-28,0.004381141113474032
GALAXY_SOUNDS,UV_VISOR,-27,-0.004980244306128186
GALAXY_SOUNDS,UV_VISOR,-26,-0.002201164416449141
GALAXY_SOUNDS,UV_VISOR,-25,-0.009952440001746625
GALAXY_SOUNDS,UV_VISOR,-24,0.00402965997418757
GALAXY_SOUNDS,UV_VISOR,-23,-8.60069748969355e-05
GALAXY_SOUNDS,UV_VISOR,-22,-0.0058059558058312375
GALAXY_SOUNDS,UV_VISOR,-21,0.0006030602612608002
GALAXY_SOUNDS,UV_VISOR,-20,-0.003521077322979334
GALAXY_SOUNDS,UV_VISOR,-19,-0.0019077578915344844
GALAXY_SOUNDS,UV_VISOR,-18,-0.005544221119076556
GALAXY_SOUNDS,UV_VISOR,-17,-0.006366815533101538
GALAXY_SOUNDS,UV_VISOR,-16,-0.005138964682602845
GALAXY_SOUNDS,UV_VISOR,-15,0.0039884061389008
GALAXY_SOUNDS,UV_VISOR,-14,0.01613370380924789
GALAXY_SOUNDS,UV_VISOR,-13,0.005733438013023986
GALAXY_SOUNDS,UV_VISOR,-12,-0.00647692116318452
GALAXY_SOUNDS,UV_VISOR,-11,-0.00581464610529019
GALAXY_SOUNDS,UV_VISOR,-10,0.008565521225236345
GALAXY_SOUNDS,UV_VISOR,-9,-0.008825101924503701
GALAXY_SOUNDS,UV_VISOR,-8,0.0022819651360535998
GALAXY_SOUNDS,UV_VISOR,-7,0.0005657212731945321
GALAXY_SOUNDS,UV_VISOR,-6,-0.0010866384459476892
GALAXY_SOUNDS,UV_VISOR,-5,-0.004807356695178218
GALAXY_SOUNDS,UV_VISOR,-4,0.004642485764830025
GALAXY_SOUNDS,UV_VISOR,-3,-0.00643655132977186
GALAXY_SOUNDS,UV_VISOR,-2,0.008695495720757843
GALAXY_SOUNDS,UV_VISOR,-1,-0.013808426202062895
GALAXY_SOUNDS,UV_VISOR,1,-0.007306438283326347
GALAXY_SOUNDS,UV_VISOR,2,0.001237979338620492
GALAXY_SOUNDS,UV_VISOR,3,-0.017117822649776352
GALAXY_SOUNDS,UV_VISOR,4,0.004772726710441797
GALAXY_SOUNDS,UV_VISOR,5,0.002108181545143446
GALAXY_SOUNDS,UV_VISOR,6,0.0035629615840497572
GALAXY_SOUNDS,UV_VISOR,7,0.010898406483153752
GALAXY_SOUNDS,UV_VISOR,8,-0.009057086630955155
GALAXY_SOUNDS,UV_VISOR,9,-0.0011504458142189778
GALAXY_SOUNDS,UV_VISOR,10,0.006575222896299735
GALAXY_SOUNDS,UV_VISOR,11,0.00398820445788005
GALAXY_SOUNDS,UV_VISOR,12,-0.004007500138190375
GALAXY_SOUNDS,UV_VISOR,13,0.01285526688037832
GALAXY_SOUNDS,UV_VISOR,14,-0.0014371688010700028
GALAXY_SOUNDS,UV_VISOR,15,-0.0025128072412633077
GALAXY_SOUNDS,UV_VISOR,16,-0.006763633017930317
GALAXY_SOUNDS,UV_VISOR,17,-0.003520901017375069
GALAXY_SOUNDS,UV_VISOR,18,0.0008674334301921015
GALAXY_SOUNDS,UV_VISOR,19,0.0034179762437456023
GALAXY_SOUNDS,UV_VISOR,20,-0.0112172761825818
GALAXY_SOUNDS,UV_VISOR,21,0.005636170616562691
GALAXY_SOUNDS,UV_VISOR,22,-0.0015980792486318081
GALAXY_SOUNDS,UV_VISOR,23,0.0023183244723189284
GALAXY_SOUNDS,UV_VISOR,24,-0.004208970995461159
GALAXY_SOUNDS,UV_VISOR,25,-0.005678938632817221
GALAXY_SOUNDS,UV_VISOR,26,0.003180196465420774
GALAXY_SOUNDS,UV_VISOR,27,-0.007435692626206812
GALAXY_SOUNDS,UV_VISOR,28,-0.005409199701039407
GALAXY_SOUNDS,UV_VISOR,29,-0.00037031342806925587
GALAXY_SOUNDS,UV_VISOR,30,0.003537599934042775
MICROCHIP,GALAXY_SOUNDS,-30,-0.008792506052983163
MICROCHIP,GALAXY_SOUNDS,-29,0.0052457513402260686
MICROCHIP,GALAXY_SOUNDS,-28,-0.00575339210732518
MICROCHIP,GALAXY_SOUNDS,-27,-0.006547171032773397
MICROCHIP,GALAXY_SOUNDS,-26,0.002392296726282806
MICROCHIP,GALAXY_SOUNDS,-25,0.008526547964281182
MICROCHIP,GALAXY_SOUNDS,-24,-0.00252890490532829
MICROCHIP,GALAXY_SOUNDS,-23,0.004534952697231399
MICROCHIP,GALAXY_SOUNDS,-22,0.004198918402106291
MICROCHIP,GALAXY_SOUNDS,-21,-0.007049388831139966
MICROCHIP,GALAXY_SOUNDS,-20,-0.00292974830178736
MICROCHIP,GALAXY_SOUNDS,-19,0.0037673689542260013
MICROCHIP,GALAXY_SOUNDS,-18,-0.00941922135795863
MICROCHIP,GALAXY_SOUNDS,-17,-0.0010203866455050468
MICROCHIP,GALAXY_SOUNDS,-16,0.0047064923778409925
MICROCHIP,GALAXY_SOUNDS,-15,0.00965197633900383
MICROCHIP,GALAXY_SOUNDS,-14,-0.0042407968654079925
MICROCHIP,GALAXY_SOUNDS,-13,-0.001691764825958634
MICROCHIP,GALAXY_SOUNDS,-12,-0.006269780439409192
MICROCHIP,GALAXY_SOUNDS,-11,-5.007568594417618e-05
MICROCHIP,GALAXY_SOUNDS,-10,-0.007496087626965302
MICROCHIP,GALAXY_SOUNDS,-9,-0.004789369771286138
MICROCHIP,GALAXY_SOUNDS,-8,-0.001755677530312294
MICROCHIP,GALAXY_SOUNDS,-7,0.001080816752238922
MICROCHIP,GALAXY_SOUNDS,-6,0.00045828387912028387
MICROCHIP,GALAXY_SOUNDS,-5,0.00802514232194703
MICROCHIP,GALAXY_SOUNDS,-4,-0.0010652193878296363
MICROCHIP,GALAXY_SOUNDS,-3,-0.0005112453439122596
MICROCHIP,GALAXY_SOUNDS,-2,0.004288639641603505
MICROCHIP,GALAXY_SOUNDS,-1,-0.0018535853311334948
MICROCHIP,GALAXY_SOUNDS,1,0.003696052997497854
MICROCHIP,GALAXY_SOUNDS,2,0.004556252256307948
MICROCHIP,GALAXY_SOUNDS,3,-0.0038445255952334234
MICROCHIP,GALAXY_SOUNDS,4,-0.0022720698987602366
MICROCHIP,GALAXY_SOUNDS,5,0.004310447479906816
MICROCHIP,GALAXY_SOUNDS,6,0.013806573198788493
MICROCHIP,GALAXY_SOUNDS,7,-0.0066455102889545975
MICROCHIP,GALAXY_SOUNDS,8,0.007312969696252254
MICROCHIP,GALAXY_SOUNDS,9,0.01104188854498671
MICROCHIP,GALAXY_SOUNDS,10,-0.0003346731655038884
MICROCHIP,GALAXY_SOUNDS,11,-0.007153654294500068
MICROCHIP,GALAXY_SOUNDS,12,0.0016540735789761572
MICROCHIP,GALAXY_SOUNDS,13,0.012858173787685586
MICROCHIP,GALAXY_SOUNDS,14,0.0035611135515872185
MICROCHIP,GALAXY_SOUNDS,15,0.0010379840441477408
MICROCHIP,GALAXY_SOUNDS,16,0.00042387703695887674
MICROCHIP,GALAXY_SOUNDS,17,-0.001305588871483904
MICROCHIP,GALAXY_SOUNDS,18,0.0022976035340227
MICROCHIP,GALAXY_SOUNDS,19,-0.0014304478594763445
MICROCHIP,GALAXY_SOUNDS,20,-0.0021077776911691405
MICROCHIP,GALAXY_SOUNDS,21,0.002022131858157321
MICROCHIP,GALAXY_SOUNDS,22,0.0010440757301225768
MICROCHIP,GALAXY_SOUNDS,23,-0.009506496340780353
MICROCHIP,GALAXY_SOUNDS,24,-0.006612490813723693
MICROCHIP,GALAXY_SOUNDS,25,-0.0033408821723706636
MICROCHIP,GALAXY_SOUNDS,26,0.009083445954190125
MICROCHIP,GALAXY_SOUNDS,27,0.005228887957162333
MICROCHIP,GALAXY_SOUNDS,28,-0.009916764432784974
MICROCHIP,GALAXY_SOUNDS,29,-0.001424809129291702
MICROCHIP,GALAXY_SOUNDS,30,-0.003994031815420498
MICROCHIP,OXYGEN_SHAKE,-30,-0.0026786700849743116
MICROCHIP,OXYGEN_SHAKE,-29,0.004474910002932091
MICROCHIP,OXYGEN_SHAKE,-28,0.0034571328192395945
MICROCHIP,OXYGEN_SHAKE,-27,-0.00034587614362641546
MICROCHIP,OXYGEN_SHAKE,-26,0.0011722400784075686
MICROCHIP,OXYGEN_SHAKE,-25,-0.0027858884544491383
MICROCHIP,OXYGEN_SHAKE,-24,-0.013979984729921286
MICROCHIP,OXYGEN_SHAKE,-23,0.004174978563541286
MICROCHIP,OXYGEN_SHAKE,-22,-0.006538333030791354
MICROCHIP,OXYGEN_SHAKE,-21,-0.007837236574125276
MICROCHIP,OXYGEN_SHAKE,-20,-0.0011996690324483214
MICROCHIP,OXYGEN_SHAKE,-19,0.002361980999036887
MICROCHIP,OXYGEN_SHAKE,-18,-0.009531316443027772
MICROCHIP,OXYGEN_SHAKE,-17,-0.0005247728700959849
MICROCHIP,OXYGEN_SHAKE,-16,-0.0008993228656901411
MICROCHIP,OXYGEN_SHAKE,-15,-0.006051663284376096
MICROCHIP,OXYGEN_SHAKE,-14,-0.005230625708250249
MICROCHIP,OXYGEN_SHAKE,-13,0.009301261969680225
MICROCHIP,OXYGEN_SHAKE,-12,-0.00326016328872327
MICROCHIP,OXYGEN_SHAKE,-11,0.003621534987914521
MICROCHIP,OXYGEN_SHAKE,-10,0.00038798679949965365
MICROCHIP,OXYGEN_SHAKE,-9,-0.002267947666078039
MICROCHIP,OXYGEN_SHAKE,-8,0.003826818016411593
MICROCHIP,OXYGEN_SHAKE,-7,-0.0018550524059692995
MICROCHIP,OXYGEN_SHAKE,-6,-0.004118505199480557
MICROCHIP,OXYGEN_SHAKE,-5,-0.0005233183514090952
MICROCHIP,OXYGEN_SHAKE,-4,-0.002931492247706043
MICROCHIP,OXYGEN_SHAKE,-3,-0.002953094188502077
MICROCHIP,OXYGEN_SHAKE,-2,0.004879206016670327
MICROCHIP,OXYGEN_SHAKE,-1,-0.0036635472857766663
MICROCHIP,OXYGEN_SHAKE,1,0.009633672345395606
MICROCHIP,OXYGEN_SHAKE,2,0.007099841568059879
MICROCHIP,OXYGEN_SHAKE,3,-0.0017668443334039976
MICROCHIP,OXYGEN_SHAKE,4,0.001156399186043761
MICROCHIP,OXYGEN_SHAKE,5,0.005423983354879157
MICROCHIP,OXYGEN_SHAKE,6,-0.0030873730718475097
MICROCHIP,OXYGEN_SHAKE,7,0.0011707986413159242
MICROCHIP,OXYGEN_SHAKE,8,0.0019866437885862954
MICROCHIP,OXYGEN_SHAKE,9,-0.00321494368462148
MICROCHIP,OXYGEN_SHAKE,10,-0.0019889293969356588
MICROCHIP,OXYGEN_SHAKE,11,-0.006650787939254038
MICROCHIP,OXYGEN_SHAKE,12,-0.0007669181750052514
MICROCHIP,OXYGEN_SHAKE,13,0.0023177447309153812
MICROCHIP,OXYGEN_SHAKE,14,0.004378014220017456
MICROCHIP,OXYGEN_SHAKE,15,-0.012129466582991964
MICROCHIP,OXYGEN_SHAKE,16,0.004168503949823185
MICROCHIP,OXYGEN_SHAKE,17,0.011123756241002215
MICROCHIP,OXYGEN_SHAKE,18,0.008534982749726697
MICROCHIP,OXYGEN_SHAKE,19,0.00349518120738973
MICROCHIP,OXYGEN_SHAKE,20,0.006030839230857284
MICROCHIP,OXYGEN_SHAKE,21,0.0035055808406063505
MICROCHIP,OXYGEN_SHAKE,22,0.007635200626227674
MICROCHIP,OXYGEN_SHAKE,23,0.0069136892267030675
MICROCHIP,OXYGEN_SHAKE,24,-0.002901954249373494
MICROCHIP,OXYGEN_SHAKE,25,-0.005627913156434412
MICROCHIP,OXYGEN_SHAKE,26,0.005535347761358336
MICROCHIP,OXYGEN_SHAKE,27,0.007644887263450169
MICROCHIP,OXYGEN_SHAKE,28,-0.002237308137544612
MICROCHIP,OXYGEN_SHAKE,29,-0.003706109097317949
MICROCHIP,OXYGEN_SHAKE,30,0.0011218298577747921
MICROCHIP,PANEL,-30,0.0007474991900937125
MICROCHIP,PANEL,-29,-0.004870507536555653
MICROCHIP,PANEL,-28,0.004753952214039718
MICROCHIP,PANEL,-27,0.003411441386395948
MICROCHIP,PANEL,-26,0.0016954152719516054
MICROCHIP,PANEL,-25,-0.003125399550929031
MICROCHIP,PANEL,-24,0.008091678009831196
MICROCHIP,PANEL,-23,-0.00933212224023927
MICROCHIP,PANEL,-22,0.0030699017993266395
MICROCHIP,PANEL,-21,-0.0032441489960154104
MICROCHIP,PANEL,-20,0.003224080593809093
MICROCHIP,PANEL,-19,-0.0081014753344299
MICROCHIP,PANEL,-18,0.007976439121871792
MICROCHIP,PANEL,-17,-0.004190560562403406
MICROCHIP,PANEL,-16,0.003210813255065041
MICROCHIP,PANEL,-15,-0.00437047964804745
MICROCHIP,PANEL,-14,-0.005717352694670052
MICROCHIP,PANEL,-13,0.005401460627923913
MICROCHIP,PANEL,-12,0.0115364546539072
MICROCHIP,PANEL,-11,-0.004384921889029948
MICROCHIP,PANEL,-10,-0.00019800924859925912
MICROCHIP,PANEL,-9,0.010752923650925192
MICROCHIP,PANEL,-8,-0.0006110799470382289
MICROCHIP,PANEL,-7,0.00414597157857891
MICROCHIP,PANEL,-6,-0.0021138563998959643
MICROCHIP,PANEL,-5,-0.003865458524407873
MICROCHIP,PANEL,-4,-0.0053494225966384396
MICROCHIP,PANEL,-3,-0.005349346203788833
MICROCHIP,PANEL,-2,0.0009647137303594014
MICROCHIP,PANEL,-1,-0.0031163335778232135
MICROCHIP,PANEL,1,-0.00044508206671776333
MICROCHIP,PANEL,2,0.0047960984755706345
MICROCHIP,PANEL,3,0.009247795225386896
MICROCHIP,PANEL,4,0.0028487973243415243
MICROCHIP,PANEL,5,-0.009044203080814014
MICROCHIP,PANEL,6,-0.0033295187183794224
MICROCHIP,PANEL,7,-0.004153531364603082
MICROCHIP,PANEL,8,0.0012644409801961375
MICROCHIP,PANEL,9,0.007346902830506553
MICROCHIP,PANEL,10,0.00029163976180807463
MICROCHIP,PANEL,11,0.0014883999874767606
MICROCHIP,PANEL,12,-0.0019168691423244314
MICROCHIP,PANEL,13,0.000588089449415228
MICROCHIP,PANEL,14,-0.002706595105407964
MICROCHIP,PANEL,15,-0.009486130393739517
MICROCHIP,PANEL,16,0.005489290107134954
MICROCHIP,PANEL,17,-0.014460443054690445
MICROCHIP,PANEL,18,-0.002844976910104504
MICROCHIP,PANEL,19,0.002583912613790617
MICROCHIP,PANEL,20,0.006317724379759749
MICROCHIP,PANEL,21,-0.0012169834591696552
MICROCHIP,PANEL,22,-0.00420675609925826
MICROCHIP,PANEL,23,-0.005019947888105062
MICROCHIP,PANEL,24,0.0018173222901628032
MICROCHIP,PANEL,25,-0.0030904221373191675
MICROCHIP,PANEL,26,0.007878768066729443
MICROCHIP,PANEL,27,0.0031280773856972592
MICROCHIP,PANEL,28,-0.0046841613187431005
MICROCHIP,PANEL,29,-0.008143984384942335
MICROCHIP,PANEL,30,6.151096226583036e-05
MICROCHIP,PEBBLES,-30,-0.005889028367213388
MICROCHIP,PEBBLES,-29,-0.0057702225356041905
MICROCHIP,PEBBLES,-28,0.010051348538842436
MICROCHIP,PEBBLES,-27,-0.0007926886129807951
MICROCHIP,PEBBLES,-26,-0.0029398603846928764
MICROCHIP,PEBBLES,-25,0.006792727607165501
MICROCHIP,PEBBLES,-24,-0.004052274963186394
MICROCHIP,PEBBLES,-23,0.002363029366983442
MICROCHIP,PEBBLES,-22,-0.00010617214401129714
MICROCHIP,PEBBLES,-21,-0.0009236668302606189
MICROCHIP,PEBBLES,-20,-0.009024599500746657
MICROCHIP,PEBBLES,-19,0.0018460056364945467
MICROCHIP,PEBBLES,-18,0.007296761167527309
MICROCHIP,PEBBLES,-17,-0.0037739799793756815
MICROCHIP,PEBBLES,-16,0.00203752671218175
MICROCHIP,PEBBLES,-15,-0.006836915641293885
MICROCHIP,PEBBLES,-14,0.013460033755730443
MICROCHIP,PEBBLES,-13,-0.002623253387690589
MICROCHIP,PEBBLES,-12,-0.0068920343454658434
MICROCHIP,PEBBLES,-11,0.000199143630638413
MICROCHIP,PEBBLES,-10,0.0005075489546269048
MICROCHIP,PEBBLES,-9,-0.0022707235800534195
MICROCHIP,PEBBLES,-8,0.0035692723946841184
MICROCHIP,PEBBLES,-7,0.005137979428538115
MICROCHIP,PEBBLES,-6,-0.0021241040433213534
MICROCHIP,PEBBLES,-5,-0.005689469543051543
MICROCHIP,PEBBLES,-4,-0.0022279608697972834
MICROCHIP,PEBBLES,-3,0.005327402874356604
MICROCHIP,PEBBLES,-2,-0.00030753707961472164
MICROCHIP,PEBBLES,-1,-0.00020605922696789023
MICROCHIP,PEBBLES,1,-0.0035548692763285815
MICROCHIP,PEBBLES,2,0.00912423331563833
MICROCHIP,PEBBLES,3,-0.007547596696560052
MICROCHIP,PEBBLES,4,0.008793934994725354
MICROCHIP,PEBBLES,5,-0.009165536662028333
MICROCHIP,PEBBLES,6,-0.0036439339468547194
MICROCHIP,PEBBLES,7,0.003280278283630523
MICROCHIP,PEBBLES,8,0.0037857156936279466
MICROCHIP,PEBBLES,9,0.0035447085842884468
MICROCHIP,PEBBLES,10,-0.008374628485815098
MICROCHIP,PEBBLES,11,0.005193589371709123
MICROCHIP,PEBBLES,12,-0.0018796474450639444
MICROCHIP,PEBBLES,13,-7.567438896563068e-05
MICROCHIP,PEBBLES,14,-0.0023277072925537547
MICROCHIP,PEBBLES,15,0.00430615186261551
MICROCHIP,PEBBLES,16,-0.004346398841261674
MICROCHIP,PEBBLES,17,-0.004014902125958529
MICROCHIP,PEBBLES,18,0.009622994370623843
MICROCHIP,PEBBLES,19,-0.0034434998708731163
MICROCHIP,PEBBLES,20,0.004152803881764572
MICROCHIP,PEBBLES,21,-0.00994418770456382
MICROCHIP,PEBBLES,22,-0.0006909661472769462
MICROCHIP,PEBBLES,23,0.009497844484022966
MICROCHIP,PEBBLES,24,0.0007279449028323248
MICROCHIP,PEBBLES,25,7.653991503458628e-05
MICROCHIP,PEBBLES,26,-0.0031298159538332166
MICROCHIP,PEBBLES,27,0.003577252884360876
MICROCHIP,PEBBLES,28,-0.0030262908500398216
MICROCHIP,PEBBLES,29,-0.0019393938938398589
MICROCHIP,PEBBLES,30,0.0014453317545667225
MICROCHIP,ROBOT,-30,0.0010350102328785043
MICROCHIP,ROBOT,-29,4.932890170502884e-05
MICROCHIP,ROBOT,-28,0.0008031445678679912
MICROCHIP,ROBOT,-27,0.008535971590022763
MICROCHIP,ROBOT,-26,-0.006558388728958175
MICROCHIP,ROBOT,-25,0.007531377177793179
MICROCHIP,ROBOT,-24,-0.005069913723373079
MICROCHIP,ROBOT,-23,0.0019009080290701209
MICROCHIP,ROBOT,-22,-0.011322303360202698
MICROCHIP,ROBOT,-21,-0.0002876430555487274
MICROCHIP,ROBOT,-20,0.00403483666712337
MICROCHIP,ROBOT,-19,-0.0003229875437005156
MICROCHIP,ROBOT,-18,-0.010042630814486973
MICROCHIP,ROBOT,-17,-0.0019741524259495307
MICROCHIP,ROBOT,-16,3.48079865500934e-05
MICROCHIP,ROBOT,-15,-0.00022607697604048115
MICROCHIP,ROBOT,-14,0.013778851857208976
MICROCHIP,ROBOT,-13,0.008057499351831645
MICROCHIP,ROBOT,-12,0.00017605575817577064
MICROCHIP,ROBOT,-11,0.00034143858999460407
MICROCHIP,ROBOT,-10,0.0014980852045503586
MICROCHIP,ROBOT,-9,0.0005053516313102751
MICROCHIP,ROBOT,-8,-0.0020117171719595617
MICROCHIP,ROBOT,-7,-0.006767738563632367
MICROCHIP,ROBOT,-6,-0.0006996826145653674
MICROCHIP,ROBOT,-5,0.0010790801302716017
MICROCHIP,ROBOT,-4,0.005627878019975394
MICROCHIP,ROBOT,-3,0.007472608718141417
MICROCHIP,ROBOT,-2,-0.007553090216292829
MICROCHIP,ROBOT,-1,-0.004703029844373501
MICROCHIP,ROBOT,1,0.0022658386226692986
MICROCHIP,ROBOT,2,0.002623936974194655
MICROCHIP,ROBOT,3,-0.003011800233292473
MICROCHIP,ROBOT,4,0.009837249780136512
MICROCHIP,ROBOT,5,-0.0016365129011552703
MICROCHIP,ROBOT,6,-0.0035367996943724196
MICROCHIP,ROBOT,7,-0.0016079749847742603
MICROCHIP,ROBOT,8,0.003797825885639306
MICROCHIP,ROBOT,9,-0.004128315907671902
MICROCHIP,ROBOT,10,-0.002533306374703197
MICROCHIP,ROBOT,11,-0.00399818121850257
MICROCHIP,ROBOT,12,-0.005575134816013697
MICROCHIP,ROBOT,13,0.005562896212483977
MICROCHIP,ROBOT,14,-0.007818525796518481
MICROCHIP,ROBOT,15,0.006605681341611292
MICROCHIP,ROBOT,16,-0.002746336266475611
MICROCHIP,ROBOT,17,0.0038422709860797665
MICROCHIP,ROBOT,18,0.0009992549188657701
MICROCHIP,ROBOT,19,-0.0016349400784911581
MICROCHIP,ROBOT,20,-0.007477260405161868
MICROCHIP,ROBOT,21,0.007940170196926305
MICROCHIP,ROBOT,22,-0.004770148143580103
MICROCHIP,ROBOT,23,-0.0010223441564080047
MICROCHIP,ROBOT,24,0.0024333010525485373
MICROCHIP,ROBOT,25,-0.013093118900189596
MICROCHIP,ROBOT,26,0.00348136134094864
MICROCHIP,ROBOT,27,0.005259247161117857
MICROCHIP,ROBOT,28,-0.0001974043834340479
MICROCHIP,ROBOT,29,-0.000464913919191739
MICROCHIP,ROBOT,30,-0.0009792715210945073
MICROCHIP,SLEEP_POD,-30,0.006716340630134401
MICROCHIP,SLEEP_POD,-29,0.012850690517073283
MICROCHIP,SLEEP_POD,-28,-0.0068132368834641
MICROCHIP,SLEEP_POD,-27,6.735555693296488e-05
MICROCHIP,SLEEP_POD,-26,-0.008019330187637463
MICROCHIP,SLEEP_POD,-25,0.002886396160173091
MICROCHIP,SLEEP_POD,-24,0.005200776066669397
MICROCHIP,SLEEP_POD,-23,0.00020286613675417394
MICROCHIP,SLEEP_POD,-22,-0.004614671330261875
MICROCHIP,SLEEP_POD,-21,-0.0008717413381044132
MICROCHIP,SLEEP_POD,-20,0.0029395999035449916
MICROCHIP,SLEEP_POD,-19,0.001044921338410933
MICROCHIP,SLEEP_POD,-18,0.0033626632591760965
MICROCHIP,SLEEP_POD,-17,-0.009912627463070877
MICROCHIP,SLEEP_POD,-16,-0.005528058710221191
MICROCHIP,SLEEP_POD,-15,-0.008314557165112379
MICROCHIP,SLEEP_POD,-14,-0.009553351168499091
MICROCHIP,SLEEP_POD,-13,0.0017405701186057386
MICROCHIP,SLEEP_POD,-12,-0.002476696753932929
MICROCHIP,SLEEP_POD,-11,0.010058085199191236
MICROCHIP,SLEEP_POD,-10,-0.0015152800766571545
MICROCHIP,SLEEP_POD,-9,0.004849949517671097
MICROCHIP,SLEEP_POD,-8,-0.0017410218918831363
MICROCHIP,SLEEP_POD,-7,0.005115822922354274
MICROCHIP,SLEEP_POD,-6,0.0040663827095861
MICROCHIP,SLEEP_POD,-5,0.0043166341118410076
MICROCHIP,SLEEP_POD,-4,-0.0019301556495579623
MICROCHIP,SLEEP_POD,-3,0.0052254724442842605
MICROCHIP,SLEEP_POD,-2,-0.00790521885760272
MICROCHIP,SLEEP_POD,-1,0.0029579734157734188
MICROCHIP,SLEEP_POD,1,0.008878072455175738
MICROCHIP,SLEEP_POD,2,0.002407582109007958
MICROCHIP,SLEEP_POD,3,0.003483113583204671
MICROCHIP,SLEEP_POD,4,-0.005252765471448457
MICROCHIP,SLEEP_POD,5,-0.00508769011321799
MICROCHIP,SLEEP_POD,6,-0.007814318380360338
MICROCHIP,SLEEP_POD,7,0.002343311411361982
MICROCHIP,SLEEP_POD,8,-0.009014863964540798
MICROCHIP,SLEEP_POD,9,0.002605763443068988
MICROCHIP,SLEEP_POD,10,0.004253694195804587
MICROCHIP,SLEEP_POD,11,0.0008412139455180617
MICROCHIP,SLEEP_POD,12,-0.0019921169456172437
MICROCHIP,SLEEP_POD,13,-0.0033455759345535404
MICROCHIP,SLEEP_POD,14,-0.003921963171479124
MICROCHIP,SLEEP_POD,15,-0.0006889152424696145
MICROCHIP,SLEEP_POD,16,0.0025835735982955074
MICROCHIP,SLEEP_POD,17,-0.0008011703033281699
MICROCHIP,SLEEP_POD,18,-0.0012418177732746274
MICROCHIP,SLEEP_POD,19,-0.0020092385682787253
MICROCHIP,SLEEP_POD,20,-0.007906088644227
MICROCHIP,SLEEP_POD,21,-0.0037507377742240656
MICROCHIP,SLEEP_POD,22,0.00316071991292582
MICROCHIP,SLEEP_POD,23,0.0017935693934405725
MICROCHIP,SLEEP_POD,24,0.0009639207626254314
MICROCHIP,SLEEP_POD,25,0.0005735941499041278
MICROCHIP,SLEEP_POD,26,0.0005072168578530423
MICROCHIP,SLEEP_POD,27,-0.010738424379989744
MICROCHIP,SLEEP_POD,28,-0.0013686282665058224
MICROCHIP,SLEEP_POD,29,-0.0014444295624640446
MICROCHIP,SLEEP_POD,30,-0.0031043101495150625
MICROCHIP,SNACKPACK,-30,0.001266204853801787
MICROCHIP,SNACKPACK,-29,-0.00286238421495654
MICROCHIP,SNACKPACK,-28,0.009953829089153916
MICROCHIP,SNACKPACK,-27,-0.0003712175705601262
MICROCHIP,SNACKPACK,-26,0.00503415110278167
MICROCHIP,SNACKPACK,-25,0.0020383219644678095
MICROCHIP,SNACKPACK,-24,0.000596701975157686
MICROCHIP,SNACKPACK,-23,0.002438455106062177
MICROCHIP,SNACKPACK,-22,0.0005965170055951208
MICROCHIP,SNACKPACK,-21,-0.008670586389755326
MICROCHIP,SNACKPACK,-20,0.0028995720476790157
MICROCHIP,SNACKPACK,-19,0.012799496230111585
MICROCHIP,SNACKPACK,-18,-0.007052762798426231
MICROCHIP,SNACKPACK,-17,0.0010332104781519504
MICROCHIP,SNACKPACK,-16,-0.0027178853670760932
MICROCHIP,SNACKPACK,-15,0.00362004226224274
MICROCHIP,SNACKPACK,-14,-0.0040185777671074676
MICROCHIP,SNACKPACK,-13,0.004477282157977712
MICROCHIP,SNACKPACK,-12,-0.008652428324966505
MICROCHIP,SNACKPACK,-11,0.002231529114042722
MICROCHIP,SNACKPACK,-10,-0.010218058146923609
MICROCHIP,SNACKPACK,-9,0.004773451391138625
MICROCHIP,SNACKPACK,-8,-0.011420901856274392
MICROCHIP,SNACKPACK,-7,0.013108830878353163
MICROCHIP,SNACKPACK,-6,0.0007622318623375996
MICROCHIP,SNACKPACK,-5,-0.004387187770010506
MICROCHIP,SNACKPACK,-4,0.0022178619722896687
MICROCHIP,SNACKPACK,-3,-0.0003635145039749245
MICROCHIP,SNACKPACK,-2,-0.010067225305509728
MICROCHIP,SNACKPACK,-1,0.006119869415266599
MICROCHIP,SNACKPACK,1,-0.010905722624498699
MICROCHIP,SNACKPACK,2,-0.008686168219959161
MICROCHIP,SNACKPACK,3,-0.0046582786082930774
MICROCHIP,SNACKPACK,4,-0.00326027297425381
MICROCHIP,SNACKPACK,5,0.001334819204616262
MICROCHIP,SNACKPACK,6,-0.0014907727264213636
MICROCHIP,SNACKPACK,7,0.003340601612040858
MICROCHIP,SNACKPACK,8,0.0004387056597083696
MICROCHIP,SNACKPACK,9,-0.004627952640777296
MICROCHIP,SNACKPACK,10,-0.0014237547079259097
MICROCHIP,SNACKPACK,11,-0.0038125954066077494
MICROCHIP,SNACKPACK,12,0.0051006330971002465
MICROCHIP,SNACKPACK,13,-0.003542774690495585
MICROCHIP,SNACKPACK,14,0.0007772987627679021
MICROCHIP,SNACKPACK,15,-0.003023040971008145
MICROCHIP,SNACKPACK,16,0.00916191039572181
MICROCHIP,SNACKPACK,17,-0.016766305617555478
MICROCHIP,SNACKPACK,18,0.014264250579748028
MICROCHIP,SNACKPACK,19,0.007866794125602474
MICROCHIP,SNACKPACK,20,-0.002208081057247575
MICROCHIP,SNACKPACK,21,-0.008110217980667854
MICROCHIP,SNACKPACK,22,0.011146755340990428
MICROCHIP,SNACKPACK,23,-0.0036162280370515224
MICROCHIP,SNACKPACK,24,-0.008527374642181597
MICROCHIP,SNACKPACK,25,0.01140747921632093
MICROCHIP,SNACKPACK,26,0.013165876677221244
MICROCHIP,SNACKPACK,27,0.005798109041638755
MICROCHIP,SNACKPACK,28,-0.01497749181398061
MICROCHIP,SNACKPACK,29,-0.0013509878957406773
MICROCHIP,SNACKPACK,30,-0.0019539833098109853
MICROCHIP,TRANSLATOR,-30,0.003584435322404585
MICROCHIP,TRANSLATOR,-29,-0.007162648088842135
MICROCHIP,TRANSLATOR,-28,-0.009516187056372392
MICROCHIP,TRANSLATOR,-27,-0.012748293637207562
MICROCHIP,TRANSLATOR,-26,0.0028502539810479287
MICROCHIP,TRANSLATOR,-25,0.008695787950847144
MICROCHIP,TRANSLATOR,-24,0.0024287896966640843
MICROCHIP,TRANSLATOR,-23,0.002773250177734771
MICROCHIP,TRANSLATOR,-22,0.0014115759654029008
MICROCHIP,TRANSLATOR,-21,-0.0036162798518626165
MICROCHIP,TRANSLATOR,-20,-0.009692202974257522
MICROCHIP,TRANSLATOR,-19,-0.004626505525377154
MICROCHIP,TRANSLATOR,-18,-0.0022621578432088963
MICROCHIP,TRANSLATOR,-17,0.00550453653623181
MICROCHIP,TRANSLATOR,-16,-0.006295025236798136
MICROCHIP,TRANSLATOR,-15,0.002830927516289239
MICROCHIP,TRANSLATOR,-14,-0.0017846378153758302
MICROCHIP,TRANSLATOR,-13,0.00959617967155666
MICROCHIP,TRANSLATOR,-12,-0.0011557982970947355
MICROCHIP,TRANSLATOR,-11,-0.008608597961038448
MICROCHIP,TRANSLATOR,-10,0.0010418315437491395
MICROCHIP,TRANSLATOR,-9,0.009441690225664061
MICROCHIP,TRANSLATOR,-8,-0.003654724574224703
MICROCHIP,TRANSLATOR,-7,0.003523522537277215
MICROCHIP,TRANSLATOR,-6,-0.006793318223291905
MICROCHIP,TRANSLATOR,-5,-0.006401182291440235
MICROCHIP,TRANSLATOR,-4,-0.00736120507201193
MICROCHIP,TRANSLATOR,-3,-0.0036045900434003276
MICROCHIP,TRANSLATOR,-2,0.0034951064110206307
MICROCHIP,TRANSLATOR,-1,-0.007551165223168573
MICROCHIP,TRANSLATOR,1,0.018002900882717915
MICROCHIP,TRANSLATOR,2,0.0063398721047790586
MICROCHIP,TRANSLATOR,3,-6.946053956412945e-05
MICROCHIP,TRANSLATOR,4,0.006731186656620937
MICROCHIP,TRANSLATOR,5,-0.0019163737604743962
MICROCHIP,TRANSLATOR,6,0.002053271329833677
MICROCHIP,TRANSLATOR,7,0.0029105001963991343
MICROCHIP,TRANSLATOR,8,0.0054434517383583495
MICROCHIP,TRANSLATOR,9,-0.003009899905580181
MICROCHIP,TRANSLATOR,10,0.005768606642991637
MICROCHIP,TRANSLATOR,11,0.0044927188899939905
MICROCHIP,TRANSLATOR,12,0.0008551644743870906
MICROCHIP,TRANSLATOR,13,0.001039034788706182
MICROCHIP,TRANSLATOR,14,-0.0012769698316835451
MICROCHIP,TRANSLATOR,15,-0.005559784763410413
MICROCHIP,TRANSLATOR,16,-0.0023597375421352904
MICROCHIP,TRANSLATOR,17,-0.004448046739093636
MICROCHIP,TRANSLATOR,18,0.014124588581810515
MICROCHIP,TRANSLATOR,19,0.006654664187646338
MICROCHIP,TRANSLATOR,20,-0.001949691094888663
MICROCHIP,TRANSLATOR,21,-0.005353933839479159
MICROCHIP,TRANSLATOR,22,-0.007073894383720859
MICROCHIP,TRANSLATOR,23,0.0005807746471757959
MICROCHIP,TRANSLATOR,24,0.0052040392937225885
MICROCHIP,TRANSLATOR,25,-0.006297444494864156
MICROCHIP,TRANSLATOR,26,-0.0070277987920337555
MICROCHIP,TRANSLATOR,27,0.004985541439471399
MICROCHIP,TRANSLATOR,28,0.0023408959376856474
MICROCHIP,TRANSLATOR,29,0.005796535038476533
MICROCHIP,TRANSLATOR,30,-0.00443031735841744
MICROCHIP,UV_VISOR,-30,0.010888767042094554
MICROCHIP,UV_VISOR,-29,0.004980461265661783
MICROCHIP,UV_VISOR,-28,0.0004273793215650578
MICROCHIP,UV_VISOR,-27,-0.005971667537511667
MICROCHIP,UV_VISOR,-26,-0.0006277289324451499
MICROCHIP,UV_VISOR,-25,0.008373576015176748
MICROCHIP,UV_VISOR,-24,-0.0073154585963199955
MICROCHIP,UV_VISOR,-23,0.0030681380388647246
MICROCHIP,UV_VISOR,-22,-0.001152911183014385
MICROCHIP,UV_VISOR,-21,-0.013168974149646823
MICROCHIP,UV_VISOR,-20,-0.01161316491414269
MICROCHIP,UV_VISOR,-19,-0.0006039374548413592
MICROCHIP,UV_VISOR,-18,-0.010250226845650214
MICROCHIP,UV_VISOR,-17,-0.0004850278291989258
MICROCHIP,UV_VISOR,-16,-0.0014908224185102353
MICROCHIP,UV_VISOR,-15,0.0020118949188533152
MICROCHIP,UV_VISOR,-14,-0.0023090720158647935
MICROCHIP,UV_VISOR,-13,0.014042681705006383
MICROCHIP,UV_VISOR,-12,-0.0037201371479121496
MICROCHIP,UV_VISOR,-11,0.010832118979039894
MICROCHIP,UV_VISOR,-10,-0.009133984911842507
MICROCHIP,UV_VISOR,-9,0.005727909691913711
MICROCHIP,UV_VISOR,-8,-4.720411269383637e-06
MICROCHIP,UV_VISOR,-7,-0.0015955650358615706
MICROCHIP,UV_VISOR,-6,0.010231693820939948
MICROCHIP,UV_VISOR,-5,-0.0018973614685590479
MICROCHIP,UV_VISOR,-4,0.006616441591649336
MICROCHIP,UV_VISOR,-3,0.005809511703027375
MICROCHIP,UV_VISOR,-2,-0.000554344409272304
MICROCHIP,UV_VISOR,-1,-0.004023039047430954
MICROCHIP,UV_VISOR,1,-0.011804392427096312
MICROCHIP,UV_VISOR,2,-0.0031037058178808503
MICROCHIP,UV_VISOR,3,-0.0006684671493172307
MICROCHIP,UV_VISOR,4,0.005084997842134507
MICROCHIP,UV_VISOR,5,0.003945717178160699
MICROCHIP,UV_VISOR,6,-0.003105565944631947
MICROCHIP,UV_VISOR,7,-0.0012541531684844003
MICROCHIP,UV_VISOR,8,-0.0008546376410670046
MICROCHIP,UV_VISOR,9,-0.013399855561444487
MICROCHIP,UV_VISOR,10,0.0006138489543496645
MICROCHIP,UV_VISOR,11,0.001506776407873374
MICROCHIP,UV_VISOR,12,-0.0008696727736490436
MICROCHIP,UV_VISOR,13,0.004273039533742402
MICROCHIP,UV_VISOR,14,0.0024524555708926327
MICROCHIP,UV_VISOR,15,0.0007176127020304204
MICROCHIP,UV_VISOR,16,0.005419617504846814
MICROCHIP,UV_VISOR,17,-0.0008898266530755739
MICROCHIP,UV_VISOR,18,-0.0005546963765675901
MICROCHIP,UV_VISOR,19,-0.0001044112599910303
MICROCHIP,UV_VISOR,20,-0.0037629927381620156
MICROCHIP,UV_VISOR,21,-0.010391731546244464
MICROCHIP,UV_VISOR,22,0.0022732187291587182
MICROCHIP,UV_VISOR,23,-0.006391262618890047
MICROCHIP,UV_VISOR,24,-0.012432970008751515
MICROCHIP,UV_VISOR,25,0.005227308272455238
MICROCHIP,UV_VISOR,26,0.00016286252513215383
MICROCHIP,UV_VISOR,27,0.008744492719634202
MICROCHIP,UV_VISOR,28,0.0026179116760553334
MICROCHIP,UV_VISOR,29,-0.002807684621553796
MICROCHIP,UV_VISOR,30,-0.002450145105276111
OXYGEN_SHAKE,GALAXY_SOUNDS,-30,0.004331801481109754
OXYGEN_SHAKE,GALAXY_SOUNDS,-29,-0.0021111189793684816
OXYGEN_SHAKE,GALAXY_SOUNDS,-28,0.0034508667036739055
OXYGEN_SHAKE,GALAXY_SOUNDS,-27,0.011723029639529068
OXYGEN_SHAKE,GALAXY_SOUNDS,-26,0.0006526860248521079
OXYGEN_SHAKE,GALAXY_SOUNDS,-25,-0.0018025463851979893
OXYGEN_SHAKE,GALAXY_SOUNDS,-24,-0.0051343822205646705
OXYGEN_SHAKE,GALAXY_SOUNDS,-23,-0.00018293393847384858
OXYGEN_SHAKE,GALAXY_SOUNDS,-22,-0.004082477165924179
OXYGEN_SHAKE,GALAXY_SOUNDS,-21,0.0023053972391200656
OXYGEN_SHAKE,GALAXY_SOUNDS,-20,-0.007564340595719712
OXYGEN_SHAKE,GALAXY_SOUNDS,-19,0.0009675986854447968
OXYGEN_SHAKE,GALAXY_SOUNDS,-18,0.010958995665725215
OXYGEN_SHAKE,GALAXY_SOUNDS,-17,0.0037587059295729466
OXYGEN_SHAKE,GALAXY_SOUNDS,-16,-0.0054422874371030635
OXYGEN_SHAKE,GALAXY_SOUNDS,-15,-0.006236633197999192
OXYGEN_SHAKE,GALAXY_SOUNDS,-14,-0.00251454148319155
OXYGEN_SHAKE,GALAXY_SOUNDS,-13,0.006130680265460094
OXYGEN_SHAKE,GALAXY_SOUNDS,-12,0.004000243480930277
OXYGEN_SHAKE,GALAXY_SOUNDS,-11,0.0002610280720290222
OXYGEN_SHAKE,GALAXY_SOUNDS,-10,-0.004837319125945774
OXYGEN_SHAKE,GALAXY_SOUNDS,-9,0.007998180096549736
OXYGEN_SHAKE,GALAXY_SOUNDS,-8,-0.00829903401686489
OXYGEN_SHAKE,GALAXY_SOUNDS,-7,-0.006034767330919065
OXYGEN_SHAKE,GALAXY_SOUNDS,-6,0.0020876948393493007
OXYGEN_SHAKE,GALAXY_SOUNDS,-5,0.0058753635290837315
OXYGEN_SHAKE,GALAXY_SOUNDS,-4,0.001130771387636728
OXYGEN_SHAKE,GALAXY_SOUNDS,-3,0.0027203560186795897
OXYGEN_SHAKE,GALAXY_SOUNDS,-2,-0.005126251166321559
OXYGEN_SHAKE,GALAXY_SOUNDS,-1,-0.01380491075360411
OXYGEN_SHAKE,GALAXY_SOUNDS,1,-0.02279480632992463
OXYGEN_SHAKE,GALAXY_SOUNDS,2,0.006774730129945802
OXYGEN_SHAKE,GALAXY_SOUNDS,3,-0.0035376683243270373
OXYGEN_SHAKE,GALAXY_SOUNDS,4,-0.002852777214912466
OXYGEN_SHAKE,GALAXY_SOUNDS,5,-0.0042254686072116755
OXYGEN_SHAKE,GALAXY_SOUNDS,6,0.0002675292010637596
OXYGEN_SHAKE,GALAXY_SOUNDS,7,-0.004980187851847537
OXYGEN_SHAKE,GALAXY_SOUNDS,8,-0.005135912213232094
OXYGEN_SHAKE,GALAXY_SOUNDS,9,0.003190132751452119
OXYGEN_SHAKE,GALAXY_SOUNDS,10,-0.011100202480717353
OXYGEN_SHAKE,GALAXY_SOUNDS,11,0.005810601925097302
OXYGEN_SHAKE,GALAXY_SOUNDS,12,-0.0015958730085514187
OXYGEN_SHAKE,GALAXY_SOUNDS,13,0.0016884216272827336
OXYGEN_SHAKE,GALAXY_SOUNDS,14,0.0014669427804691651
OXYGEN_SHAKE,GALAXY_SOUNDS,15,-0.003767216462491544
OXYGEN_SHAKE,GALAXY_SOUNDS,16,0.0004972974719758347
OXYGEN_SHAKE,GALAXY_SOUNDS,17,0.00594403175956994
OXYGEN_SHAKE,GALAXY_SOUNDS,18,-7.98341392403118e-05
OXYGEN_SHAKE,GALAXY_SOUNDS,19,-0.0028078095753411004
OXYGEN_SHAKE,GALAXY_SOUNDS,20,-0.002892010378829468
OXYGEN_SHAKE,GALAXY_SOUNDS,21,0.003208307114349564
OXYGEN_SHAKE,GALAXY_SOUNDS,22,0.0023926955657822464
OXYGEN_SHAKE,GALAXY_SOUNDS,23,0.005962054062475777
OXYGEN_SHAKE,GALAXY_SOUNDS,24,0.0020262328032264543
OXYGEN_SHAKE,GALAXY_SOUNDS,25,-0.004515645409352552
OXYGEN_SHAKE,GALAXY_SOUNDS,26,-0.0004832058933381626
OXYGEN_SHAKE,GALAXY_SOUNDS,27,-0.009724219788881517
OXYGEN_SHAKE,GALAXY_SOUNDS,28,-0.004207327191984225
OXYGEN_SHAKE,GALAXY_SOUNDS,29,0.0077009176737652075
OXYGEN_SHAKE,GALAXY_SOUNDS,30,-0.0025549010383448425
OXYGEN_SHAKE,MICROCHIP,-30,0.001121829857774792
OXYGEN_SHAKE,MICROCHIP,-29,-0.0037061090973179484
OXYGEN_SHAKE,MICROCHIP,-28,-0.002237308137544612
OXYGEN_SHAKE,MICROCHIP,-27,0.007644887263450168
OXYGEN_SHAKE,MICROCHIP,-26,0.005535347761358335
OXYGEN_SHAKE,MICROCHIP,-25,-0.005627913156434412
OXYGEN_SHAKE,MICROCHIP,-24,-0.002901954249373494
OXYGEN_SHAKE,MICROCHIP,-23,0.0069136892267030675
OXYGEN_SHAKE,MICROCHIP,-22,0.007635200626227673
OXYGEN_SHAKE,MICROCHIP,-21,0.0035055808406063505
OXYGEN_SHAKE,MICROCHIP,-20,0.006030839230857285
OXYGEN_SHAKE,MICROCHIP,-19,0.00349518120738973
OXYGEN_SHAKE,MICROCHIP,-18,0.008534982749726699
OXYGEN_SHAKE,MICROCHIP,-17,0.011123756241002215
OXYGEN_SHAKE,MICROCHIP,-16,0.004168503949823185
OXYGEN_SHAKE,MICROCHIP,-15,-0.012129466582991964
OXYGEN_SHAKE,MICROCHIP,-14,0.004378014220017456
OXYGEN_SHAKE,MICROCHIP,-13,0.0023177447309153812
OXYGEN_SHAKE,MICROCHIP,-12,-0.0007669181750052514
OXYGEN_SHAKE,MICROCHIP,-11,-0.006650787939254038
OXYGEN_SHAKE,MICROCHIP,-10,-0.0019889293969356588
OXYGEN_SHAKE,MICROCHIP,-9,-0.0032149436846214802
OXYGEN_SHAKE,MICROCHIP,-8,0.0019866437885862954
OXYGEN_SHAKE,MICROCHIP,-7,0.0011707986413159242
OXYGEN_SHAKE,MICROCHIP,-6,-0.0030873730718475097
OXYGEN_SHAKE,MICROCHIP,-5,0.005423983354879158
OXYGEN_SHAKE,MICROCHIP,-4,0.001156399186043761
OXYGEN_SHAKE,MICROCHIP,-3,-0.001766844333403998
OXYGEN_SHAKE,MICROCHIP,-2,0.0070998415680598795
OXYGEN_SHAKE,MICROCHIP,-1,0.009633672345395606
OXYGEN_SHAKE,MICROCHIP,1,-0.0036635472857766663
OXYGEN_SHAKE,MICROCHIP,2,0.004879206016670327
OXYGEN_SHAKE,MICROCHIP,3,-0.0029530941885020767
OXYGEN_SHAKE,MICROCHIP,4,-0.002931492247706043
OXYGEN_SHAKE,MICROCHIP,5,-0.0005233183514090952
OXYGEN_SHAKE,MICROCHIP,6,-0.004118505199480557
OXYGEN_SHAKE,MICROCHIP,7,-0.0018550524059692992
OXYGEN_SHAKE,MICROCHIP,8,0.003826818016411593
OXYGEN_SHAKE,MICROCHIP,9,-0.002267947666078039
OXYGEN_SHAKE,MICROCHIP,10,0.0003879867994996536
OXYGEN_SHAKE,MICROCHIP,11,0.003621534987914521
OXYGEN_SHAKE,MICROCHIP,12,-0.0032601632887232705
OXYGEN_SHAKE,MICROCHIP,13,0.009301261969680225
OXYGEN_SHAKE,MICROCHIP,14,-0.005230625708250249
OXYGEN_SHAKE,MICROCHIP,15,-0.006051663284376096
OXYGEN_SHAKE,MICROCHIP,16,-0.0008993228656901412
OXYGEN_SHAKE,MICROCHIP,17,-0.0005247728700959849
OXYGEN_SHAKE,MICROCHIP,18,-0.00953131644302777
OXYGEN_SHAKE,MICROCHIP,19,0.002361980999036887
OXYGEN_SHAKE,MICROCHIP,20,-0.0011996690324483216
OXYGEN_SHAKE,MICROCHIP,21,-0.007837236574125276
OXYGEN_SHAKE,MICROCHIP,22,-0.006538333030791354
OXYGEN_SHAKE,MICROCHIP,23,0.004174978563541286
OXYGEN_SHAKE,MICROCHIP,24,-0.013979984729921284
OXYGEN_SHAKE,MICROCHIP,25,-0.0027858884544491383
OXYGEN_SHAKE,MICROCHIP,26,0.0011722400784075686
OXYGEN_SHAKE,MICROCHIP,27,-0.0003458761436264154
OXYGEN_SHAKE,MICROCHIP,28,0.0034571328192395945
OXYGEN_SHAKE,MICROCHIP,29,0.004474910002932091
OXYGEN_SHAKE,MICROCHIP,30,-0.002678670084974311
OXYGEN_SHAKE,PANEL,-30,0.005783448407099401
OXYGEN_SHAKE,PANEL,-29,-0.005887984612659329
OXYGEN_SHAKE,PANEL,-28,0.010157683720554006
OXYGEN_SHAKE,PANEL,-27,-0.0002555838712337776
OXYGEN_SHAKE,PANEL,-26,-0.014281621914017646
OXYGEN_SHAKE,PANEL,-25,0.0035498611289903562
OXYGEN_SHAKE,PANEL,-24,-0.006072712462456988
OXYGEN_SHAKE,PANEL,-23,0.011454496102929741
OXYGEN_SHAKE,PANEL,-22,-0.0030306790428821415
OXYGEN_SHAKE,PANEL,-21,-0.011122244948313776
OXYGEN_SHAKE,PANEL,-20,-0.00030005735670605733
OXYGEN_SHAKE,PANEL,-19,0.002245515767580594
OXYGEN_SHAKE,PANEL,-18,0.005818022141239605
OXYGEN_SHAKE,PANEL,-17,-0.000631813161392333
OXYGEN_SHAKE,PANEL,-16,0.0034152115889321964
OXYGEN_SHAKE,PANEL,-15,0.002726710580531371
OXYGEN_SHAKE,PANEL,-14,-0.00036736879699438056
OXYGEN_SHAKE,PANEL,-13,-0.0034718830809211646
OXYGEN_SHAKE,PANEL,-12,0.0009304838723751023
OXYGEN_SHAKE,PANEL,-11,0.0030850078338161982
OXYGEN_SHAKE,PANEL,-10,0.0025213517070702797
OXYGEN_SHAKE,PANEL,-9,-0.006321123099093003
OXYGEN_SHAKE,PANEL,-8,-0.001637892160937896
OXYGEN_SHAKE,PANEL,-7,-0.006664786124400866
OXYGEN_SHAKE,PANEL,-6,0.0035150177285879457
OXYGEN_SHAKE,PANEL,-5,0.007687351456849744
OXYGEN_SHAKE,PANEL,-4,0.0026988633510337825
OXYGEN_SHAKE,PANEL,-3,-0.007869658278142254
OXYGEN_SHAKE,PANEL,-2,-0.010570156790588767
OXYGEN_SHAKE,PANEL,-1,-0.01138582395530621
OXYGEN_SHAKE,PANEL,1,-0.008714555003125186
OXYGEN_SHAKE,PANEL,2,-0.005824565062641941
OXYGEN_SHAKE,PANEL,3,-0.0013226205218435235
OXYGEN_SHAKE,PANEL,4,0.003181732710444369
OXYGEN_SHAKE,PANEL,5,0.0036208488411369577
OXYGEN_SHAKE,PANEL,6,-0.0018076317242138513
OXYGEN_SHAKE,PANEL,7,0.003127148062537261
OXYGEN_SHAKE,PANEL,8,0.0038458629089009335
OXYGEN_SHAKE,PANEL,9,-0.00292657568095056
OXYGEN_SHAKE,PANEL,10,0.005585176205491292
OXYGEN_SHAKE,PANEL,11,-0.002893949950616682
OXYGEN_SHAKE,PANEL,12,0.007188277580149392
OXYGEN_SHAKE,PANEL,13,0.0016558386658737999
OXYGEN_SHAKE,PANEL,14,-0.0005627018132972218
OXYGEN_SHAKE,PANEL,15,-0.005441765529757563
OXYGEN_SHAKE,PANEL,16,0.0005182713303070046
OXYGEN_SHAKE,PANEL,17,0.0038511644364626037
OXYGEN_SHAKE,PANEL,18,-0.0026218186162176313
OXYGEN_SHAKE,PANEL,19,0.0013564626199681004
OXYGEN_SHAKE,PANEL,20,0.0010058467946250948
OXYGEN_SHAKE,PANEL,21,0.0010511342063274432
OXYGEN_SHAKE,PANEL,22,0.0010355349628088082
OXYGEN_SHAKE,PANEL,23,-0.0010217656207024482
OXYGEN_SHAKE,PANEL,24,-0.0029891071017138266
OXYGEN_SHAKE,PANEL,25,-0.006895179638900181
OXYGEN_SHAKE,PANEL,26,-0.006017942103756727
OXYGEN_SHAKE,PANEL,27,-0.010004125462715488
OXYGEN_SHAKE,PANEL,28,-0.005922972476010991
OXYGEN_SHAKE,PANEL,29,0.00490413905857729
OXYGEN_SHAKE,PANEL,30,-0.005401121999610765
OXYGEN_SHAKE,PEBBLES,-30,-0.0018107622196456047
OXYGEN_SHAKE,PEBBLES,-29,-0.005160272581034779
OXYGEN_SHAKE,PEBBLES,-28,0.0008604340545797087
OXYGEN_SHAKE,PEBBLES,-27,0.002942672780281051
OXYGEN_SHAKE,PEBBLES,-26,-0.00362147410669108
OXYGEN_SHAKE,PEBBLES,-25,0.008040252081981263
OXYGEN_SHAKE,PEBBLES,-24,-0.0058702220548098975
OXYGEN_SHAKE,PEBBLES,-23,0.00943895412445992
OXYGEN_SHAKE,PEBBLES,-22,-0.006954157964154126
OXYGEN_SHAKE,PEBBLES,-21,-0.00578948204425386
OXYGEN_SHAKE,PEBBLES,-20,0.005008385882643438
OXYGEN_SHAKE,PEBBLES,-19,0.005606712098216696
OXYGEN_SHAKE,PEBBLES,-18,-0.004600178998320325
OXYGEN_SHAKE,PEBBLES,-17,-0.005492179060423907
OXYGEN_SHAKE,PEBBLES,-16,-0.001236583719891839
OXYGEN_SHAKE,PEBBLES,-15,0.0065894295959174716
OXYGEN_SHAKE,PEBBLES,-14,0.0013064068500294136
OXYGEN_SHAKE,PEBBLES,-13,-0.00322996373546266
OXYGEN_SHAKE,PEBBLES,-12,-0.0033603199055279474
OXYGEN_SHAKE,PEBBLES,-11,0.0011724512440169559
OXYGEN_SHAKE,PEBBLES,-10,0.007464326887587898
OXYGEN_SHAKE,PEBBLES,-9,-0.0017197394339846968
OXYGEN_SHAKE,PEBBLES,-8,-0.010154192839622085
OXYGEN_SHAKE,PEBBLES,-7,0.011663130076852513
OXYGEN_SHAKE,PEBBLES,-6,-0.002562807796199086
OXYGEN_SHAKE,PEBBLES,-5,-0.009306387689769144
OXYGEN_SHAKE,PEBBLES,-4,0.004068753447670236
OXYGEN_SHAKE,PEBBLES,-3,0.0008786840270264047
OXYGEN_SHAKE,PEBBLES,-2,0.008439999607938972
OXYGEN_SHAKE,PEBBLES,-1,-0.0056780034187217275
OXYGEN_SHAKE,PEBBLES,1,0.005472456984069821
OXYGEN_SHAKE,PEBBLES,2,0.002999241312456705
OXYGEN_SHAKE,PEBBLES,3,-0.005960282231476858
OXYGEN_SHAKE,PEBBLES,4,-0.0062632395438970995
OXYGEN_SHAKE,PEBBLES,5,0.0032715379508535926
OXYGEN_SHAKE,PEBBLES,6,-0.00017207546352418398
OXYGEN_SHAKE,PEBBLES,7,0.0001187035123487817
OXYGEN_SHAKE,PEBBLES,8,-0.0009322464175670874
OXYGEN_SHAKE,PEBBLES,9,0.0014214185304771791
OXYGEN_SHAKE,PEBBLES,10,0.002665084072681186
OXYGEN_SHAKE,PEBBLES,11,0.001343591471232811
OXYGEN_SHAKE,PEBBLES,12,-0.020542237451437052
OXYGEN_SHAKE,PEBBLES,13,0.020981375386958784
OXYGEN_SHAKE,PEBBLES,14,-0.0061786969734904515
OXYGEN_SHAKE,PEBBLES,15,0.005068134104779174
OXYGEN_SHAKE,PEBBLES,16,0.0034645580978063203
OXYGEN_SHAKE,PEBBLES,17,-0.004024442391892662
OXYGEN_SHAKE,PEBBLES,18,-0.002053956236954635
OXYGEN_SHAKE,PEBBLES,19,0.002256689211821722
OXYGEN_SHAKE,PEBBLES,20,0.0005621228741566467
OXYGEN_SHAKE,PEBBLES,21,-0.0021884121039132424
OXYGEN_SHAKE,PEBBLES,22,0.0015745497449205102
OXYGEN_SHAKE,PEBBLES,23,-0.004858966526231135
OXYGEN_SHAKE,PEBBLES,24,-0.006522572835181216
OXYGEN_SHAKE,PEBBLES,25,0.015187293023911414
OXYGEN_SHAKE,PEBBLES,26,-0.004695718380915812
OXYGEN_SHAKE,PEBBLES,27,0.006641537466368873
OXYGEN_SHAKE,PEBBLES,28,-0.007140245287922923
OXYGEN_SHAKE,PEBBLES,29,-0.0036338048594478202
OXYGEN_SHAKE,PEBBLES,30,0.005053617408848746
OXYGEN_SHAKE,ROBOT,-30,0.0016329514522996319
OXYGEN_SHAKE,ROBOT,-29,0.0034101185484752233
OXYGEN_SHAKE,ROBOT,-28,-0.004137775549339883
OXYGEN_SHAKE,ROBOT,-27,0.011629448216602598
OXYGEN_SHAKE,ROBOT,-26,0.0004165265629320429
OXYGEN_SHAKE,ROBOT,-25,0.0013551411634187584
OXYGEN_SHAKE,ROBOT,-24,0.0014101540737544334
OXYGEN_SHAKE,ROBOT,-23,-0.0012492000458020943
OXYGEN_SHAKE,ROBOT,-22,-0.0022745326892638566
OXYGEN_SHAKE,ROBOT,-21,0.0008299838760492565
OXYGEN_SHAKE,ROBOT,-20,0.009617689762697942
OXYGEN_SHAKE,ROBOT,-19,-0.0017730976115069269
OXYGEN_SHAKE,ROBOT,-18,0.004801855068147199
OXYGEN_SHAKE,ROBOT,-17,-0.004504059194564192
OXYGEN_SHAKE,ROBOT,-16,-0.00759076677401945
OXYGEN_SHAKE,ROBOT,-15,-0.0034332144616852816
OXYGEN_SHAKE,ROBOT,-14,0.004265410617614319
OXYGEN_SHAKE,ROBOT,-13,-0.0067668739351350714
OXYGEN_SHAKE,ROBOT,-12,-0.0019466003272846854
OXYGEN_SHAKE,ROBOT,-11,0.002028752016182579
OXYGEN_SHAKE,ROBOT,-10,-0.007718580417529928
OXYGEN_SHAKE,ROBOT,-9,-0.0062960219867094006
OXYGEN_SHAKE,ROBOT,-8,0.007072339945304359
OXYGEN_SHAKE,ROBOT,-7,-0.0043715501837318736
OXYGEN_SHAKE,ROBOT,-6,0.004168328977279097
OXYGEN_SHAKE,ROBOT,-5,-0.009830533936922174
OXYGEN_SHAKE,ROBOT,-4,0.005164647415006909
OXYGEN_SHAKE,ROBOT,-3,0.0014142858345406292
OXYGEN_SHAKE,ROBOT,-2,-0.004280713907365601
OXYGEN_SHAKE,ROBOT,-1,-0.007678178050489232
OXYGEN_SHAKE,ROBOT,1,-0.008330635792432223
OXYGEN_SHAKE,ROBOT,2,0.0011107728149910604
OXYGEN_SHAKE,ROBOT,3,0.0013596578138981396
OXYGEN_SHAKE,ROBOT,4,0.008079350383449962
OXYGEN_SHAKE,ROBOT,5,0.00481415417571083
OXYGEN_SHAKE,ROBOT,6,-0.014230170779565059
OXYGEN_SHAKE,ROBOT,7,0.004940371542292768
OXYGEN_SHAKE,ROBOT,8,0.006800032787685581
OXYGEN_SHAKE,ROBOT,9,-0.006531493128430878
OXYGEN_SHAKE,ROBOT,10,-0.0050697140851490245
OXYGEN_SHAKE,ROBOT,11,-0.004746023283087684
OXYGEN_SHAKE,ROBOT,12,0.004809396671456672
OXYGEN_SHAKE,ROBOT,13,0.008170559594669731
OXYGEN_SHAKE,ROBOT,14,-0.002928240418251436
OXYGEN_SHAKE,ROBOT,15,0.005494451306141381
OXYGEN_SHAKE,ROBOT,16,-0.0018904281903968391
OXYGEN_SHAKE,ROBOT,17,0.0031044433965829754
OXYGEN_SHAKE,ROBOT,18,-0.003098809245094705
OXYGEN_SHAKE,ROBOT,19,0.010199016366967236
OXYGEN_SHAKE,ROBOT,20,0.001438245676140174
OXYGEN_SHAKE,ROBOT,21,0.006924795900952963
OXYGEN_SHAKE,ROBOT,22,-0.0010032936859044042
OXYGEN_SHAKE,ROBOT,23,-0.007107109443249686
OXYGEN_SHAKE,ROBOT,24,0.009827048870405026
OXYGEN_SHAKE,ROBOT,25,-0.012121667350634089
OXYGEN_SHAKE,ROBOT,26,0.015095642321708617
OXYGEN_SHAKE,ROBOT,27,-0.00041278990954511614
OXYGEN_SHAKE,ROBOT,28,0.002168355371330014
OXYGEN_SHAKE,ROBOT,29,-0.01765335940548717
OXYGEN_SHAKE,ROBOT,30,0.001718090533475624
OXYGEN_SHAKE,SLEEP_POD,-30,-0.0023348085127324397
OXYGEN_SHAKE,SLEEP_POD,-29,0.006524117179802651
OXYGEN_SHAKE,SLEEP_POD,-28,0.00874501198753552
OXYGEN_SHAKE,SLEEP_POD,-27,-0.0009468081482736253
OXYGEN_SHAKE,SLEEP_POD,-26,0.007820556119553514
OXYGEN_SHAKE,SLEEP_POD,-25,-0.009064471330990947
OXYGEN_SHAKE,SLEEP_POD,-24,-0.005123317897828494
OXYGEN_SHAKE,SLEEP_POD,-23,-0.00022217090889407436
OXYGEN_SHAKE,SLEEP_POD,-22,-0.0060271988744384835
OXYGEN_SHAKE,SLEEP_POD,-21,0.008248093275506326
OXYGEN_SHAKE,SLEEP_POD,-20,0.0017345729209958783
OXYGEN_SHAKE,SLEEP_POD,-19,-0.0012604082456941432
OXYGEN_SHAKE,SLEEP_POD,-18,-0.0025278658604704937
OXYGEN_SHAKE,SLEEP_POD,-17,0.0097666918140684
OXYGEN_SHAKE,SLEEP_POD,-16,0.005923783114026062
OXYGEN_SHAKE,SLEEP_POD,-15,-0.0018471018038624027
OXYGEN_SHAKE,SLEEP_POD,-14,-0.006255443077721204
OXYGEN_SHAKE,SLEEP_POD,-13,-0.0020513872193617245
OXYGEN_SHAKE,SLEEP_POD,-12,0.0019567325151437125
OXYGEN_SHAKE,SLEEP_POD,-11,-0.005922813648173159
OXYGEN_SHAKE,SLEEP_POD,-10,-0.01690366275264584
OXYGEN_SHAKE,SLEEP_POD,-9,0.0004970830291199364
OXYGEN_SHAKE,SLEEP_POD,-8,-0.001754002315579963
OXYGEN_SHAKE,SLEEP_POD,-7,0.00609317256279018
OXYGEN_SHAKE,SLEEP_POD,-6,0.001128511912465296
OXYGEN_SHAKE,SLEEP_POD,-5,-0.007983222905750017
OXYGEN_SHAKE,SLEEP_POD,-4,-0.006096552713167691
OXYGEN_SHAKE,SLEEP_POD,-3,0.002186328612629445
OXYGEN_SHAKE,SLEEP_POD,-2,-0.005724886753662844
OXYGEN_SHAKE,SLEEP_POD,-1,-0.020702921824863562
OXYGEN_SHAKE,SLEEP_POD,1,-0.002963062010017946
OXYGEN_SHAKE,SLEEP_POD,2,-0.0007160975319960946
OXYGEN_SHAKE,SLEEP_POD,3,-0.004017177439132423
OXYGEN_SHAKE,SLEEP_POD,4,-0.004711249317595688
OXYGEN_SHAKE,SLEEP_POD,5,0.0018752368506850382
OXYGEN_SHAKE,SLEEP_POD,6,0.003480831129065247
OXYGEN_SHAKE,SLEEP_POD,7,-0.00788568933879006
OXYGEN_SHAKE,SLEEP_POD,8,-0.005492005977016849
OXYGEN_SHAKE,SLEEP_POD,9,-0.008522010487932259
OXYGEN_SHAKE,SLEEP_POD,10,0.0045806649663261804
OXYGEN_SHAKE,SLEEP_POD,11,-0.004557972977798673
OXYGEN_SHAKE,SLEEP_POD,12,0.005319059831236935
OXYGEN_SHAKE,SLEEP_POD,13,-0.007051690484800477
OXYGEN_SHAKE,SLEEP_POD,14,0.011165162310935109
OXYGEN_SHAKE,SLEEP_POD,15,-0.0035414433799485744
OXYGEN_SHAKE,SLEEP_POD,16,-0.0020392284387152813
OXYGEN_SHAKE,SLEEP_POD,17,0.0003278136855013651
OXYGEN_SHAKE,SLEEP_POD,18,-0.006446290724947146
OXYGEN_SHAKE,SLEEP_POD,19,-0.0010170850172363127
OXYGEN_SHAKE,SLEEP_POD,20,0.00566697151796523
OXYGEN_SHAKE,SLEEP_POD,21,-0.007461043398654845
OXYGEN_SHAKE,SLEEP_POD,22,0.008279774670025023
OXYGEN_SHAKE,SLEEP_POD,23,0.004797218955079411
OXYGEN_SHAKE,SLEEP_POD,24,-0.004286148280292566
OXYGEN_SHAKE,SLEEP_POD,25,-0.005497110203579173
OXYGEN_SHAKE,SLEEP_POD,26,0.0032976000264364007
OXYGEN_SHAKE,SLEEP_POD,27,-0.007153742141711049
OXYGEN_SHAKE,SLEEP_POD,28,-0.0006439442885006865
OXYGEN_SHAKE,SLEEP_POD,29,-0.004596667336564356
OXYGEN_SHAKE,SLEEP_POD,30,0.0036113929868248924
OXYGEN_SHAKE,SNACKPACK,-30,0.0015214736842927418
OXYGEN_SHAKE,SNACKPACK,-29,-0.0027593721071052482
OXYGEN_SHAKE,SNACKPACK,-28,0.00040130235480585394
OXYGEN_SHAKE,SNACKPACK,-27,0.0012581541576319906
OXYGEN_SHAKE,SNACKPACK,-26,0.001983852095158076
OXYGEN_SHAKE,SNACKPACK,-25,0.0003338403591151279
OXYGEN_SHAKE,SNACKPACK,-24,-0.008934949083940037
OXYGEN_SHAKE,SNACKPACK,-23,0.0029350518978034953
OXYGEN_SHAKE,SNACKPACK,-22,-0.007563749191726495
OXYGEN_SHAKE,SNACKPACK,-21,0.00355714815135047
OXYGEN_SHAKE,SNACKPACK,-20,0.002198131537412527
OXYGEN_SHAKE,SNACKPACK,-19,-0.004729841162579178
OXYGEN_SHAKE,SNACKPACK,-18,0.010180208059830295
OXYGEN_SHAKE,SNACKPACK,-17,-0.00013627292348124487
OXYGEN_SHAKE,SNACKPACK,-16,-0.0013270409090966149
OXYGEN_SHAKE,SNACKPACK,-15,-0.006780063702176263
OXYGEN_SHAKE,SNACKPACK,-14,0.003051827504696088
OXYGEN_SHAKE,SNACKPACK,-13,0.0004948539664438745
OXYGEN_SHAKE,SNACKPACK,-12,0.0012180640049666513
OXYGEN_SHAKE,SNACKPACK,-11,0.004242155292626864
OXYGEN_SHAKE,SNACKPACK,-10,-0.010560131357418994
OXYGEN_SHAKE,SNACKPACK,-9,-0.003766272107085955
OXYGEN_SHAKE,SNACKPACK,-8,0.0010097357594850709
OXYGEN_SHAKE,SNACKPACK,-7,0.0030613425087561786
OXYGEN_SHAKE,SNACKPACK,-6,0.0051246364648258194
OXYGEN_SHAKE,SNACKPACK,-5,-0.003626393221453759
OXYGEN_SHAKE,SNACKPACK,-4,-0.007356974768723003
OXYGEN_SHAKE,SNACKPACK,-3,7.81949847073329e-05
OXYGEN_SHAKE,SNACKPACK,-2,0.0014771382569061992
OXYGEN_SHAKE,SNACKPACK,-1,-0.05853456945349437
OXYGEN_SHAKE,SNACKPACK,1,-0.06916999492282995
OXYGEN_SHAKE,SNACKPACK,2,0.011316668184034878
OXYGEN_SHAKE,SNACKPACK,3,7.052493218296813e-06
OXYGEN_SHAKE,SNACKPACK,4,-0.0046900201203009155
OXYGEN_SHAKE,SNACKPACK,5,-0.0030869723889730164
OXYGEN_SHAKE,SNACKPACK,6,-0.0028798566975771307
OXYGEN_SHAKE,SNACKPACK,7,0.0001005027844244913
OXYGEN_SHAKE,SNACKPACK,8,0.003928863793407184
OXYGEN_SHAKE,SNACKPACK,9,-0.0015991506970242384
OXYGEN_SHAKE,SNACKPACK,10,-0.00038497742427180746
OXYGEN_SHAKE,SNACKPACK,11,0.008751165298602072
OXYGEN_SHAKE,SNACKPACK,12,0.001165572988358324
OXYGEN_SHAKE,SNACKPACK,13,0.005458378740651597
OXYGEN_SHAKE,SNACKPACK,14,-0.013093031017695104
OXYGEN_SHAKE,SNACKPACK,15,0.008263060785340873
OXYGEN_SHAKE,SNACKPACK,16,-0.0007046760481191143
OXYGEN_SHAKE,SNACKPACK,17,0.0009921989043982407
OXYGEN_SHAKE,SNACKPACK,18,-0.0013323479585874852
OXYGEN_SHAKE,SNACKPACK,19,0.004696330410396086
OXYGEN_SHAKE,SNACKPACK,20,0.0010066994430735696
OXYGEN_SHAKE,SNACKPACK,21,0.013427016397449617
OXYGEN_SHAKE,SNACKPACK,22,-0.0008773083274610836
OXYGEN_SHAKE,SNACKPACK,23,0.005105917858698841
OXYGEN_SHAKE,SNACKPACK,24,0.002357057436458122
OXYGEN_SHAKE,SNACKPACK,25,-0.00821166985346722
OXYGEN_SHAKE,SNACKPACK,26,0.001464616449486927
OXYGEN_SHAKE,SNACKPACK,27,-0.00699406909915913
OXYGEN_SHAKE,SNACKPACK,28,-0.005193758381357443
OXYGEN_SHAKE,SNACKPACK,29,-0.002495974632242629
OXYGEN_SHAKE,SNACKPACK,30,-0.003024150154427506
OXYGEN_SHAKE,TRANSLATOR,-30,0.0025464577963831467
OXYGEN_SHAKE,TRANSLATOR,-29,-0.00399906889755436
OXYGEN_SHAKE,TRANSLATOR,-28,0.006349998346666367
OXYGEN_SHAKE,TRANSLATOR,-27,-0.0011399645902189124
OXYGEN_SHAKE,TRANSLATOR,-26,-0.01171477796037242
OXYGEN_SHAKE,TRANSLATOR,-25,0.00934744173074804
OXYGEN_SHAKE,TRANSLATOR,-24,-0.002668069948259488
OXYGEN_SHAKE,TRANSLATOR,-23,-0.0007053489385076608
OXYGEN_SHAKE,TRANSLATOR,-22,-0.0003684434533617737
OXYGEN_SHAKE,TRANSLATOR,-21,0.003038723840661669
OXYGEN_SHAKE,TRANSLATOR,-20,0.003066759496892861
OXYGEN_SHAKE,TRANSLATOR,-19,-0.00021598462026095345
OXYGEN_SHAKE,TRANSLATOR,-18,-0.009040819870372757
OXYGEN_SHAKE,TRANSLATOR,-17,0.004706231369864413
OXYGEN_SHAKE,TRANSLATOR,-16,0.0004393895824395412
OXYGEN_SHAKE,TRANSLATOR,-15,-0.0036092254335208882
OXYGEN_SHAKE,TRANSLATOR,-14,0.001326217279225569
OXYGEN_SHAKE,TRANSLATOR,-13,-0.0015226690941493215
OXYGEN_SHAKE,TRANSLATOR,-12,1.5026935925794917e-05
OXYGEN_SHAKE,TRANSLATOR,-11,0.008106899429890383
OXYGEN_SHAKE,TRANSLATOR,-10,-0.0012757070479660142
OXYGEN_SHAKE,TRANSLATOR,-9,-0.0015615024074828324
OXYGEN_SHAKE,TRANSLATOR,-8,0.0056506293210507345
OXYGEN_SHAKE,TRANSLATOR,-7,-0.001180025039735859
OXYGEN_SHAKE,TRANSLATOR,-6,0.0031122521073302695
OXYGEN_SHAKE,TRANSLATOR,-5,-0.001679744047904632
OXYGEN_SHAKE,TRANSLATOR,-4,-0.007524698214575799
OXYGEN_SHAKE,TRANSLATOR,-3,0.010441655761109897
OXYGEN_SHAKE,TRANSLATOR,-2,0.007638142850645583
OXYGEN_SHAKE,TRANSLATOR,-1,0.0016564645210773619
OXYGEN_SHAKE,TRANSLATOR,1,-0.006155896522814931
OXYGEN_SHAKE,TRANSLATOR,2,0.0034527529133113813
OXYGEN_SHAKE,TRANSLATOR,3,-0.003385427917677422
OXYGEN_SHAKE,TRANSLATOR,4,-0.011695869353615732
OXYGEN_SHAKE,TRANSLATOR,5,0.0048740537325833964
OXYGEN_SHAKE,TRANSLATOR,6,0.002257197419579332
OXYGEN_SHAKE,TRANSLATOR,7,-0.002701270341983825
OXYGEN_SHAKE,TRANSLATOR,8,-0.006981609622758015
OXYGEN_SHAKE,TRANSLATOR,9,-0.0012441904082423545
OXYGEN_SHAKE,TRANSLATOR,10,-0.0025228864497127
OXYGEN_SHAKE,TRANSLATOR,11,-0.0021857154547658855
OXYGEN_SHAKE,TRANSLATOR,12,0.00010537704066857421
OXYGEN_SHAKE,TRANSLATOR,13,0.015041894251280469
OXYGEN_SHAKE,TRANSLATOR,14,0.0030897864998015046
OXYGEN_SHAKE,TRANSLATOR,15,0.00018178309889301723
OXYGEN_SHAKE,TRANSLATOR,16,-0.003588125793005269
OXYGEN_SHAKE,TRANSLATOR,17,0.001227202912823651
OXYGEN_SHAKE,TRANSLATOR,18,0.00991837386293064
OXYGEN_SHAKE,TRANSLATOR,19,0.0001207789506671344
OXYGEN_SHAKE,TRANSLATOR,20,0.011190614638329563
OXYGEN_SHAKE,TRANSLATOR,21,0.0023470537760142958
OXYGEN_SHAKE,TRANSLATOR,22,0.001491649113932353
OXYGEN_SHAKE,TRANSLATOR,23,0.010126510748895921
OXYGEN_SHAKE,TRANSLATOR,24,-0.002834222856173368
OXYGEN_SHAKE,TRANSLATOR,25,0.0013261647242014045
OXYGEN_SHAKE,TRANSLATOR,26,0.011704208154356768
OXYGEN_SHAKE,TRANSLATOR,27,-0.004079146268127079
OXYGEN_SHAKE,TRANSLATOR,28,0.003278268882091601
OXYGEN_SHAKE,TRANSLATOR,29,0.0032773541527351914
OXYGEN_SHAKE,TRANSLATOR,30,0.004513929231327527
OXYGEN_SHAKE,UV_VISOR,-30,0.0027723198376226553
OXYGEN_SHAKE,UV_VISOR,-29,-0.003867484685445138
OXYGEN_SHAKE,UV_VISOR,-28,0.001880610239944267
OXYGEN_SHAKE,UV_VISOR,-27,0.00035971342354670894
OXYGEN_SHAKE,UV_VISOR,-26,0.009886300663902996
OXYGEN_SHAKE,UV_VISOR,-25,0.008619234060467138
OXYGEN_SHAKE,UV_VISOR,-24,-0.0029709761142231203
OXYGEN_SHAKE,UV_VISOR,-23,-0.005691813069489627
OXYGEN_SHAKE,UV_VISOR,-22,5.643772912506288e-05
OXYGEN_SHAKE,UV_VISOR,-21,0.003986711263110257
OXYGEN_SHAKE,UV_VISOR,-20,-0.006398976953582986
OXYGEN_SHAKE,UV_VISOR,-19,-0.005037708120752446
OXYGEN_SHAKE,UV_VISOR,-18,-0.00445335815214084
OXYGEN_SHAKE,UV_VISOR,-17,-0.005682230434350464
OXYGEN_SHAKE,UV_VISOR,-16,-0.0014183118861167282
OXYGEN_SHAKE,UV_VISOR,-15,-0.013739329568206938
OXYGEN_SHAKE,UV_VISOR,-14,0.010177426846241476
OXYGEN_SHAKE,UV_VISOR,-13,0.0023106031375072344
OXYGEN_SHAKE,UV_VISOR,-12,0.00838040154584944
OXYGEN_SHAKE,UV_VISOR,-11,-0.003779962844906608
OXYGEN_SHAKE,UV_VISOR,-10,-0.005447916160875523
OXYGEN_SHAKE,UV_VISOR,-9,-0.006874177018110238
OXYGEN_SHAKE,UV_VISOR,-8,0.004676847869896196
OXYGEN_SHAKE,UV_VISOR,-7,0.005513797408011078
OXYGEN_SHAKE,UV_VISOR,-6,-0.007339330812029969
OXYGEN_SHAKE,UV_VISOR,-5,-0.007251538114628867
OXYGEN_SHAKE,UV_VISOR,-4,0.007519370882119093
OXYGEN_SHAKE,UV_VISOR,-3,-0.0023592660831144073
OXYGEN_SHAKE,UV_VISOR,-2,-0.006066661925818864
OXYGEN_SHAKE,UV_VISOR,-1,-0.026094964573180928
OXYGEN_SHAKE,UV_VISOR,1,-0.02225677128377756
OXYGEN_SHAKE,UV_VISOR,2,0.014971390147673696
OXYGEN_SHAKE,UV_VISOR,3,-0.00030044903409821313
OXYGEN_SHAKE,UV_VISOR,4,0.007007183858406518
OXYGEN_SHAKE,UV_VISOR,5,-0.0030922746304738406
OXYGEN_SHAKE,UV_VISOR,6,-0.0030365115081130013
OXYGEN_SHAKE,UV_VISOR,7,-0.002618003379350616
OXYGEN_SHAKE,UV_VISOR,8,-0.011789084101454654
OXYGEN_SHAKE,UV_VISOR,9,-0.006336823465040072
OXYGEN_SHAKE,UV_VISOR,10,-0.009764677062839145
OXYGEN_SHAKE,UV_VISOR,11,-0.0042275010471475895
OXYGEN_SHAKE,UV_VISOR,12,0.006076192855696494
OXYGEN_SHAKE,UV_VISOR,13,0.004113192474801114
OXYGEN_SHAKE,UV_VISOR,14,-0.004991351400525653
OXYGEN_SHAKE,UV_VISOR,15,0.006057540359729086
OXYGEN_SHAKE,UV_VISOR,16,0.011587896213430107
OXYGEN_SHAKE,UV_VISOR,17,-0.007940353540068862
OXYGEN_SHAKE,UV_VISOR,18,9.677920307358993e-05
OXYGEN_SHAKE,UV_VISOR,19,0.007567093064788361
OXYGEN_SHAKE,UV_VISOR,20,0.007942766291175206
OXYGEN_SHAKE,UV_VISOR,21,0.00035396025323554544
OXYGEN_SHAKE,UV_VISOR,22,0.0006559061164001783
OXYGEN_SHAKE,UV_VISOR,23,-0.00110839155971004
OXYGEN_SHAKE,UV_VISOR,24,-0.0028600748375980866
OXYGEN_SHAKE,UV_VISOR,25,-0.007302912565422372
OXYGEN_SHAKE,UV_VISOR,26,0.004062201484884075
OXYGEN_SHAKE,UV_VISOR,27,0.004218331626791182
OXYGEN_SHAKE,UV_VISOR,28,-0.009065701245262773
OXYGEN_SHAKE,UV_VISOR,29,0.0038220376049773867
OXYGEN_SHAKE,UV_VISOR,30,0.0018983170264214814
PANEL,GALAXY_SOUNDS,-30,0.003993055352301772
PANEL,GALAXY_SOUNDS,-29,-0.0007735382744231547
PANEL,GALAXY_SOUNDS,-28,-0.007225310574211859
PANEL,GALAXY_SOUNDS,-27,0.005362627289990241
PANEL,GALAXY_SOUNDS,-26,-0.0007875066172434841
PANEL,GALAXY_SOUNDS,-25,-0.0031106276300803416
PANEL,GALAXY_SOUNDS,-24,0.00045565719884599343
PANEL,GALAXY_SOUNDS,-23,-0.0027824183318669385
PANEL,GALAXY_SOUNDS,-22,0.00173549703914794
PANEL,GALAXY_SOUNDS,-21,-0.003238130244912085
PANEL,GALAXY_SOUNDS,-20,0.000659924530626637
PANEL,GALAXY_SOUNDS,-19,0.004032758198965882
PANEL,GALAXY_SOUNDS,-18,0.009165424532892326
PANEL,GALAXY_SOUNDS,-17,0.004741914429182901
PANEL,GALAXY_SOUNDS,-16,-0.0007010555439125585
PANEL,GALAXY_SOUNDS,-15,0.008479709139837716
PANEL,GALAXY_SOUNDS,-14,-0.016837673898594824
PANEL,GALAXY_SOUNDS,-13,-0.004136760680978127
PANEL,GALAXY_SOUNDS,-12,0.0007096973655111873
PANEL,GALAXY_SOUNDS,-11,0.0023912355913545723
PANEL,GALAXY_SOUNDS,-10,0.00530842667677203
PANEL,GALAXY_SOUNDS,-9,-0.00013398070349443023
PANEL,GALAXY_SOUNDS,-8,0.014281359582667685
PANEL,GALAXY_SOUNDS,-7,-0.002514323254850612
PANEL,GALAXY_SOUNDS,-6,-0.003503444463901921
PANEL,GALAXY_SOUNDS,-5,0.002568982997833955
PANEL,GALAXY_SOUNDS,-4,-0.0021621019384792718
PANEL,GALAXY_SOUNDS,-3,0.00044113924856613827
PANEL,GALAXY_SOUNDS,-2,-0.0019807232259564265
PANEL,GALAXY_SOUNDS,-1,-0.012536044284406777
PANEL,GALAXY_SOUNDS,1,-0.019224324952944214
PANEL,GALAXY_SOUNDS,2,0.006515663305204793
PANEL,GALAXY_SOUNDS,3,-0.0005092085699029594
PANEL,GALAXY_SOUNDS,4,-0.004363021550506575
PANEL,GALAXY_SOUNDS,5,0.0006758976048202045
PANEL,GALAXY_SOUNDS,6,0.0008937523407682383
PANEL,GALAXY_SOUNDS,7,0.006601577270606786
PANEL,GALAXY_SOUNDS,8,0.0010881842302576333
PANEL,GALAXY_SOUNDS,9,0.001161405004224043
PANEL,GALAXY_SOUNDS,10,-0.0041042179823027585
PANEL,GALAXY_SOUNDS,11,-0.002625178796837916
PANEL,GALAXY_SOUNDS,12,0.007656570480522036
PANEL,GALAXY_SOUNDS,13,-0.005009560224192504
PANEL,GALAXY_SOUNDS,14,-0.0057449068339994495
PANEL,GALAXY_SOUNDS,15,0.009745241562635211
PANEL,GALAXY_SOUNDS,16,0.0031109259727822
PANEL,GALAXY_SOUNDS,17,0.0032513402246567426
PANEL,GALAXY_SOUNDS,18,0.0015024712817854134
PANEL,GALAXY_SOUNDS,19,-0.001641758543681282
PANEL,GALAXY_SOUNDS,20,0.0018770423399794044
PANEL,GALAXY_SOUNDS,21,-0.00833523038514568
PANEL,GALAXY_SOUNDS,22,0.008480285548420575
PANEL,GALAXY_SOUNDS,23,0.006680250776163194
PANEL,GALAXY_SOUNDS,24,-0.012898460824878428
PANEL,GALAXY_SOUNDS,25,0.005206192360449792
PANEL,GALAXY_SOUNDS,26,-0.008785431297840854
PANEL,GALAXY_SOUNDS,27,0.004182012536236945
PANEL,GALAXY_SOUNDS,28,0.006125347441813016
PANEL,GALAXY_SOUNDS,29,-0.002921044702930983
PANEL,GALAXY_SOUNDS,30,-0.0007159681282950415
PANEL,MICROCHIP,-30,6.151096226583036e-05
PANEL,MICROCHIP,-29,-0.008143984384942335
PANEL,MICROCHIP,-28,-0.0046841613187431005
PANEL,MICROCHIP,-27,0.0031280773856972597
PANEL,MICROCHIP,-26,0.007878768066729444
PANEL,MICROCHIP,-25,-0.0030904221373191675
PANEL,MICROCHIP,-24,0.0018173222901628032
PANEL,MICROCHIP,-23,-0.005019947888105062
PANEL,MICROCHIP,-22,-0.00420675609925826
PANEL,MICROCHIP,-21,-0.0012169834591696552
PANEL,MICROCHIP,-20,0.006317724379759748
PANEL,MICROCHIP,-19,0.002583912613790617
PANEL,MICROCHIP,-18,-0.002844976910104504
PANEL,MICROCHIP,-17,-0.014460443054690447
PANEL,MICROCHIP,-16,0.005489290107134953
PANEL,MICROCHIP,-15,-0.009486130393739517
PANEL,MICROCHIP,-14,-0.002706595105407964
PANEL,MICROCHIP,-13,0.0005880894494152279
PANEL,MICROCHIP,-12,-0.0019168691423244312
PANEL,MICROCHIP,-11,0.0014883999874767608
PANEL,MICROCHIP,-10,0.00029163976180807463
PANEL,MICROCHIP,-9,0.007346902830506552
PANEL,MICROCHIP,-8,0.0012644409801961375
PANEL,MICROCHIP,-7,-0.004153531364603083
PANEL,MICROCHIP,-6,-0.0033295187183794224
PANEL,MICROCHIP,-5,-0.009044203080814014
PANEL,MICROCHIP,-4,0.0028487973243415243
PANEL,MICROCHIP,-3,0.009247795225386896
PANEL,MICROCHIP,-2,0.0047960984755706345
PANEL,MICROCHIP,-1,-0.00044508206671776333
PANEL,MICROCHIP,1,-0.0031163335778232135
PANEL,MICROCHIP,2,0.0009647137303594014
PANEL,MICROCHIP,3,-0.0053493462037888335
PANEL,MICROCHIP,4,-0.0053494225966384396
PANEL,MICROCHIP,5,-0.003865458524407873
PANEL,MICROCHIP,6,-0.002113856399895964
PANEL,MICROCHIP,7,0.004145971578578909
PANEL,MICROCHIP,8,-0.0006110799470382289
PANEL,MICROCHIP,9,0.010752923650925192
PANEL,MICROCHIP,10,-0.00019800924859925912
PANEL,MICROCHIP,11,-0.004384921889029949
PANEL,MICROCHIP,12,0.0115364546539072
PANEL,MICROCHIP,13,0.005401460627923913
PANEL,MICROCHIP,14,-0.005717352694670051
PANEL,MICROCHIP,15,-0.00437047964804745
PANEL,MICROCHIP,16,0.0032108132550650406
PANEL,MICROCHIP,17,-0.004190560562403405
PANEL,MICROCHIP,18,0.007976439121871794
PANEL,MICROCHIP,19,-0.0081014753344299
PANEL,MICROCHIP,20,0.003224080593809093
PANEL,MICROCHIP,21,-0.0032441489960154104
PANEL,MICROCHIP,22,0.0030699017993266395
PANEL,MICROCHIP,23,-0.00933212224023927
PANEL,MICROCHIP,24,0.008091678009831196
PANEL,MICROCHIP,25,-0.0031253995509290308
PANEL,MICROCHIP,26,0.0016954152719516054
PANEL,MICROCHIP,27,0.0034114413863959477
PANEL,MICROCHIP,28,0.004753952214039718
PANEL,MICROCHIP,29,-0.004870507536555652
PANEL,MICROCHIP,30,0.0007474991900937125
PANEL,OXYGEN_SHAKE,-30,-0.005401121999610764
PANEL,OXYGEN_SHAKE,-29,0.00490413905857729
PANEL,OXYGEN_SHAKE,-28,-0.005922972476010991
PANEL,OXYGEN_SHAKE,-27,-0.01000412546271549
PANEL,OXYGEN_SHAKE,-26,-0.006017942103756727
PANEL,OXYGEN_SHAKE,-25,-0.006895179638900181
PANEL,OXYGEN_SHAKE,-24,-0.0029891071017138266
PANEL,OXYGEN_SHAKE,-23,-0.0010217656207024482
PANEL,OXYGEN_SHAKE,-22,0.0010355349628088084
PANEL,OXYGEN_SHAKE,-21,0.0010511342063274434
PANEL,OXYGEN_SHAKE,-20,0.0010058467946250946
PANEL,OXYGEN_SHAKE,-19,0.0013564626199681004
PANEL,OXYGEN_SHAKE,-18,-0.0026218186162176313
PANEL,OXYGEN_SHAKE,-17,0.003851164436462603
PANEL,OXYGEN_SHAKE,-16,0.0005182713303070045
PANEL,OXYGEN_SHAKE,-15,-0.005441765529757563
PANEL,OXYGEN_SHAKE,-14,-0.0005627018132972216
PANEL,OXYGEN_SHAKE,-13,0.0016558386658738
PANEL,OXYGEN_SHAKE,-12,0.007188277580149391
PANEL,OXYGEN_SHAKE,-11,-0.002893949950616682
PANEL,OXYGEN_SHAKE,-10,0.005585176205491292
PANEL,OXYGEN_SHAKE,-9,-0.00292657568095056
PANEL,OXYGEN_SHAKE,-8,0.003845862908900933
PANEL,OXYGEN_SHAKE,-7,0.003127148062537261
PANEL,OXYGEN_SHAKE,-6,-0.0018076317242138513
PANEL,OXYGEN_SHAKE,-5,0.003620848841136958
PANEL,OXYGEN_SHAKE,-4,0.003181732710444369
PANEL,OXYGEN_SHAKE,-3,-0.0013226205218435235
PANEL,OXYGEN_SHAKE,-2,-0.0058245650626419405
PANEL,OXYGEN_SHAKE,-1,-0.008714555003125188
PANEL,OXYGEN_SHAKE,1,-0.01138582395530621
PANEL,OXYGEN_SHAKE,2,-0.010570156790588767
PANEL,OXYGEN_SHAKE,3,-0.007869658278142254
PANEL,OXYGEN_SHAKE,4,0.0026988633510337825
PANEL,OXYGEN_SHAKE,5,0.007687351456849744
PANEL,OXYGEN_SHAKE,6,0.0035150177285879457
PANEL,OXYGEN_SHAKE,7,-0.006664786124400866
PANEL,OXYGEN_SHAKE,8,-0.0016378921609378962
PANEL,OXYGEN_SHAKE,9,-0.006321123099093002
PANEL,OXYGEN_SHAKE,10,0.0025213517070702793
PANEL,OXYGEN_SHAKE,11,0.003085007833816198
PANEL,OXYGEN_SHAKE,12,0.0009304838723751023
PANEL,OXYGEN_SHAKE,13,-0.0034718830809211646
PANEL,OXYGEN_SHAKE,14,-0.00036736879699438056
PANEL,OXYGEN_SHAKE,15,0.002726710580531371
PANEL,OXYGEN_SHAKE,16,0.0034152115889321964
PANEL,OXYGEN_SHAKE,17,-0.000631813161392333
PANEL,OXYGEN_SHAKE,18,0.005818022141239605
PANEL,OXYGEN_SHAKE,19,0.002245515767580594
PANEL,OXYGEN_SHAKE,20,-0.0003000573567060573
PANEL,OXYGEN_SHAKE,21,-0.011122244948313776
PANEL,OXYGEN_SHAKE,22,-0.0030306790428821415
PANEL,OXYGEN_SHAKE,23,0.011454496102929743
PANEL,OXYGEN_SHAKE,24,-0.006072712462456988
PANEL,OXYGEN_SHAKE,25,0.003549861128990356
PANEL,OXYGEN_SHAKE,26,-0.014281621914017648
PANEL,OXYGEN_SHAKE,27,-0.0002555838712337776
PANEL,OXYGEN_SHAKE,28,0.010157683720554006
PANEL,OXYGEN_SHAKE,29,-0.005887984612659329
PANEL,OXYGEN_SHAKE,30,0.005783448407099401
PANEL,PEBBLES,-30,0.0015609879507447323
PANEL,PEBBLES,-29,-0.001976413795369216
PANEL,PEBBLES,-28,0.004940979041609251
PANEL,PEBBLES,-27,-0.0013000829576758214
PANEL,PEBBLES,-26,0.0017721541180040887
PANEL,PEBBLES,-25,0.0002074951649731801
PANEL,PEBBLES,-24,-0.0073515715275150086
PANEL,PEBBLES,-23,0.0065466196887794805
PANEL,PEBBLES,-22,-0.012738313168844854
PANEL,PEBBLES,-21,0.011687619296462493
PANEL,PEBBLES,-20,-0.012032316867500236
PANEL,PEBBLES,-19,0.012468591988689954
PANEL,PEBBLES,-18,0.00028618796627364473
PANEL,PEBBLES,-17,0.005135915240200984
PANEL,PEBBLES,-16,-0.001981655581430704
PANEL,PEBBLES,-15,-0.006647188670029805
PANEL,PEBBLES,-14,0.0009780315948757223
PANEL,PEBBLES,-13,0.0031087850096391356
PANEL,PEBBLES,-12,0.004734560882464919
PANEL,PEBBLES,-11,-0.004610659223687193
PANEL,PEBBLES,-10,0.0033002870496417467
PANEL,PEBBLES,-9,-0.004648032986450505
PANEL,PEBBLES,-8,-0.005747602984264518
PANEL,PEBBLES,-7,0.0029127822240411863
PANEL,PEBBLES,-6,0.001648279870612308
PANEL,PEBBLES,-5,-0.0009940830007668558
PANEL,PEBBLES,-4,0.0024040230017961578
PANEL,PEBBLES,-3,0.004470530811831013
PANEL,PEBBLES,-2,-0.007871272271815662
PANEL,PEBBLES,-1,0.007295182880900228
PANEL,PEBBLES,1,-0.004184370014726442
PANEL,PEBBLES,2,0.004480161379407503
PANEL,PEBBLES,3,0.005846642578444863
PANEL,PEBBLES,4,-0.009563477033689248
PANEL,PEBBLES,5,0.0054542255557474455
PANEL,PEBBLES,6,-0.0028960473446415463
PANEL,PEBBLES,7,-0.003356441099754601
PANEL,PEBBLES,8,0.007315541582733637
PANEL,PEBBLES,9,-0.0029915887921308803
PANEL,PEBBLES,10,0.0004600266638890258
PANEL,PEBBLES,11,-0.007401090184117034
PANEL,PEBBLES,12,0.012261488123478034
PANEL,PEBBLES,13,-0.005236046221090415
PANEL,PEBBLES,14,-0.0074448809108425594
PANEL,PEBBLES,15,0.006201477244432891
PANEL,PEBBLES,16,0.008085288816667738
PANEL,PEBBLES,17,-0.007264985864909873
PANEL,PEBBLES,18,-0.0018600740187049896
PANEL,PEBBLES,19,0.004785388592385596
PANEL,PEBBLES,20,-0.005619773390041707
PANEL,PEBBLES,21,0.011111247965927162
PANEL,PEBBLES,22,-0.0068300665505401665
PANEL,PEBBLES,23,-0.0008430230146028266
PANEL,PEBBLES,24,-0.002750191600667847
PANEL,PEBBLES,25,0.0004529534779740613
PANEL,PEBBLES,26,-0.0022249921884796853
PANEL,PEBBLES,27,0.0021476708021317546
PANEL,PEBBLES,28,0.005642063590132124
PANEL,PEBBLES,29,-0.00870219833426371
PANEL,PEBBLES,30,0.001697232130290793
PANEL,ROBOT,-30,0.002618073135361422
PANEL,ROBOT,-29,0.005026864374727015
PANEL,ROBOT,-28,-0.004052878526780311
PANEL,ROBOT,-27,-0.007704240917132572
PANEL,ROBOT,-26,0.004934833309116676
PANEL,ROBOT,-25,-9.42536762850569e-05
PANEL,ROBOT,-24,0.0010393531608746931
PANEL,ROBOT,-23,-0.0007100448743815044
PANEL,ROBOT,-22,0.002319236579193374
PANEL,ROBOT,-21,0.004121004681058334
PANEL,ROBOT,-20,-0.010114950008301463
PANEL,ROBOT,-19,0.005010199422526161
PANEL,ROBOT,-18,0.0014792489625779911
PANEL,ROBOT,-17,0.0026367905949060346
PANEL,ROBOT,-16,0.00031113734081859173
PANEL,ROBOT,-15,0.000470954005480687
PANEL,ROBOT,-14,-0.0032027257469119147
PANEL,ROBOT,-13,0.002572152207944785
PANEL,ROBOT,-12,0.0035865356224836836
PANEL,ROBOT,-11,0.0005026823302592363
PANEL,ROBOT,-10,-0.005595796959623389
PANEL,ROBOT,-9,0.006641831107397323
PANEL,ROBOT,-8,-0.002520615135716846
PANEL,ROBOT,-7,0.005781267472844332
PANEL,ROBOT,-6,0.0017482321414662933
PANEL,ROBOT,-5,-0.005701679479953023
PANEL,ROBOT,-4,0.0013280096157156402
PANEL,ROBOT,-3,-0.0010440834749704865
PANEL,ROBOT,-2,0.004304746287019751
PANEL,ROBOT,-1,-0.012371943531774926
PANEL,ROBOT,1,-0.002853615983956483
PANEL,ROBOT,2,-0.007529114805117632
PANEL,ROBOT,3,-0.002129803411031843
PANEL,ROBOT,4,-0.009372563639363837
PANEL,ROBOT,5,0.0040423522523637114
PANEL,ROBOT,6,-0.003143780390385975
PANEL,ROBOT,7,0.00018969424090646062
PANEL,ROBOT,8,0.0035459389614019266
PANEL,ROBOT,9,0.00572796902965687
PANEL,ROBOT,10,-0.004389170095841845
PANEL,ROBOT,11,0.003541977279864366
PANEL,ROBOT,12,0.018942867006970142
PANEL,ROBOT,13,-0.0029437715049555496
PANEL,ROBOT,14,-0.0055198929874722
PANEL,ROBOT,15,0.0011146389317947976
PANEL,ROBOT,16,-0.000952078173199208
PANEL,ROBOT,17,0.002120804347116649
PANEL,ROBOT,18,-0.005416901304992086
PANEL,ROBOT,19,0.0029567539341442237
PANEL,ROBOT,20,-0.0002893663684364666
PANEL,ROBOT,21,0.009946281791150494
PANEL,ROBOT,22,0.007364072436979878
PANEL,ROBOT,23,-0.013671814126024381
PANEL,ROBOT,24,-0.002565275492495662
PANEL,ROBOT,25,0.002159495343363505
PANEL,ROBOT,26,-0.007835345481529234
PANEL,ROBOT,27,-0.0012933900522958666
PANEL,ROBOT,28,-0.003512996284617172
PANEL,ROBOT,29,-0.011152622825422327
PANEL,ROBOT,30,0.013125199800288506
PANEL,SLEEP_POD,-30,0.0006966247383169206
PANEL,SLEEP_POD,-29,-0.007931193948084817
PANEL,SLEEP_POD,-28,0.009890413194163452
PANEL,SLEEP_POD,-27,0.0036127240322344476
PANEL,SLEEP_POD,-26,-0.005674601372423827
PANEL,SLEEP_POD,-25,0.0020195105642269633
PANEL,SLEEP_POD,-24,-0.0014026169330649378
PANEL,SLEEP_POD,-23,-0.0021285699986271496
PANEL,SLEEP_POD,-22,-0.003166542613150535
PANEL,SLEEP_POD,-21,-0.005347037459535624
PANEL,SLEEP_POD,-20,-0.0054880795118973525
PANEL,SLEEP_POD,-19,-0.00034682190844852195
PANEL,SLEEP_POD,-18,0.004865842660525645
PANEL,SLEEP_POD,-17,-0.005565271293493427
PANEL,SLEEP_POD,-16,-0.00617981370938354
PANEL,SLEEP_POD,-15,-0.005116562340261664
PANEL,SLEEP_POD,-14,-0.0019514982102858851
PANEL,SLEEP_POD,-13,0.0010056910750998785
PANEL,SLEEP_POD,-12,0.010009262939657208
PANEL,SLEEP_POD,-11,-0.006418396061941737
PANEL,SLEEP_POD,-10,0.000614903672990904
PANEL,SLEEP_POD,-9,0.001321147362565013
PANEL,SLEEP_POD,-8,0.007156175010069387
PANEL,SLEEP_POD,-7,0.0007246191428608203
PANEL,SLEEP_POD,-6,0.005381678964595073
PANEL,SLEEP_POD,-5,0.002721135966303568
PANEL,SLEEP_POD,-4,0.0013729073595474277
PANEL,SLEEP_POD,-3,0.011710463780933605
PANEL,SLEEP_POD,-2,0.00665720946373159
PANEL,SLEEP_POD,-1,-0.01682605659560472
PANEL,SLEEP_POD,1,-0.0051099629877866285
PANEL,SLEEP_POD,2,-0.0017887676612963993
PANEL,SLEEP_POD,3,0.015216536675078616
PANEL,SLEEP_POD,4,0.0060896162711518145
PANEL,SLEEP_POD,5,-0.008273843708830022
PANEL,SLEEP_POD,6,-0.0005361521468322885
PANEL,SLEEP_POD,7,0.004238813365038207
PANEL,SLEEP_POD,8,-0.00022835175404664097
PANEL,SLEEP_POD,9,-0.0025196821468885648
PANEL,SLEEP_POD,10,0.0014006650810120217
PANEL,SLEEP_POD,11,0.00272334246342499
PANEL,SLEEP_POD,12,-0.001434035514993643
PANEL,SLEEP_POD,13,-0.001879912062247745
PANEL,SLEEP_POD,14,0.0017663549792915122
PANEL,SLEEP_POD,15,0.005252179628730701
PANEL,SLEEP_POD,16,0.0037906941546517075
PANEL,SLEEP_POD,17,-0.009311454374524377
PANEL,SLEEP_POD,18,0.001520561794829099
PANEL,SLEEP_POD,19,0.004037331190090658
PANEL,SLEEP_POD,20,0.007231645566056852
PANEL,SLEEP_POD,21,-0.009698002799827672
PANEL,SLEEP_POD,22,-0.00173262701270894
PANEL,SLEEP_POD,23,-0.004531972548445611
PANEL,SLEEP_POD,24,0.007175334728066403
PANEL,SLEEP_POD,25,-0.002568453492705093
PANEL,SLEEP_POD,26,0.0034194051300693385
PANEL,SLEEP_POD,27,-0.005860421156005284
PANEL,SLEEP_POD,28,-0.00810187288801288
PANEL,SLEEP_POD,29,-0.004111542595224829
PANEL,SLEEP_POD,30,0.004767660261402395
PANEL,SNACKPACK,-30,0.009905821057776909
PANEL,SNACKPACK,-29,0.002402216343562608
PANEL,SNACKPACK,-28,0.004544977925552172
PANEL,SNACKPACK,-27,0.004329644684722259
PANEL,SNACKPACK,-26,-0.0030929549964158008
PANEL,SNACKPACK,-25,-0.005522510524384335
PANEL,SNACKPACK,-24,0.003223072662055459
PANEL,SNACKPACK,-23,-0.005413537754304054
PANEL,SNACKPACK,-22,0.003455934440599297
PANEL,SNACKPACK,-21,-0.003220833322850609
PANEL,SNACKPACK,-20,-0.002655987916167862
PANEL,SNACKPACK,-19,-0.00468877900857291
PANEL,SNACKPACK,-18,-0.00485758641744194
PANEL,SNACKPACK,-17,0.0077363625069637836
PANEL,SNACKPACK,-16,0.011549733806667784
PANEL,SNACKPACK,-15,0.0053875013482654645
PANEL,SNACKPACK,-14,-0.0153226361105805
PANEL,SNACKPACK,-13,-0.011829660661333142
PANEL,SNACKPACK,-12,0.016055468274971722
PANEL,SNACKPACK,-11,-0.00404655202938844
PANEL,SNACKPACK,-10,0.012389952745797994
PANEL,SNACKPACK,-9,-0.001566031480795241
PANEL,SNACKPACK,-8,0.0008809956372794327
PANEL,SNACKPACK,-7,0.004020613549367186
PANEL,SNACKPACK,-6,-0.008961567870046684
PANEL,SNACKPACK,-5,0.005514637527169701
PANEL,SNACKPACK,-4,-0.011879467115873153
PANEL,SNACKPACK,-3,0.005177894847458098
PANEL,SNACKPACK,-2,-0.005681888827545515
PANEL,SNACKPACK,-1,-0.03747650809780518
PANEL,SNACKPACK,1,-0.050589196910932895
PANEL,SNACKPACK,2,-0.0012853773020662167
PANEL,SNACKPACK,3,0.003027320724947267
PANEL,SNACKPACK,4,-0.0017657940237563604
PANEL,SNACKPACK,5,0.006177264272659399
PANEL,SNACKPACK,6,0.002594780000289307
PANEL,SNACKPACK,7,0.01261639759076846
PANEL,SNACKPACK,8,0.00290040617717459
PANEL,SNACKPACK,9,0.0019603194257204917
PANEL,SNACKPACK,10,0.0053673708472131345
PANEL,SNACKPACK,11,-0.008156454521447969
PANEL,SNACKPACK,12,0.00978478411028175
PANEL,SNACKPACK,13,-0.004739939620011875
PANEL,SNACKPACK,14,0.0014158191387273014
PANEL,SNACKPACK,15,-0.0026774867341509932
PANEL,SNACKPACK,16,0.004223381847698064
PANEL,SNACKPACK,17,0.005891537876361
PANEL,SNACKPACK,18,-0.006324702508709295
PANEL,SNACKPACK,19,-0.001965148548266039
PANEL,SNACKPACK,20,0.00389454029527987
PANEL,SNACKPACK,21,-0.0062603634990572015
PANEL,SNACKPACK,22,0.0032999037431382834
PANEL,SNACKPACK,23,0.005718355634434994
PANEL,SNACKPACK,24,0.0009400743552431209
PANEL,SNACKPACK,25,0.010591282429394305
PANEL,SNACKPACK,26,0.004430445617229792
PANEL,SNACKPACK,27,0.00023160526591281658
PANEL,SNACKPACK,28,0.0003110858385098049
PANEL,SNACKPACK,29,-0.004128458604226929
PANEL,SNACKPACK,30,0.013401251956771948
PANEL,TRANSLATOR,-30,-0.003859492530678942
PANEL,TRANSLATOR,-29,0.008811116135492299
PANEL,TRANSLATOR,-28,0.0027548697256558714
PANEL,TRANSLATOR,-27,0.005512625205798424
PANEL,TRANSLATOR,-26,-0.0060882219278309575
PANEL,TRANSLATOR,-25,-0.0009906107887123318
PANEL,TRANSLATOR,-24,0.0006926591679869398
PANEL,TRANSLATOR,-23,-0.005191365511914971
PANEL,TRANSLATOR,-22,-0.006557885881559068
PANEL,TRANSLATOR,-21,-0.00016842040463779074
PANEL,TRANSLATOR,-20,0.002953284390527392
PANEL,TRANSLATOR,-19,-0.0067674138493828495
PANEL,TRANSLATOR,-18,-0.00559360205163463
PANEL,TRANSLATOR,-17,-0.0012196559051788707
PANEL,TRANSLATOR,-16,-0.007792860803211154
PANEL,TRANSLATOR,-15,0.008958560582193163
PANEL,TRANSLATOR,-14,0.00271605357281708
PANEL,TRANSLATOR,-13,-0.004247465797716675
PANEL,TRANSLATOR,-12,-0.004446924363523742
PANEL,TRANSLATOR,-11,0.0015335997116904447
PANEL,TRANSLATOR,-10,-0.006031065789974002
PANEL,TRANSLATOR,-9,-0.006947814831496953
PANEL,TRANSLATOR,-8,-0.0033355370557071147
PANEL,TRANSLATOR,-7,-0.0006881010937488196
PANEL,TRANSLATOR,-6,-0.013527501643517901
PANEL,TRANSLATOR,-5,0.00785999644010238
PANEL,TRANSLATOR,-4,0.0008928120070331398
PANEL,TRANSLATOR,-3,-0.004071671931233554
PANEL,TRANSLATOR,-2,-0.004930506013790014
PANEL,TRANSLATOR,-1,-0.012000985841334966
PANEL,TRANSLATOR,1,-0.009509633148896248
PANEL,TRANSLATOR,2,0.0033695846312287057
PANEL,TRANSLATOR,3,-0.00013009535624454894
PANEL,TRANSLATOR,4,-0.008493907602861693
PANEL,TRANSLATOR,5,0.00028031204554631673
PANEL,TRANSLATOR,6,0.0007043033053178948
PANEL,TRANSLATOR,7,-0.0017475317134645375
PANEL,TRANSLATOR,8,-0.0029695215631570394
PANEL,TRANSLATOR,9,0.0036276630299543365
PANEL,TRANSLATOR,10,0.0015065665919041615
PANEL,TRANSLATOR,11,0.006621612975413035
PANEL,TRANSLATOR,12,0.005831256967161312
PANEL,TRANSLATOR,13,-0.008546759210992247
PANEL,TRANSLATOR,14,-0.006584300825330274
PANEL,TRANSLATOR,15,-0.00994028590961245
PANEL,TRANSLATOR,16,-0.004379310770615825
PANEL,TRANSLATOR,17,-0.0022332853537826397
PANEL,TRANSLATOR,18,-0.004826551408472717
PANEL,TRANSLATOR,19,0.004362931273391461
PANEL,TRANSLATOR,20,-0.007517663944727608
PANEL,TRANSLATOR,21,-0.005430132445782192
PANEL,TRANSLATOR,22,0.005790639777962272
PANEL,TRANSLATOR,23,-0.005895955520461789
PANEL,TRANSLATOR,24,0.00763058063790207
PANEL,TRANSLATOR,25,0.005053496312775426
PANEL,TRANSLATOR,26,-9.732844491299104e-05
PANEL,TRANSLATOR,27,0.001133377742254934
PANEL,TRANSLATOR,28,0.007677312288291611
PANEL,TRANSLATOR,29,-0.0036466276982459723
PANEL,TRANSLATOR,30,0.013766294002258454
PANEL,UV_VISOR,-30,0.008921201002169052
PANEL,UV_VISOR,-29,-0.0026261429036949133
PANEL,UV_VISOR,-28,-0.008484587183497082
PANEL,UV_VISOR,-27,0.0024822068799654155
PANEL,UV_VISOR,-26,-0.009016173626119763
PANEL,UV_VISOR,-25,-0.0003078778182479869
PANEL,UV_VISOR,-24,-0.0027327243724718786
PANEL,UV_VISOR,-23,-0.0014415159203403395
PANEL,UV_VISOR,-22,0.012268338542043452
PANEL,UV_VISOR,-21,0.010537474338964226
PANEL,UV_VISOR,-20,-0.0058016713427390286
PANEL,UV_VISOR,-19,0.009512911284986124
PANEL,UV_VISOR,-18,0.0035679802490339377
PANEL,UV_VISOR,-17,0.009744187006566405
PANEL,UV_VISOR,-16,-0.00263343103486412
PANEL,UV_VISOR,-15,-0.0025215018754405462
PANEL,UV_VISOR,-14,-0.007354969190179772
PANEL,UV_VISOR,-13,-0.006454317122542578
PANEL,UV_VISOR,-12,0.011025793365720595
PANEL,UV_VISOR,-11,0.0020394608916535217
PANEL,UV_VISOR,-10,-0.011853928077537946
PANEL,UV_VISOR,-9,0.006316722570186142
PANEL,UV_VISOR,-8,-0.004724494219068414
PANEL,UV_VISOR,-7,-0.007693659242109744
PANEL,UV_VISOR,-6,-0.005980863052060252
PANEL,UV_VISOR,-5,-0.009319171674431753
PANEL,UV_VISOR,-4,0.0013738753344150517
PANEL,UV_VISOR,-3,-0.00744182338142731
PANEL,UV_VISOR,-2,0.0018375742936478684
PANEL,UV_VISOR,-1,-0.01433570481907118
PANEL,UV_VISOR,1,-0.015089413627577883
PANEL,UV_VISOR,2,-0.01366872277942147
PANEL,UV_VISOR,3,0.0040952210603435206
PANEL,UV_VISOR,4,0.005167813683736386
PANEL,UV_VISOR,5,-0.004201062229680565
PANEL,UV_VISOR,6,0.01179862011547348
PANEL,UV_VISOR,7,-0.0028436420479670747
PANEL,UV_VISOR,8,0.0013964583238235072
PANEL,UV_VISOR,9,0.0014820252356712912
PANEL,UV_VISOR,10,-0.006618026428637039
PANEL,UV_VISOR,11,0.005624869265392012
PANEL,UV_VISOR,12,-0.0020777417448334013
PANEL,UV_VISOR,13,-0.0028839692953713165
PANEL,UV_VISOR,14,-0.00017964749537875593
PANEL,UV_VISOR,15,0.0046489276624169075
PANEL,UV_VISOR,16,0.0063564776943520395
PANEL,UV_VISOR,17,-0.007266260916736045
PANEL,UV_VISOR,18,-0.003687649725579429
PANEL,UV_VISOR,19,-0.007112551061490169
PANEL,UV_VISOR,20,-0.0028747950279058693
PANEL,UV_VISOR,21,-0.00026806008231928114
PANEL,UV_VISOR,22,-0.00852359234815506
PANEL,UV_VISOR,23,-0.004991243916500059
PANEL,UV_VISOR,24,0.01253440883823
PANEL,UV_VISOR,25,0.0026441070968812683
PANEL,UV_VISOR,26,-0.003138878651095495
PANEL,UV_VISOR,27,-0.0005501137786650579
PANEL,UV_VISOR,28,-0.003999585662777276
PANEL,UV_VISOR,29,-0.005053746382651385
PANEL,UV_VISOR,30,-0.0013095120788291026
PEBBLES,GALAXY_SOUNDS,-30,0.012895843732039888
PEBBLES,GALAXY_SOUNDS,-29,-0.011189418836447505
PEBBLES,GALAXY_SOUNDS,-28,0.008543797072120968
PEBBLES,GALAXY_SOUNDS,-27,-0.00921276241758772
PEBBLES,GALAXY_SOUNDS,-26,0.006816826377532152
PEBBLES,GALAXY_SOUNDS,-25,-0.0025983941211682815
PEBBLES,GALAXY_SOUNDS,-24,0.001102002424305453
PEBBLES,GALAXY_SOUNDS,-23,0.01156301341740572
PEBBLES,GALAXY_SOUNDS,-22,-0.010372616369143592
PEBBLES,GALAXY_SOUNDS,-21,0.00035668543185447116
PEBBLES,GALAXY_SOUNDS,-20,-0.0006655978813438618
PEBBLES,GALAXY_SOUNDS,-19,0.002165216714386255
PEBBLES,GALAXY_SOUNDS,-18,-0.005628131759735662
PEBBLES,GALAXY_SOUNDS,-17,0.0023049137161389377
PEBBLES,GALAXY_SOUNDS,-16,0.004978381093488206
PEBBLES,GALAXY_SOUNDS,-15,-0.010615764514844262
PEBBLES,GALAXY_SOUNDS,-14,0.017021003420911306
PEBBLES,GALAXY_SOUNDS,-13,-0.011956505436337736
PEBBLES,GALAXY_SOUNDS,-12,0.0031884127395212752
PEBBLES,GALAXY_SOUNDS,-11,-0.002240690216973544
PEBBLES,GALAXY_SOUNDS,-10,-0.00244072028162408
PEBBLES,GALAXY_SOUNDS,-9,0.010903318463590597
PEBBLES,GALAXY_SOUNDS,-8,-0.015686837035810586
PEBBLES,GALAXY_SOUNDS,-7,0.009684119840730107
PEBBLES,GALAXY_SOUNDS,-6,0.004358107963135839
PEBBLES,GALAXY_SOUNDS,-5,-0.011587949756961891
PEBBLES,GALAXY_SOUNDS,-4,0.007744987652113198
PEBBLES,GALAXY_SOUNDS,-3,0.00024286046117967224
PEBBLES,GALAXY_SOUNDS,-2,0.0017855333641437518
PEBBLES,GALAXY_SOUNDS,-1,0.0006208930508399803
PEBBLES,GALAXY_SOUNDS,1,-0.00731949796657177
PEBBLES,GALAXY_SOUNDS,2,0.0023589000504383637
PEBBLES,GALAXY_SOUNDS,3,-0.003154750700046432
PEBBLES,GALAXY_SOUNDS,4,0.009528696931051375
PEBBLES,GALAXY_SOUNDS,5,-0.006472588536902771
PEBBLES,GALAXY_SOUNDS,6,0.0025185849347667084
PEBBLES,GALAXY_SOUNDS,7,-0.0005970947688478704
PEBBLES,GALAXY_SOUNDS,8,-0.0029256764743734284
PEBBLES,GALAXY_SOUNDS,9,0.009783000318652611
PEBBLES,GALAXY_SOUNDS,10,-0.012578930009847236
PEBBLES,GALAXY_SOUNDS,11,0.009824627645323809
PEBBLES,GALAXY_SOUNDS,12,-0.004255150771298785
PEBBLES,GALAXY_SOUNDS,13,0.00582856757769842
PEBBLES,GALAXY_SOUNDS,14,-0.00720623636710167
PEBBLES,GALAXY_SOUNDS,15,0.004611565064612068
PEBBLES,GALAXY_SOUNDS,16,-0.0008313357868675187
PEBBLES,GALAXY_SOUNDS,17,0.0025682573071931954
PEBBLES,GALAXY_SOUNDS,18,-0.007365116178876761
PEBBLES,GALAXY_SOUNDS,19,0.0042513257900199984
PEBBLES,GALAXY_SOUNDS,20,0.005954653596479013
PEBBLES,GALAXY_SOUNDS,21,-0.004792183448861205
PEBBLES,GALAXY_SOUNDS,22,0.00048698744757246263
PEBBLES,GALAXY_SOUNDS,23,-0.00536513732783804
PEBBLES,GALAXY_SOUNDS,24,0.003737136540835069
PEBBLES,GALAXY_SOUNDS,25,-0.003514221719156072
PEBBLES,GALAXY_SOUNDS,26,-0.0029443114431020865
PEBBLES,GALAXY_SOUNDS,27,0.005066271309283231
PEBBLES,GALAXY_SOUNDS,28,-2.9183549773483244e-05
PEBBLES,GALAXY_SOUNDS,29,0.002704312568230425
PEBBLES,GALAXY_SOUNDS,30,-0.004493451850945056
PEBBLES,MICROCHIP,-30,0.0014453317545667225
PEBBLES,MICROCHIP,-29,-0.0019393938938398589
PEBBLES,MICROCHIP,-28,-0.003026290850039822
PEBBLES,MICROCHIP,-27,0.003577252884360876
PEBBLES,MICROCHIP,-26,-0.0031298159538332166
PEBBLES,MICROCHIP,-25,7.653991503458629e-05
PEBBLES,MICROCHIP,-24,0.0007279449028323248
PEBBLES,MICROCHIP,-23,0.009497844484022966
PEBBLES,MICROCHIP,-22,-0.0006909661472769461
PEBBLES,MICROCHIP,-21,-0.00994418770456382
PEBBLES,MICROCHIP,-20,0.004152803881764572
PEBBLES,MICROCHIP,-19,-0.003443499870873116
PEBBLES,MICROCHIP,-18,0.009622994370623843
PEBBLES,MICROCHIP,-17,-0.004014902125958529
PEBBLES,MICROCHIP,-16,-0.004346398841261674
PEBBLES,MICROCHIP,-15,0.00430615186261551
PEBBLES,MICROCHIP,-14,-0.0023277072925537547
PEBBLES,MICROCHIP,-13,-7.567438896563068e-05
PEBBLES,MICROCHIP,-12,-0.0018796474450639444
PEBBLES,MICROCHIP,-11,0.005193589371709122
PEBBLES,MICROCHIP,-10,-0.008374628485815098
PEBBLES,MICROCHIP,-9,0.0035447085842884468
PEBBLES,MICROCHIP,-8,0.0037857156936279466
PEBBLES,MICROCHIP,-7,0.003280278283630523
PEBBLES,MICROCHIP,-6,-0.003643933946854719
PEBBLES,MICROCHIP,-5,-0.009165536662028335
PEBBLES,MICROCHIP,-4,0.008793934994725354
PEBBLES,MICROCHIP,-3,-0.007547596696560053
PEBBLES,MICROCHIP,-2,0.00912423331563833
PEBBLES,MICROCHIP,-1,-0.0035548692763285815
PEBBLES,MICROCHIP,1,-0.0002060592269678902
PEBBLES,MICROCHIP,2,-0.0003075370796147217
PEBBLES,MICROCHIP,3,0.005327402874356604
PEBBLES,MICROCHIP,4,-0.0022279608697972834
PEBBLES,MICROCHIP,5,-0.005689469543051543
PEBBLES,MICROCHIP,6,-0.0021241040433213534
PEBBLES,MICROCHIP,7,0.005137979428538114
PEBBLES,MICROCHIP,8,0.003569272394684119
PEBBLES,MICROCHIP,9,-0.0022707235800534195
PEBBLES,MICROCHIP,10,0.0005075489546269048
PEBBLES,MICROCHIP,11,0.00019914363063841298
PEBBLES,MICROCHIP,12,-0.0068920343454658434
PEBBLES,MICROCHIP,13,-0.002623253387690589
PEBBLES,MICROCHIP,14,0.013460033755730443
PEBBLES,MICROCHIP,15,-0.006836915641293885
PEBBLES,MICROCHIP,16,0.00203752671218175
PEBBLES,MICROCHIP,17,-0.003773979979375681
PEBBLES,MICROCHIP,18,0.007296761167527309
PEBBLES,MICROCHIP,19,0.0018460056364945467
PEBBLES,MICROCHIP,20,-0.009024599500746657
PEBBLES,MICROCHIP,21,-0.0009236668302606189
PEBBLES,MICROCHIP,22,-0.00010617214401129712
PEBBLES,MICROCHIP,23,0.0023630293669834415
PEBBLES,MICROCHIP,24,-0.004052274963186395
PEBBLES,MICROCHIP,25,0.0067927276071655
PEBBLES,MICROCHIP,26,-0.0029398603846928764
PEBBLES,MICROCHIP,27,-0.0007926886129807951
PEBBLES,MICROCHIP,28,0.010051348538842434
PEBBLES,MICROCHIP,29,-0.00577022253560419
PEBBLES,MICROCHIP,30,-0.005889028367213388
PEBBLES,OXYGEN_SHAKE,-30,0.005053617408848746
PEBBLES,OXYGEN_SHAKE,-29,-0.0036338048594478202
PEBBLES,OXYGEN_SHAKE,-28,-0.007140245287922924
PEBBLES,OXYGEN_SHAKE,-27,0.006641537466368873
PEBBLES,OXYGEN_SHAKE,-26,-0.004695718380915812
PEBBLES,OXYGEN_SHAKE,-25,0.015187293023911412
PEBBLES,OXYGEN_SHAKE,-24,-0.006522572835181217
PEBBLES,OXYGEN_SHAKE,-23,-0.004858966526231135
PEBBLES,OXYGEN_SHAKE,-22,0.0015745497449205102
PEBBLES,OXYGEN_SHAKE,-21,-0.0021884121039132424
PEBBLES,OXYGEN_SHAKE,-20,0.0005621228741566468
PEBBLES,OXYGEN_SHAKE,-19,0.002256689211821722
PEBBLES,OXYGEN_SHAKE,-18,-0.002053956236954635
PEBBLES,OXYGEN_SHAKE,-17,-0.004024442391892663
PEBBLES,OXYGEN_SHAKE,-16,0.0034645580978063207
PEBBLES,OXYGEN_SHAKE,-15,0.005068134104779174
PEBBLES,OXYGEN_SHAKE,-14,-0.0061786969734904515
PEBBLES,OXYGEN_SHAKE,-13,0.020981375386958784
PEBBLES,OXYGEN_SHAKE,-12,-0.020542237451437052
PEBBLES,OXYGEN_SHAKE,-11,0.001343591471232811
PEBBLES,OXYGEN_SHAKE,-10,0.0026650840726811864
PEBBLES,OXYGEN_SHAKE,-9,0.001421418530477179
PEBBLES,OXYGEN_SHAKE,-8,-0.0009322464175670873
PEBBLES,OXYGEN_SHAKE,-7,0.0001187035123487817
PEBBLES,OXYGEN_SHAKE,-6,-0.00017207546352418396
PEBBLES,OXYGEN_SHAKE,-5,0.003271537950853593
PEBBLES,OXYGEN_SHAKE,-4,-0.0062632395438970995
PEBBLES,OXYGEN_SHAKE,-3,-0.005960282231476858
PEBBLES,OXYGEN_SHAKE,-2,0.0029992413124567048
PEBBLES,OXYGEN_SHAKE,-1,0.00547245698406982
PEBBLES,OXYGEN_SHAKE,1,-0.0056780034187217275
PEBBLES,OXYGEN_SHAKE,2,0.008439999607938972
PEBBLES,OXYGEN_SHAKE,3,0.0008786840270264047
PEBBLES,OXYGEN_SHAKE,4,0.004068753447670236
PEBBLES,OXYGEN_SHAKE,5,-0.009306387689769144
PEBBLES,OXYGEN_SHAKE,6,-0.002562807796199086
PEBBLES,OXYGEN_SHAKE,7,0.011663130076852513
PEBBLES,OXYGEN_SHAKE,8,-0.010154192839622085
PEBBLES,OXYGEN_SHAKE,9,-0.0017197394339846968
PEBBLES,OXYGEN_SHAKE,10,0.007464326887587898
PEBBLES,OXYGEN_SHAKE,11,0.0011724512440169556
PEBBLES,OXYGEN_SHAKE,12,-0.0033603199055279474
PEBBLES,OXYGEN_SHAKE,13,-0.00322996373546266
PEBBLES,OXYGEN_SHAKE,14,0.0013064068500294136
PEBBLES,OXYGEN_SHAKE,15,0.0065894295959174716
PEBBLES,OXYGEN_SHAKE,16,-0.0012365837198918391
PEBBLES,OXYGEN_SHAKE,17,-0.005492179060423907
PEBBLES,OXYGEN_SHAKE,18,-0.004600178998320325
PEBBLES,OXYGEN_SHAKE,19,0.005606712098216696
PEBBLES,OXYGEN_SHAKE,20,0.005008385882643437
PEBBLES,OXYGEN_SHAKE,21,-0.0057894820442538596
PEBBLES,OXYGEN_SHAKE,22,-0.006954157964154126
PEBBLES,OXYGEN_SHAKE,23,0.00943895412445992
PEBBLES,OXYGEN_SHAKE,24,-0.0058702220548098975
PEBBLES,OXYGEN_SHAKE,25,0.008040252081981263
PEBBLES,OXYGEN_SHAKE,26,-0.00362147410669108
PEBBLES,OXYGEN_SHAKE,27,0.0029426727802810506
PEBBLES,OXYGEN_SHAKE,28,0.0008604340545797088
PEBBLES,OXYGEN_SHAKE,29,-0.005160272581034779
PEBBLES,OXYGEN_SHAKE,30,-0.0018107622196456047
PEBBLES,PANEL,-30,0.0016972321302907928
PEBBLES,PANEL,-29,-0.00870219833426371
PEBBLES,PANEL,-28,0.005642063590132125
PEBBLES,PANEL,-27,0.0021476708021317546
PEBBLES,PANEL,-26,-0.0022249921884796853
PEBBLES,PANEL,-25,0.00045295347797406134
PEBBLES,PANEL,-24,-0.0027501916006678474
PEBBLES,PANEL,-23,-0.0008430230146028265
PEBBLES,PANEL,-22,-0.0068300665505401665
PEBBLES,PANEL,-21,0.011111247965927162
PEBBLES,PANEL,-20,-0.005619773390041707
PEBBLES,PANEL,-19,0.004785388592385596
PEBBLES,PANEL,-18,-0.0018600740187049896
PEBBLES,PANEL,-17,-0.007264985864909873
PEBBLES,PANEL,-16,0.008085288816667738
PEBBLES,PANEL,-15,0.006201477244432892
PEBBLES,PANEL,-14,-0.0074448809108425594
PEBBLES,PANEL,-13,-0.005236046221090416
PEBBLES,PANEL,-12,0.012261488123478034
PEBBLES,PANEL,-11,-0.007401090184117033
PEBBLES,PANEL,-10,0.00046002666388902583
PEBBLES,PANEL,-9,-0.0029915887921308807
PEBBLES,PANEL,-8,0.007315541582733637
PEBBLES,PANEL,-7,-0.003356441099754601
PEBBLES,PANEL,-6,-0.002896047344641546
PEBBLES,PANEL,-5,0.0054542255557474455
PEBBLES,PANEL,-4,-0.009563477033689247
PEBBLES,PANEL,-3,0.005846642578444864
PEBBLES,PANEL,-2,0.004480161379407503
PEBBLES,PANEL,-1,-0.004184370014726441
PEBBLES,PANEL,1,0.007295182880900228
PEBBLES,PANEL,2,-0.007871272271815662
PEBBLES,PANEL,3,0.004470530811831014
PEBBLES,PANEL,4,0.0024040230017961578
PEBBLES,PANEL,5,-0.0009940830007668558
PEBBLES,PANEL,6,0.001648279870612308
PEBBLES,PANEL,7,0.0029127822240411863
PEBBLES,PANEL,8,-0.005747602984264518
PEBBLES,PANEL,9,-0.004648032986450505
PEBBLES,PANEL,10,0.003300287049641747
PEBBLES,PANEL,11,-0.0046106592236871925
PEBBLES,PANEL,12,0.0047345608824649185
PEBBLES,PANEL,13,0.003108785009639136
PEBBLES,PANEL,14,0.0009780315948757223
PEBBLES,PANEL,15,-0.006647188670029805
PEBBLES,PANEL,16,-0.0019816555814307036
PEBBLES,PANEL,17,0.005135915240200984
PEBBLES,PANEL,18,0.00028618796627364473
PEBBLES,PANEL,19,0.012468591988689954
PEBBLES,PANEL,20,-0.012032316867500234
PEBBLES,PANEL,21,0.011687619296462495
PEBBLES,PANEL,22,-0.012738313168844856
PEBBLES,PANEL,23,0.006546619688779481
PEBBLES,PANEL,24,-0.0073515715275150086
PEBBLES,PANEL,25,0.00020749516497318011
PEBBLES,PANEL,26,0.0017721541180040889
PEBBLES,PANEL,27,-0.0013000829576758216
PEBBLES,PANEL,28,0.00494097904160925
PEBBLES,PANEL,29,-0.0019764137953692165
PEBBLES,PANEL,30,0.0015609879507447323
PEBBLES,ROBOT,-30,-0.0028892585966631174
PEBBLES,ROBOT,-29,-0.002188202465682374
PEBBLES,ROBOT,-28,0.0033187596112784884
PEBBLES,ROBOT,-27,-0.00017069405977478404
PEBBLES,ROBOT,-26,0.007499663372653072
PEBBLES,ROBOT,-25,-0.017016090320918286
PEBBLES,ROBOT,-24,0.0013160796791159386
PEBBLES,ROBOT,-23,0.012480387800809572
PEBBLES,ROBOT,-22,-0.0006178584502458017
PEBBLES,ROBOT,-21,-0.011365355881669422
PEBBLES,ROBOT,-20,-0.003260868537220621
PEBBLES,ROBOT,-19,0.010737991421144026
PEBBLES,ROBOT,-18,-0.0054449852900743485
PEBBLES,ROBOT,-17,0.008234961227657775
PEBBLES,ROBOT,-16,-0.007801797830348892
PEBBLES,ROBOT,-15,0.007113184139091722
PEBBLES,ROBOT,-14,-0.0037243206114130722
PEBBLES,ROBOT,-13,-0.005303478894996911
PEBBLES,ROBOT,-12,0.0031374933676549697
PEBBLES,ROBOT,-11,0.0038454767807734364
PEBBLES,ROBOT,-10,0.002074308682682947
PEBBLES,ROBOT,-9,-0.006189384658226702
PEBBLES,ROBOT,-8,0.00228713086906801
PEBBLES,ROBOT,-7,0.002766852068321167
PEBBLES,ROBOT,-6,-0.0027884563567317695
PEBBLES,ROBOT,-5,-0.002453275818855889
PEBBLES,ROBOT,-4,0.0074151471662235345
PEBBLES,ROBOT,-3,-0.0039261434199745595
PEBBLES,ROBOT,-2,0.0009413095336450498
PEBBLES,ROBOT,-1,-0.005052969684143251
PEBBLES,ROBOT,1,-0.004717946552316303
PEBBLES,ROBOT,2,0.0005792363375419951
PEBBLES,ROBOT,3,0.0012883944755571885
PEBBLES,ROBOT,4,-0.004147372194806417
PEBBLES,ROBOT,5,0.006551292924085066
PEBBLES,ROBOT,6,-0.004797607301111569
PEBBLES,ROBOT,7,-0.004284308752014211
PEBBLES,ROBOT,8,-0.0007553986131060653
PEBBLES,ROBOT,9,0.004726111199931441
PEBBLES,ROBOT,10,0.0016313383640546675
PEBBLES,ROBOT,11,-0.0059442320722300586
PEBBLES,ROBOT,12,0.010824547678068359
PEBBLES,ROBOT,13,-0.004091909265457272
PEBBLES,ROBOT,14,-0.00888754566672426
PEBBLES,ROBOT,15,0.004765389107745044
PEBBLES,ROBOT,16,-0.00062887621187834
PEBBLES,ROBOT,17,0.0007850293780364111
PEBBLES,ROBOT,18,0.003507982574196017
PEBBLES,ROBOT,19,0.004507011984715099
PEBBLES,ROBOT,20,-0.014990205153316324
PEBBLES,ROBOT,21,0.010851952529732568
PEBBLES,ROBOT,22,-0.005411789397360217
PEBBLES,ROBOT,23,0.014316188260645471
PEBBLES,ROBOT,24,-0.010846437156360232
PEBBLES,ROBOT,25,-0.006807512570275544
PEBBLES,ROBOT,26,0.012683009446323269
PEBBLES,ROBOT,27,-0.010282992553677175
PEBBLES,ROBOT,28,0.005344066331859121
PEBBLES,ROBOT,29,-0.0022523975628803397
PEBBLES,ROBOT,30,0.002123374790210915
PEBBLES,SLEEP_POD,-30,0.0013661722276428025
PEBBLES,SLEEP_POD,-29,0.006310598373991974
PEBBLES,SLEEP_POD,-28,-0.004119043099907982
PEBBLES,SLEEP_POD,-27,0.005964054225725247
PEBBLES,SLEEP_POD,-26,-0.010479907422535935
PEBBLES,SLEEP_POD,-25,0.00020670665616761059
PEBBLES,SLEEP_POD,-24,-0.0065698789190623795
PEBBLES,SLEEP_POD,-23,0.013388221707417025
PEBBLES,SLEEP_POD,-22,-0.002260012366283684
PEBBLES,SLEEP_POD,-21,0.0034288984800497284
PEBBLES,SLEEP_POD,-20,-0.001057070759408456
PEBBLES,SLEEP_POD,-19,0.0014375392432648237
PEBBLES,SLEEP_POD,-18,-0.011083615759584995
PEBBLES,SLEEP_POD,-17,0.010701425836203893
PEBBLES,SLEEP_POD,-16,-0.001906963402102982
PEBBLES,SLEEP_POD,-15,-0.00036725841575395435
PEBBLES,SLEEP_POD,-14,-0.00561071376115685
PEBBLES,SLEEP_POD,-13,0.005484710173799393
PEBBLES,SLEEP_POD,-12,-0.004505901563706939
PEBBLES,SLEEP_POD,-11,-0.004025336971820437
PEBBLES,SLEEP_POD,-10,0.0011688195857378994
PEBBLES,SLEEP_POD,-9,0.006862032828908472
PEBBLES,SLEEP_POD,-8,0.0029546719193342683
PEBBLES,SLEEP_POD,-7,0.0018516974336236695
PEBBLES,SLEEP_POD,-6,-0.009415811712911627
PEBBLES,SLEEP_POD,-5,0.007795771585966154
PEBBLES,SLEEP_POD,-4,-0.00915625213423483
PEBBLES,SLEEP_POD,-3,0.00393840485975557
PEBBLES,SLEEP_POD,-2,0.0025804718970292738
PEBBLES,SLEEP_POD,-1,0.0012303064338679884
PEBBLES,SLEEP_POD,1,0.005514518158651301
PEBBLES,SLEEP_POD,2,-2.193365697220981e-05
PEBBLES,SLEEP_POD,3,-0.006239513871741511
PEBBLES,SLEEP_POD,4,0.004056632259161081
PEBBLES,SLEEP_POD,5,0.0034595905795125597
PEBBLES,SLEEP_POD,6,0.0012427327717523013
PEBBLES,SLEEP_POD,7,-0.0032355157478675556
PEBBLES,SLEEP_POD,8,-0.005855930913651965
PEBBLES,SLEEP_POD,9,-0.0010413536314124471
PEBBLES,SLEEP_POD,10,-0.0002908290137815701
PEBBLES,SLEEP_POD,11,0.006332695260895417
PEBBLES,SLEEP_POD,12,0.0067989185093196
PEBBLES,SLEEP_POD,13,0.0002542300620103745
PEBBLES,SLEEP_POD,14,-0.003685231842691587
PEBBLES,SLEEP_POD,15,-0.003983142338019804
PEBBLES,SLEEP_POD,16,-0.0006187650079982573
PEBBLES,SLEEP_POD,17,-0.004852612051242816
PEBBLES,SLEEP_POD,18,0.007437527618467735
PEBBLES,SLEEP_POD,19,-0.0006907874097921525
PEBBLES,SLEEP_POD,20,-0.0022021895616347056
PEBBLES,SLEEP_POD,21,0.0005750995325555962
PEBBLES,SLEEP_POD,22,-0.006123055160844627
PEBBLES,SLEEP_POD,23,0.009239635535328692
PEBBLES,SLEEP_POD,24,-0.002182318825897154
PEBBLES,SLEEP_POD,25,0.002998974463897801
PEBBLES,SLEEP_POD,26,-0.008901367758825702
PEBBLES,SLEEP_POD,27,0.006664221292856264
PEBBLES,SLEEP_POD,28,0.0012111276415798099
PEBBLES,SLEEP_POD,29,-0.007912485646189899
PEBBLES,SLEEP_POD,30,0.0056926138272936225
PEBBLES,SNACKPACK,-30,0.011575487074934615
PEBBLES,SNACKPACK,-29,-0.008725288726869403
PEBBLES,SNACKPACK,-28,-0.0018512322308835937
PEBBLES,SNACKPACK,-27,0.0032621646551919594
PEBBLES,SNACKPACK,-26,-0.00021480068645973431
PEBBLES,SNACKPACK,-25,0.0019808143424816906
PEBBLES,SNACKPACK,-24,-0.0040369687713701155
PEBBLES,SNACKPACK,-23,0.0051779181051386965
PEBBLES,SNACKPACK,-22,-0.0052061428043337615
PEBBLES,SNACKPACK,-21,0.005131070841322216
PEBBLES,SNACKPACK,-20,-0.0048092314317968584
PEBBLES,SNACKPACK,-19,0.00847983139013254
PEBBLES,SNACKPACK,-18,0.0031269378304669415
PEBBLES,SNACKPACK,-17,-0.0046928507497876375
PEBBLES,SNACKPACK,-16,-0.003662405070024615
PEBBLES,SNACKPACK,-15,-0.003696540475157895
PEBBLES,SNACKPACK,-14,0.006488214688474296
PEBBLES,SNACKPACK,-13,-0.002033094949595169
PEBBLES,SNACKPACK,-12,-0.005365331574236435
PEBBLES,SNACKPACK,-11,0.0006377506332091625
PEBBLES,SNACKPACK,-10,0.004855054477647419
PEBBLES,SNACKPACK,-9,-0.0016054563606530542
PEBBLES,SNACKPACK,-8,0.006000566965849569
PEBBLES,SNACKPACK,-7,-0.005543775842130737
PEBBLES,SNACKPACK,-6,0.00018056133605805647
PEBBLES,SNACKPACK,-5,-0.002105715118343523
PEBBLES,SNACKPACK,-4,0.005755938968271809
PEBBLES,SNACKPACK,-3,0.001115021608490701
PEBBLES,SNACKPACK,-2,-0.00458842096981127
PEBBLES,SNACKPACK,-1,-0.005667828525341333
PEBBLES,SNACKPACK,1,-0.014695780102997626
PEBBLES,SNACKPACK,2,0.010429130243793076
PEBBLES,SNACKPACK,3,-0.004906850628542842
PEBBLES,SNACKPACK,4,0.004653572584421477
PEBBLES,SNACKPACK,5,-0.0030371200871177613
PEBBLES,SNACKPACK,6,-0.006087119226487973
PEBBLES,SNACKPACK,7,0.009987261278760024
PEBBLES,SNACKPACK,8,-0.0058290194154611286
PEBBLES,SNACKPACK,9,0.0017033806974368678
PEBBLES,SNACKPACK,10,-0.004207023019706013
PEBBLES,SNACKPACK,11,0.005179347843518764
PEBBLES,SNACKPACK,12,-0.0024528752124770696
PEBBLES,SNACKPACK,13,0.0019386756603175228
PEBBLES,SNACKPACK,14,-0.006087529163742603
PEBBLES,SNACKPACK,15,0.0019240807780790258
PEBBLES,SNACKPACK,16,0.0046753202940028205
PEBBLES,SNACKPACK,17,-0.002058193426347869
PEBBLES,SNACKPACK,18,0.0003177370047203561
PEBBLES,SNACKPACK,19,-0.0026313308847084704
PEBBLES,SNACKPACK,20,0.00802829621057637
PEBBLES,SNACKPACK,21,-0.010968356297188219
PEBBLES,SNACKPACK,22,0.0026134809069417253
PEBBLES,SNACKPACK,23,0.004675760676419675
PEBBLES,SNACKPACK,24,0.0018608655580844393
PEBBLES,SNACKPACK,25,-0.0030216477737157947
PEBBLES,SNACKPACK,26,-0.001195159362543976
PEBBLES,SNACKPACK,27,0.002720763529180012
PEBBLES,SNACKPACK,28,-0.0021641499371200788
PEBBLES,SNACKPACK,29,-0.0032159159399134077
PEBBLES,SNACKPACK,30,0.006781944132355183
PEBBLES,TRANSLATOR,-30,0.0015071199947186695
PEBBLES,TRANSLATOR,-29,-0.0016499752907906688
PEBBLES,TRANSLATOR,-28,-0.005485061828663565
PEBBLES,TRANSLATOR,-27,0.01088162935391575
PEBBLES,TRANSLATOR,-26,-0.008658060285234689
PEBBLES,TRANSLATOR,-25,0.0015541448630603636
PEBBLES,TRANSLATOR,-24,0.00029298359271424354
PEBBLES,TRANSLATOR,-23,-0.0006073160938403256
PEBBLES,TRANSLATOR,-22,-0.0005524144718563472
PEBBLES,TRANSLATOR,-21,0.0014232772735168614
PEBBLES,TRANSLATOR,-20,-0.0002129347853830546
PEBBLES,TRANSLATOR,-19,-0.003940125765185132
PEBBLES,TRANSLATOR,-18,0.006222875222144268
PEBBLES,TRANSLATOR,-17,-0.0024023393756494346
PEBBLES,TRANSLATOR,-16,0.007208701224929937
PEBBLES,TRANSLATOR,-15,-0.00677844241525051
PEBBLES,TRANSLATOR,-14,0.0035585774088149223
PEBBLES,TRANSLATOR,-13,-0.0007137702483400828
PEBBLES,TRANSLATOR,-12,-0.008261193189496646
PEBBLES,TRANSLATOR,-11,0.0023638573227143206
PEBBLES,TRANSLATOR,-10,0.0012266077912227431
PEBBLES,TRANSLATOR,-9,0.001295115680992803
PEBBLES,TRANSLATOR,-8,0.0036358983662002397
PEBBLES,TRANSLATOR,-7,-0.001273037653670421
PEBBLES,TRANSLATOR,-6,-9.016519821687145e-05
PEBBLES,TRANSLATOR,-5,-0.005286638245336006
PEBBLES,TRANSLATOR,-4,0.005385475840381264
PEBBLES,TRANSLATOR,-3,-0.003177639934230645
PEBBLES,TRANSLATOR,-2,0.0019617334223860673
PEBBLES,TRANSLATOR,-1,-0.000216381562447409
PEBBLES,TRANSLATOR,1,0.0016239723669407569
PEBBLES,TRANSLATOR,2,-0.008142418437255636
PEBBLES,TRANSLATOR,3,0.008418950916832063
PEBBLES,TRANSLATOR,4,0.0014141881941250752
PEBBLES,TRANSLATOR,5,-0.003949846155818481
PEBBLES,TRANSLATOR,6,-0.006455035470942588
PEBBLES,TRANSLATOR,7,0.0016048942737303415
PEBBLES,TRANSLATOR,8,0.006348742741712915
PEBBLES,TRANSLATOR,9,-0.006882441125154918
PEBBLES,TRANSLATOR,10,0.0038145989819330607
PEBBLES,TRANSLATOR,11,0.00241959383169941
PEBBLES,TRANSLATOR,12,-0.007546783552677552
PEBBLES,TRANSLATOR,13,0.0068145357195548775
PEBBLES,TRANSLATOR,14,-0.0049682400557682195
PEBBLES,TRANSLATOR,15,0.0003442095184310283
PEBBLES,TRANSLATOR,16,7.362381042218244e-05
PEBBLES,TRANSLATOR,17,0.00033817659705263735
PEBBLES,TRANSLATOR,18,0.009594775989553569
PEBBLES,TRANSLATOR,19,-0.004420742268134983
PEBBLES,TRANSLATOR,20,0.0030741525811897037
PEBBLES,TRANSLATOR,21,-0.007831436765015415
PEBBLES,TRANSLATOR,22,0.004820055595096599
PEBBLES,TRANSLATOR,23,-0.0018952203473365057
PEBBLES,TRANSLATOR,24,-0.0018827064320923272
PEBBLES,TRANSLATOR,25,0.0037209019226955237
PEBBLES,TRANSLATOR,26,-0.000863107140971645
PEBBLES,TRANSLATOR,27,-0.0028781466033672826
PEBBLES,TRANSLATOR,28,-0.0012960488774993782
PEBBLES,TRANSLATOR,29,0.004450587734803779
PEBBLES,TRANSLATOR,30,-0.0015562599112827606
PEBBLES,UV_VISOR,-30,0.0017250449334697063
PEBBLES,UV_VISOR,-29,0.012986909698149736
PEBBLES,UV_VISOR,-28,-0.011485836768792218
PEBBLES,UV_VISOR,-27,-0.001189019192495701
PEBBLES,UV_VISOR,-26,-0.0014838425764694032
PEBBLES,UV_VISOR,-25,0.005817653735828916
PEBBLES,UV_VISOR,-24,-0.004676970452880431
PEBBLES,UV_VISOR,-23,-0.0005897105323677408
PEBBLES,UV_VISOR,-22,0.007556940229370791
PEBBLES,UV_VISOR,-21,-0.00609640707579777
PEBBLES,UV_VISOR,-20,-0.0016557799338542557
PEBBLES,UV_VISOR,-19,0.00920965543115552
PEBBLES,UV_VISOR,-18,-0.009840808355015
PEBBLES,UV_VISOR,-17,0.006380438352081036
PEBBLES,UV_VISOR,-16,-0.0015273275276684443
PEBBLES,UV_VISOR,-15,-0.0005460952183482992
PEBBLES,UV_VISOR,-14,0.0011480262344382335
PEBBLES,UV_VISOR,-13,0.0025499019501366875
PEBBLES,UV_VISOR,-12,-0.005004598258021952
PEBBLES,UV_VISOR,-11,0.006086310128109224
PEBBLES,UV_VISOR,-10,-0.007679706382631634
PEBBLES,UV_VISOR,-9,8.419916175905478e-05
PEBBLES,UV_VISOR,-8,0.010414770334593098
PEBBLES,UV_VISOR,-7,-0.0019601644773831095
PEBBLES,UV_VISOR,-6,-0.006941862456515242
PEBBLES,UV_VISOR,-5,-0.004416371836559079
PEBBLES,UV_VISOR,-4,0.0025305485489698944
PEBBLES,UV_VISOR,-3,0.00020507497808472603
PEBBLES,UV_VISOR,-2,-0.004251309243135383
PEBBLES,UV_VISOR,-1,0.005330830445527159
PEBBLES,UV_VISOR,1,-0.004073295178507635
PEBBLES,UV_VISOR,2,0.008116918915511376
PEBBLES,UV_VISOR,3,0.0008714898656362744
PEBBLES,UV_VISOR,4,-0.004447795329977492
PEBBLES,UV_VISOR,5,-0.004482358062462217
PEBBLES,UV_VISOR,6,0.0027906960619205664
PEBBLES,UV_VISOR,7,0.011759305473504487
PEBBLES,UV_VISOR,8,-0.014002882123150501
PEBBLES,UV_VISOR,9,0.004084314139382414
PEBBLES,UV_VISOR,10,-0.003526811200588872
PEBBLES,UV_VISOR,11,-0.001474692216457762
PEBBLES,UV_VISOR,12,0.0028871421402170087
PEBBLES,UV_VISOR,13,0.0073349588061033906
PEBBLES,UV_VISOR,14,-0.00882367064463509
PEBBLES,UV_VISOR,15,0.00481066956536021
PEBBLES,UV_VISOR,16,-0.003826929389120465
PEBBLES,UV_VISOR,17,0.004970604640258212
PEBBLES,UV_VISOR,18,-0.004347697595769631
PEBBLES,UV_VISOR,19,-0.00018429815688886825
PEBBLES,UV_VISOR,20,0.0038379361272128333
PEBBLES,UV_VISOR,21,-0.004494927277187568
PEBBLES,UV_VISOR,22,-0.0008039648195420865
PEBBLES,UV_VISOR,23,-0.002020005316532699
PEBBLES,UV_VISOR,24,-0.0040416486963902425
PEBBLES,UV_VISOR,25,0.0021664916824571294
PEBBLES,UV_VISOR,26,0.00636965799484802
PEBBLES,UV_VISOR,27,0.004129396760844737
PEBBLES,UV_VISOR,28,-0.009296716888175465
PEBBLES,UV_VISOR,29,0.0007324686751318796
PEBBLES,UV_VISOR,30,0.00855931560452389
ROBOT,GALAXY_SOUNDS,-30,-0.0021725079001760745
ROBOT,GALAXY_SOUNDS,-29,0.00786200625058346
ROBOT,GALAXY_SOUNDS,-28,0.003363782568016572
ROBOT,GALAXY_SOUNDS,-27,-0.00391705624923042
ROBOT,GALAXY_SOUNDS,-26,0.001417887370295188
ROBOT,GALAXY_SOUNDS,-25,0.003621138737103934
ROBOT,GALAXY_SOUNDS,-24,-0.008892688615183627
ROBOT,GALAXY_SOUNDS,-23,0.0022151955598554056
ROBOT,GALAXY_SOUNDS,-22,-0.006503971372383777
ROBOT,GALAXY_SOUNDS,-21,0.00043580188459428415
ROBOT,GALAXY_SOUNDS,-20,-0.004079070300749217
ROBOT,GALAXY_SOUNDS,-19,-0.00043771618958003136
ROBOT,GALAXY_SOUNDS,-18,-0.0022757392956260355
ROBOT,GALAXY_SOUNDS,-17,0.0025407698796356885
ROBOT,GALAXY_SOUNDS,-16,0.005965476220670597
ROBOT,GALAXY_SOUNDS,-15,0.0047885457744838945
ROBOT,GALAXY_SOUNDS,-14,0.0030317277041076876
ROBOT,GALAXY_SOUNDS,-13,-0.010266368221075472
ROBOT,GALAXY_SOUNDS,-12,-0.005729336200055068
ROBOT,GALAXY_SOUNDS,-11,0.0015275416815859857
ROBOT,GALAXY_SOUNDS,-10,0.010580774566202088
ROBOT,GALAXY_SOUNDS,-9,-0.006174259230768822
ROBOT,GALAXY_SOUNDS,-8,-0.00017267794323192444
ROBOT,GALAXY_SOUNDS,-7,0.003473282033268575
ROBOT,GALAXY_SOUNDS,-6,-0.002191331676510893
ROBOT,GALAXY_SOUNDS,-5,0.007933685770011516
ROBOT,GALAXY_SOUNDS,-4,-0.005808176106595416
ROBOT,GALAXY_SOUNDS,-3,-0.005710509678188907
ROBOT,GALAXY_SOUNDS,-2,-0.004357423117586489
ROBOT,GALAXY_SOUNDS,-1,-0.003032896125871369
ROBOT,GALAXY_SOUNDS,1,-0.003492446238164689
ROBOT,GALAXY_SOUNDS,2,-0.0018428550557116645
ROBOT,GALAXY_SOUNDS,3,-0.004791424984855988
ROBOT,GALAXY_SOUNDS,4,0.001377770040146965
ROBOT,GALAXY_SOUNDS,5,0.00535047879380997
ROBOT,GALAXY_SOUNDS,6,-0.0020086235708342815
ROBOT,GALAXY_SOUNDS,7,-0.005891735648340273
ROBOT,GALAXY_SOUNDS,8,-0.005772629280405007
ROBOT,GALAXY_SOUNDS,9,0.004806625845140925
ROBOT,GALAXY_SOUNDS,10,-0.005211474271011973
ROBOT,GALAXY_SOUNDS,11,-0.0031280968886882254
ROBOT,GALAXY_SOUNDS,12,-0.0005264087408315086
ROBOT,GALAXY_SOUNDS,13,-0.0014464206968882111
ROBOT,GALAXY_SOUNDS,14,-0.0072202337144143015
ROBOT,GALAXY_SOUNDS,15,0.0030698277456730053
ROBOT,GALAXY_SOUNDS,16,-0.0065097105597424305
ROBOT,GALAXY_SOUNDS,17,0.0031494904596620263
ROBOT,GALAXY_SOUNDS,18,-0.0079637379421518
ROBOT,GALAXY_SOUNDS,19,-0.003223990549872985
ROBOT,GALAXY_SOUNDS,20,0.0005003998468813268
ROBOT,GALAXY_SOUNDS,21,0.0011386405178095936
ROBOT,GALAXY_SOUNDS,22,0.0033875074092149775
ROBOT,GALAXY_SOUNDS,23,0.006307675129276044
ROBOT,GALAXY_SOUNDS,24,0.0006884909901658985
ROBOT,GALAXY_SOUNDS,25,-0.0003112930861714367
ROBOT,GALAXY_SOUNDS,26,-0.0012822890204028548
ROBOT,GALAXY_SOUNDS,27,0.004255124542811613
ROBOT,GALAXY_SOUNDS,28,-0.005444297169460084
ROBOT,GALAXY_SOUNDS,29,-0.005946585570183234
ROBOT,GALAXY_SOUNDS,30,0.0013649944476698825
ROBOT,MICROCHIP,-30,-0.0009792715210945075
ROBOT,MICROCHIP,-29,-0.000464913919191739
ROBOT,MICROCHIP,-28,-0.0001974043834340479
ROBOT,MICROCHIP,-27,0.005259247161117857
ROBOT,MICROCHIP,-26,0.0034813613409486405
ROBOT,MICROCHIP,-25,-0.013093118900189596
ROBOT,MICROCHIP,-24,0.0024333010525485377
ROBOT,MICROCHIP,-23,-0.0010223441564080047
ROBOT,MICROCHIP,-22,-0.004770148143580103
ROBOT,MICROCHIP,-21,0.007940170196926305
ROBOT,MICROCHIP,-20,-0.007477260405161869
ROBOT,MICROCHIP,-19,-0.0016349400784911581
ROBOT,MICROCHIP,-18,0.0009992549188657701
ROBOT,MICROCHIP,-17,0.0038422709860797665
ROBOT,MICROCHIP,-16,-0.0027463362664756105
ROBOT,MICROCHIP,-15,0.006605681341611292
ROBOT,MICROCHIP,-14,-0.007818525796518481
ROBOT,MICROCHIP,-13,0.005562896212483977
ROBOT,MICROCHIP,-12,-0.005575134816013697
ROBOT,MICROCHIP,-11,-0.00399818121850257
ROBOT,MICROCHIP,-10,-0.002533306374703197
ROBOT,MICROCHIP,-9,-0.004128315907671902
ROBOT,MICROCHIP,-8,0.0037978258856393057
ROBOT,MICROCHIP,-7,-0.00160797498477426
ROBOT,MICROCHIP,-6,-0.00353679969437242
ROBOT,MICROCHIP,-5,-0.00163651290115527
ROBOT,MICROCHIP,-4,0.009837249780136512
ROBOT,MICROCHIP,-3,-0.0030118002332924733
ROBOT,MICROCHIP,-2,0.002623936974194655
ROBOT,MICROCHIP,-1,0.002265838622669298
ROBOT,MICROCHIP,1,-0.0047030298443735
ROBOT,MICROCHIP,2,-0.007553090216292829
ROBOT,MICROCHIP,3,0.007472608718141418
ROBOT,MICROCHIP,4,0.005627878019975395
ROBOT,MICROCHIP,5,0.0010790801302716017
ROBOT,MICROCHIP,6,-0.0006996826145653673
ROBOT,MICROCHIP,7,-0.006767738563632368
ROBOT,MICROCHIP,8,-0.0020117171719595613
ROBOT,MICROCHIP,9,0.0005053516313102751
ROBOT,MICROCHIP,10,0.0014980852045503588
ROBOT,MICROCHIP,11,0.00034143858999460407
ROBOT,MICROCHIP,12,0.00017605575817577064
ROBOT,MICROCHIP,13,0.008057499351831646
ROBOT,MICROCHIP,14,0.013778851857208976
ROBOT,MICROCHIP,15,-0.00022607697604048118
ROBOT,MICROCHIP,16,3.480798655009341e-05
ROBOT,MICROCHIP,17,-0.0019741524259495303
ROBOT,MICROCHIP,18,-0.010042630814486973
ROBOT,MICROCHIP,19,-0.00032298754370051555
ROBOT,MICROCHIP,20,0.00403483666712337
ROBOT,MICROCHIP,21,-0.0002876430555487274
ROBOT,MICROCHIP,22,-0.011322303360202698
ROBOT,MICROCHIP,23,0.0019009080290701209
ROBOT,MICROCHIP,24,-0.00506991372337308
ROBOT,MICROCHIP,25,0.007531377177793179
ROBOT,MICROCHIP,26,-0.006558388728958175
ROBOT,MICROCHIP,27,0.008535971590022763
ROBOT,MICROCHIP,28,0.0008031445678679912
ROBOT,MICROCHIP,29,4.932890170502884e-05
ROBOT,MICROCHIP,30,0.001035010232878504
ROBOT,OXYGEN_SHAKE,-30,0.0017180905334756242
ROBOT,OXYGEN_SHAKE,-29,-0.017653359405487165
ROBOT,OXYGEN_SHAKE,-28,0.002168355371330014
ROBOT,OXYGEN_SHAKE,-27,-0.0004127899095451161
ROBOT,OXYGEN_SHAKE,-26,0.015095642321708617
ROBOT,OXYGEN_SHAKE,-25,-0.012121667350634089
ROBOT,OXYGEN_SHAKE,-24,0.009827048870405026
ROBOT,OXYGEN_SHAKE,-23,-0.007107109443249686
ROBOT,OXYGEN_SHAKE,-22,-0.0010032936859044042
ROBOT,OXYGEN_SHAKE,-21,0.006924795900952964
ROBOT,OXYGEN_SHAKE,-20,0.0014382456761401741
ROBOT,OXYGEN_SHAKE,-19,0.010199016366967234
ROBOT,OXYGEN_SHAKE,-18,-0.003098809245094705
ROBOT,OXYGEN_SHAKE,-17,0.0031044433965829754
ROBOT,OXYGEN_SHAKE,-16,-0.0018904281903968393
ROBOT,OXYGEN_SHAKE,-15,0.005494451306141381
ROBOT,OXYGEN_SHAKE,-14,-0.002928240418251436
ROBOT,OXYGEN_SHAKE,-13,0.00817055959466973
ROBOT,OXYGEN_SHAKE,-12,0.004809396671456672
ROBOT,OXYGEN_SHAKE,-11,-0.004746023283087684
ROBOT,OXYGEN_SHAKE,-10,-0.005069714085149025
ROBOT,OXYGEN_SHAKE,-9,-0.006531493128430878
ROBOT,OXYGEN_SHAKE,-8,0.006800032787685581
ROBOT,OXYGEN_SHAKE,-7,0.004940371542292768
ROBOT,OXYGEN_SHAKE,-6,-0.01423017077956506
ROBOT,OXYGEN_SHAKE,-5,0.00481415417571083
ROBOT,OXYGEN_SHAKE,-4,0.00807935038344996
ROBOT,OXYGEN_SHAKE,-3,0.0013596578138981399
ROBOT,OXYGEN_SHAKE,-2,0.0011107728149910604
ROBOT,OXYGEN_SHAKE,-1,-0.008330635792432225
ROBOT,OXYGEN_SHAKE,1,-0.0076781780504892325
ROBOT,OXYGEN_SHAKE,2,-0.004280713907365601
ROBOT,OXYGEN_SHAKE,3,0.0014142858345406292
ROBOT,OXYGEN_SHAKE,4,0.005164647415006909
ROBOT,OXYGEN_SHAKE,5,-0.009830533936922176
ROBOT,OXYGEN_SHAKE,6,0.004168328977279097
ROBOT,OXYGEN_SHAKE,7,-0.0043715501837318736
ROBOT,OXYGEN_SHAKE,8,0.0070723399453043595
ROBOT,OXYGEN_SHAKE,9,-0.0062960219867094
ROBOT,OXYGEN_SHAKE,10,-0.007718580417529928
ROBOT,OXYGEN_SHAKE,11,0.0020287520161825787
ROBOT,OXYGEN_SHAKE,12,-0.0019466003272846856
ROBOT,OXYGEN_SHAKE,13,-0.0067668739351350714
ROBOT,OXYGEN_SHAKE,14,0.004265410617614319
ROBOT,OXYGEN_SHAKE,15,-0.003433214461685281
ROBOT,OXYGEN_SHAKE,16,-0.00759076677401945
ROBOT,OXYGEN_SHAKE,17,-0.004504059194564192
ROBOT,OXYGEN_SHAKE,18,0.004801855068147199
ROBOT,OXYGEN_SHAKE,19,-0.0017730976115069266
ROBOT,OXYGEN_SHAKE,20,0.009617689762697942
ROBOT,OXYGEN_SHAKE,21,0.0008299838760492566
ROBOT,OXYGEN_SHAKE,22,-0.0022745326892638566
ROBOT,OXYGEN_SHAKE,23,-0.0012492000458020943
ROBOT,OXYGEN_SHAKE,24,0.0014101540737544336
ROBOT,OXYGEN_SHAKE,25,0.0013551411634187584
ROBOT,OXYGEN_SHAKE,26,0.00041652656293204285
ROBOT,OXYGEN_SHAKE,27,0.0116294482166026
ROBOT,OXYGEN_SHAKE,28,-0.004137775549339883
ROBOT,OXYGEN_SHAKE,29,0.003410118548475223
ROBOT,OXYGEN_SHAKE,30,0.0016329514522996319
ROBOT,PANEL,-30,0.013125199800288506
ROBOT,PANEL,-29,-0.011152622825422327
ROBOT,PANEL,-28,-0.0035129962846171723
ROBOT,PANEL,-27,-0.0012933900522958666
ROBOT,PANEL,-26,-0.007835345481529234
ROBOT,PANEL,-25,0.002159495343363505
ROBOT,PANEL,-24,-0.002565275492495662
ROBOT,PANEL,-23,-0.013671814126024381
ROBOT,PANEL,-22,0.007364072436979877
ROBOT,PANEL,-21,0.009946281791150494
ROBOT,PANEL,-20,-0.00028936636843646655
ROBOT,PANEL,-19,0.0029567539341442237
ROBOT,PANEL,-18,-0.005416901304992086
ROBOT,PANEL,-17,0.002120804347116649
ROBOT,PANEL,-16,-0.000952078173199208
ROBOT,PANEL,-15,0.0011146389317947976
ROBOT,PANEL,-14,-0.0055198929874722
ROBOT,PANEL,-13,-0.0029437715049555496
ROBOT,PANEL,-12,0.018942867006970142
ROBOT,PANEL,-11,0.003541977279864366
ROBOT,PANEL,-10,-0.004389170095841845
ROBOT,PANEL,-9,0.005727969029656869
ROBOT,PANEL,-8,0.003545938961401926
ROBOT,PANEL,-7,0.00018969424090646065
ROBOT,PANEL,-6,-0.0031437803903859745
ROBOT,PANEL,-5,0.0040423522523637114
ROBOT,PANEL,-4,-0.009372563639363835
ROBOT,PANEL,-3,-0.002129803411031843
ROBOT,PANEL,-2,-0.007529114805117632
ROBOT,PANEL,-1,-0.0028536159839564834
ROBOT,PANEL,1,-0.012371943531774926
ROBOT,PANEL,2,0.004304746287019751
ROBOT,PANEL,3,-0.0010440834749704865
ROBOT,PANEL,4,0.0013280096157156402
ROBOT,PANEL,5,-0.005701679479953023
ROBOT,PANEL,6,0.0017482321414662933
ROBOT,PANEL,7,0.005781267472844332
ROBOT,PANEL,8,-0.0025206151357168465
ROBOT,PANEL,9,0.006641831107397323
ROBOT,PANEL,10,-0.005595796959623389
ROBOT,PANEL,11,0.0005026823302592363
ROBOT,PANEL,12,0.0035865356224836836
ROBOT,PANEL,13,0.002572152207944785
ROBOT,PANEL,14,-0.003202725746911915
ROBOT,PANEL,15,0.00047095400548068697
ROBOT,PANEL,16,0.00031113734081859173
ROBOT,PANEL,17,0.0026367905949060346
ROBOT,PANEL,18,0.0014792489625779911
ROBOT,PANEL,19,0.005010199422526161
ROBOT,PANEL,20,-0.010114950008301461
ROBOT,PANEL,21,0.004121004681058334
ROBOT,PANEL,22,0.002319236579193374
ROBOT,PANEL,23,-0.0007100448743815044
ROBOT,PANEL,24,0.0010393531608746931
ROBOT,PANEL,25,-9.42536762850569e-05
ROBOT,PANEL,26,0.004934833309116677
ROBOT,PANEL,27,-0.007704240917132573
ROBOT,PANEL,28,-0.0040528785267803106
ROBOT,PANEL,29,0.005026864374727014
ROBOT,PANEL,30,0.002618073135361422
ROBOT,PEBBLES,-30,0.002123374790210915
ROBOT,PEBBLES,-29,-0.00225239756288034
ROBOT,PEBBLES,-28,0.005344066331859121
ROBOT,PEBBLES,-27,-0.010282992553677175
ROBOT,PEBBLES,-26,0.012683009446323269
ROBOT,PEBBLES,-25,-0.006807512570275543
ROBOT,PEBBLES,-24,-0.010846437156360234
ROBOT,PEBBLES,-23,0.01431618826064547
ROBOT,PEBBLES,-22,-0.005411789397360217
ROBOT,PEBBLES,-21,0.010851952529732568
ROBOT,PEBBLES,-20,-0.014990205153316324
ROBOT,PEBBLES,-19,0.004507011984715099
ROBOT,PEBBLES,-18,0.0035079825741960173
ROBOT,PEBBLES,-17,0.0007850293780364112
ROBOT,PEBBLES,-16,-0.00062887621187834
ROBOT,PEBBLES,-15,0.004765389107745044
ROBOT,PEBBLES,-14,-0.00888754566672426
ROBOT,PEBBLES,-13,-0.004091909265457272
ROBOT,PEBBLES,-12,0.01082454767806836
ROBOT,PEBBLES,-11,-0.0059442320722300586
ROBOT,PEBBLES,-10,0.0016313383640546677
ROBOT,PEBBLES,-9,0.004726111199931441
ROBOT,PEBBLES,-8,-0.0007553986131060653
ROBOT,PEBBLES,-7,-0.004284308752014211
ROBOT,PEBBLES,-6,-0.0047976073011115694
ROBOT,PEBBLES,-5,0.006551292924085066
ROBOT,PEBBLES,-4,-0.004147372194806417
ROBOT,PEBBLES,-3,0.0012883944755571882
ROBOT,PEBBLES,-2,0.0005792363375419951
ROBOT,PEBBLES,-1,-0.004717946552316302
ROBOT,PEBBLES,1,-0.005052969684143251
ROBOT,PEBBLES,2,0.0009413095336450497
ROBOT,PEBBLES,3,-0.0039261434199745595
ROBOT,PEBBLES,4,0.007415147166223535
ROBOT,PEBBLES,5,-0.0024532758188558893
ROBOT,PEBBLES,6,-0.002788456356731769
ROBOT,PEBBLES,7,0.0027668520683211666
ROBOT,PEBBLES,8,0.0022871308690680095
ROBOT,PEBBLES,9,-0.006189384658226702
ROBOT,PEBBLES,10,0.002074308682682947
ROBOT,PEBBLES,11,0.003845476780773437
ROBOT,PEBBLES,12,0.0031374933676549693
ROBOT,PEBBLES,13,-0.005303478894996911
ROBOT,PEBBLES,14,-0.003724320611413072
ROBOT,PEBBLES,15,0.007113184139091722
ROBOT,PEBBLES,16,-0.007801797830348893
ROBOT,PEBBLES,17,0.008234961227657775
ROBOT,PEBBLES,18,-0.0054449852900743485
ROBOT,PEBBLES,19,0.010737991421144026
ROBOT,PEBBLES,20,-0.003260868537220621
ROBOT,PEBBLES,21,-0.011365355881669422
ROBOT,PEBBLES,22,-0.0006178584502458017
ROBOT,PEBBLES,23,0.012480387800809574
ROBOT,PEBBLES,24,0.0013160796791159386
ROBOT,PEBBLES,25,-0.017016090320918286
ROBOT,PEBBLES,26,0.007499663372653072
ROBOT,PEBBLES,27,-0.00017069405977478402
ROBOT,PEBBLES,28,0.003318759611278488
ROBOT,PEBBLES,29,-0.002188202465682374
ROBOT,PEBBLES,30,-0.0028892585966631174
ROBOT,SLEEP_POD,-30,0.0027468808983184658
ROBOT,SLEEP_POD,-29,0.0006109032754350515
ROBOT,SLEEP_POD,-28,-0.002968697303982675
ROBOT,SLEEP_POD,-27,0.00472856062736886
ROBOT,SLEEP_POD,-26,0.006551258817996817
ROBOT,SLEEP_POD,-25,-0.0034071881003570376
ROBOT,SLEEP_POD,-24,0.0008722202341328974
ROBOT,SLEEP_POD,-23,-0.002237350825971201
ROBOT,SLEEP_POD,-22,0.0001267521046052719
ROBOT,SLEEP_POD,-21,0.0024599265030073245
ROBOT,SLEEP_POD,-20,-0.002912029234372034
ROBOT,SLEEP_POD,-19,-0.0036883609433519923
ROBOT,SLEEP_POD,-18,-0.007787528536919872
ROBOT,SLEEP_POD,-17,-0.0114142577663091
ROBOT,SLEEP_POD,-16,-0.0018343732142051996
ROBOT,SLEEP_POD,-15,-0.00620106720959864
ROBOT,SLEEP_POD,-14,-0.006351269158754201
ROBOT,SLEEP_POD,-13,-0.0015186159589013542
ROBOT,SLEEP_POD,-12,0.010259587813722047
ROBOT,SLEEP_POD,-11,-0.0007435361055671689
ROBOT,SLEEP_POD,-10,-0.0022831336602716443
ROBOT,SLEEP_POD,-9,0.007785943741764468
ROBOT,SLEEP_POD,-8,-0.009883855445609954
ROBOT,SLEEP_POD,-7,-0.005249552312608313
ROBOT,SLEEP_POD,-6,0.0017251597638546878
ROBOT,SLEEP_POD,-5,-0.004956677146711309
ROBOT,SLEEP_POD,-4,0.0070473817208092275
ROBOT,SLEEP_POD,-3,-0.003775694783728197
ROBOT,SLEEP_POD,-2,-0.0015283773424665784
ROBOT,SLEEP_POD,-1,-0.0038083092577672335
ROBOT,SLEEP_POD,1,-0.009898984845666847
ROBOT,SLEEP_POD,2,-0.002071946085853376
ROBOT,SLEEP_POD,3,-0.009975739599651057
ROBOT,SLEEP_POD,4,-0.0009873915584100745
ROBOT,SLEEP_POD,5,-0.001496064666545239
ROBOT,SLEEP_POD,6,0.013191202134971611
ROBOT,SLEEP_POD,7,-0.009398707695021108
ROBOT,SLEEP_POD,8,-0.008415786772991764
ROBOT,SLEEP_POD,9,-0.0024772779999006917
ROBOT,SLEEP_POD,10,-0.002301051011673432
ROBOT,SLEEP_POD,11,0.006998803968856193
ROBOT,SLEEP_POD,12,0.0035853862684716844
ROBOT,SLEEP_POD,13,-0.011263619762807561
ROBOT,SLEEP_POD,14,0.005358006221800763
ROBOT,SLEEP_POD,15,-0.0004931166176467274
ROBOT,SLEEP_POD,16,0.0067467982074366165
ROBOT,SLEEP_POD,17,-0.0013025797171532317
ROBOT,SLEEP_POD,18,0.003470823900161796
ROBOT,SLEEP_POD,19,0.00021382109584451738
ROBOT,SLEEP_POD,20,-0.0050277732774925005
ROBOT,SLEEP_POD,21,0.013355248981076876
ROBOT,SLEEP_POD,22,0.0008278327371646591
ROBOT,SLEEP_POD,23,-0.0050966724952969805
ROBOT,SLEEP_POD,24,-0.002341621231142861
ROBOT,SLEEP_POD,25,-0.007813113755869867
ROBOT,SLEEP_POD,26,0.009574194114439242
ROBOT,SLEEP_POD,27,-0.002763796677112297
ROBOT,SLEEP_POD,28,0.007736974268591986
ROBOT,SLEEP_POD,29,-0.003481555081904587
ROBOT,SLEEP_POD,30,-0.007094152965003486
ROBOT,SNACKPACK,-30,0.003138260242765296
ROBOT,SNACKPACK,-29,0.004586868330069317
ROBOT,SNACKPACK,-28,-0.003312956846571842
ROBOT,SNACKPACK,-27,0.006420409570048046
ROBOT,SNACKPACK,-26,0.003542222017207954
ROBOT,SNACKPACK,-25,-0.0044460589940012694
ROBOT,SNACKPACK,-24,-0.006304424143811203
ROBOT,SNACKPACK,-23,0.002724530161917169
ROBOT,SNACKPACK,-22,-0.0023884048350771916
ROBOT,SNACKPACK,-21,-0.0008032541415391603
ROBOT,SNACKPACK,-20,0.0019496896411923955
ROBOT,SNACKPACK,-19,-0.004122279747368311
ROBOT,SNACKPACK,-18,0.011888797943474182
ROBOT,SNACKPACK,-17,-0.011399385992317554
ROBOT,SNACKPACK,-16,-0.003687679333032482
ROBOT,SNACKPACK,-15,0.008804963734017509
ROBOT,SNACKPACK,-14,0.008254673638849271
ROBOT,SNACKPACK,-13,0.0022391582372046433
ROBOT,SNACKPACK,-12,-0.0002902286859005699
ROBOT,SNACKPACK,-11,-0.0026811750485955213
ROBOT,SNACKPACK,-10,-0.00016613093340868255
ROBOT,SNACKPACK,-9,0.004301059878507661
ROBOT,SNACKPACK,-8,-0.0025724964321396627
ROBOT,SNACKPACK,-7,0.0003836962817676388
ROBOT,SNACKPACK,-6,-0.0017816771716994485
ROBOT,SNACKPACK,-5,0.0037556596952846473
ROBOT,SNACKPACK,-4,-0.005946438652926569
ROBOT,SNACKPACK,-3,0.005702616297310877
ROBOT,SNACKPACK,-2,0.0066451802611633415
ROBOT,SNACKPACK,-1,-0.013168838672918397
ROBOT,SNACKPACK,1,-0.03376081548105
ROBOT,SNACKPACK,2,0.00028176222327664394
ROBOT,SNACKPACK,3,-0.0030579164106804293
ROBOT,SNACKPACK,4,-0.0010771184385383078
ROBOT,SNACKPACK,5,-0.007709061129348852
ROBOT,SNACKPACK,6,0.0019075563760958393
ROBOT,SNACKPACK,7,-0.0014617642071976958
ROBOT,SNACKPACK,8,-0.0013064841825083241
ROBOT,SNACKPACK,9,0.007588048337645893
ROBOT,SNACKPACK,10,-0.008914237193472603
ROBOT,SNACKPACK,11,-0.004465549954210636
ROBOT,SNACKPACK,12,-0.0012983172486549903
ROBOT,SNACKPACK,13,0.0004943446150888331
ROBOT,SNACKPACK,14,0.011271774544975405
ROBOT,SNACKPACK,15,-0.007416750751127165
ROBOT,SNACKPACK,16,0.0020404866952856175
ROBOT,SNACKPACK,17,0.003234393248950498
ROBOT,SNACKPACK,18,0.0023469648519599904
ROBOT,SNACKPACK,19,-0.002700469723012274
ROBOT,SNACKPACK,20,-0.0007439645404559481
ROBOT,SNACKPACK,21,0.0044383079147585205
ROBOT,SNACKPACK,22,0.0019685730332420527
ROBOT,SNACKPACK,23,-0.004237109716466033
ROBOT,SNACKPACK,24,0.0037606869183408323
ROBOT,SNACKPACK,25,-0.009812009014776297
ROBOT,SNACKPACK,26,-0.007177697954987799
ROBOT,SNACKPACK,27,0.00727690223482845
ROBOT,SNACKPACK,28,-0.011845964947151998
ROBOT,SNACKPACK,29,0.013164394761022925
ROBOT,SNACKPACK,30,-0.003424167066818764
ROBOT,TRANSLATOR,-30,0.0029920924233786733
ROBOT,TRANSLATOR,-29,-0.0034251895297337494
ROBOT,TRANSLATOR,-28,-0.0009479582036068759
ROBOT,TRANSLATOR,-27,0.001119026575161678
ROBOT,TRANSLATOR,-26,0.007067553013508312
ROBOT,TRANSLATOR,-25,0.0030265882747505884
ROBOT,TRANSLATOR,-24,-0.009311555494039251
ROBOT,TRANSLATOR,-23,0.004831384434887933
ROBOT,TRANSLATOR,-22,-0.005421111219314569
ROBOT,TRANSLATOR,-21,0.0064804232878476024
ROBOT,TRANSLATOR,-20,-0.011367614216036536
ROBOT,TRANSLATOR,-19,-0.009575984478173682
ROBOT,TRANSLATOR,-18,0.002321601245246947
ROBOT,TRANSLATOR,-17,0.0076802758175228475
ROBOT,TRANSLATOR,-16,0.006675507590074142
ROBOT,TRANSLATOR,-15,-0.0037116391844602896
ROBOT,TRANSLATOR,-14,-0.0016279021135879972
ROBOT,TRANSLATOR,-13,-0.00012798791302451513
ROBOT,TRANSLATOR,-12,0.00777243745637762
ROBOT,TRANSLATOR,-11,0.004713457697379603
ROBOT,TRANSLATOR,-10,-0.002191278128061769
ROBOT,TRANSLATOR,-9,-0.006684897607506766
ROBOT,TRANSLATOR,-8,-0.007839490099299828
ROBOT,TRANSLATOR,-7,0.00547027328804025
ROBOT,TRANSLATOR,-6,-0.010682010743615506
ROBOT,TRANSLATOR,-5,0.0018604248554603756
ROBOT,TRANSLATOR,-4,6.640513181892035e-05
ROBOT,TRANSLATOR,-3,0.0033937008387257056
ROBOT,TRANSLATOR,-2,-0.004096745547824347
ROBOT,TRANSLATOR,-1,-0.007050825054077791
ROBOT,TRANSLATOR,1,-0.0023454646367206283
ROBOT,TRANSLATOR,2,-0.0056966499318768255
ROBOT,TRANSLATOR,3,-0.004396827093295486
ROBOT,TRANSLATOR,4,0.003913236104171705
ROBOT,TRANSLATOR,5,-0.005135408502274335
ROBOT,TRANSLATOR,6,-0.002686054917411599
ROBOT,TRANSLATOR,7,-0.00036128068609453867
ROBOT,TRANSLATOR,8,0.0006302177856419627
ROBOT,TRANSLATOR,9,-0.0006034861286876234
ROBOT,TRANSLATOR,10,-0.00826001831974712
ROBOT,TRANSLATOR,11,-0.002442765953854113
ROBOT,TRANSLATOR,12,0.009297495365493146
ROBOT,TRANSLATOR,13,-0.0015474643637040694
ROBOT,TRANSLATOR,14,-0.003797550145867939
ROBOT,TRANSLATOR,15,-0.003339308414685475
ROBOT,TRANSLATOR,16,0.0002219834624571841
ROBOT,TRANSLATOR,17,0.005316302414731461
ROBOT,TRANSLATOR,18,-0.013232496834876525
ROBOT,TRANSLATOR,19,0.004611908512718995
ROBOT,TRANSLATOR,20,0.0023259583060877016
ROBOT,TRANSLATOR,21,0.00921126149011584
ROBOT,TRANSLATOR,22,-0.002837642924244389
ROBOT,TRANSLATOR,23,-0.003284204799779474
ROBOT,TRANSLATOR,24,-6.818738626706003e-05
ROBOT,TRANSLATOR,25,-0.004509796842958177
ROBOT,TRANSLATOR,26,0.004234675798976608
ROBOT,TRANSLATOR,27,0.0014299183991290584
ROBOT,TRANSLATOR,28,-0.005357288686862929
ROBOT,TRANSLATOR,29,0.009030927190775103
ROBOT,TRANSLATOR,30,0.0018915833543780005
ROBOT,UV_VISOR,-30,-0.0005667774394077788
ROBOT,UV_VISOR,-29,0.00490779832110363
ROBOT,UV_VISOR,-28,0.009454231037750576
ROBOT,UV_VISOR,-27,-0.013109399404422411
ROBOT,UV_VISOR,-26,0.0006400435096813365
ROBOT,UV_VISOR,-25,0.011003411194446389
ROBOT,UV_VISOR,-24,-0.002558905815336477
ROBOT,UV_VISOR,-23,0.0009807839686088913
ROBOT,UV_VISOR,-22,0.001268518424896147
ROBOT,UV_VISOR,-21,-0.0024724613857676878
ROBOT,UV_VISOR,-20,-0.008370533320513223
ROBOT,UV_VISOR,-19,-0.004511328090564079
ROBOT,UV_VISOR,-18,-0.0036164876799566663
ROBOT,UV_VISOR,-17,-0.0016541067158150414
ROBOT,UV_VISOR,-16,-0.00858613119624743
ROBOT,UV_VISOR,-15,-0.002337861867894904
ROBOT,UV_VISOR,-14,-0.0003406864549349077
ROBOT,UV_VISOR,-13,0.002800612355577164
ROBOT,UV_VISOR,-12,0.010313454721858815
ROBOT,UV_VISOR,-11,-0.0005604780812482674
ROBOT,UV_VISOR,-10,-0.0035804176620418834
ROBOT,UV_VISOR,-9,0.0012003124708926736
ROBOT,UV_VISOR,-8,-0.002053301419587068
ROBOT,UV_VISOR,-7,-0.00430706597447747
ROBOT,UV_VISOR,-6,0.0031833382491410966
ROBOT,UV_VISOR,-5,0.000750384464676262
ROBOT,UV_VISOR,-4,0.0031796289998158307
ROBOT,UV_VISOR,-3,-0.00010953063690051868
ROBOT,UV_VISOR,-2,0.001139716487366043
ROBOT,UV_VISOR,-1,0.00041088184053087996
ROBOT,UV_VISOR,1,-0.001301601204832782
ROBOT,UV_VISOR,2,-0.008164916155024597
ROBOT,UV_VISOR,3,-0.009097972923101615
ROBOT,UV_VISOR,4,-0.002071765188128184
ROBOT,UV_VISOR,5,-0.0036032106168165648
ROBOT,UV_VISOR,6,0.0031602088060875186
ROBOT,UV_VISOR,7,-0.0017655744308043818
ROBOT,UV_VISOR,8,-0.003455200336379257
ROBOT,UV_VISOR,9,0.006022589081300859
ROBOT,UV_VISOR,10,-0.0014615353128662565
ROBOT,UV_VISOR,11,0.002396388459174734
ROBOT,UV_VISOR,12,0.003480634165822618
ROBOT,UV_VISOR,13,0.0019886766581319725
ROBOT,UV_VISOR,14,0.005596268830326247
ROBOT,UV_VISOR,15,0.005061408512578656
ROBOT,UV_VISOR,16,0.0013484779136891307
ROBOT,UV_VISOR,17,0.005791249145322133
ROBOT,UV_VISOR,18,-0.009953271609030999
ROBOT,UV_VISOR,19,-0.00474852523703232
ROBOT,UV_VISOR,20,-0.004881389116159998
ROBOT,UV_VISOR,21,0.002544896965341767
ROBOT,UV_VISOR,22,-0.0010376017509823704
ROBOT,UV_VISOR,23,-0.005150907085480803
ROBOT,UV_VISOR,24,0.0033835819152935338
ROBOT,UV_VISOR,25,0.005825331557243214
ROBOT,UV_VISOR,26,0.0029436883025376237
ROBOT,UV_VISOR,27,0.0052656267117419525
ROBOT,UV_VISOR,28,-0.0002667840844763041
ROBOT,UV_VISOR,29,-0.010240260062828256
ROBOT,UV_VISOR,30,-0.0022259413539616984
SLEEP_POD,GALAXY_SOUNDS,-30,0.004972238898767077
SLEEP_POD,GALAXY_SOUNDS,-29,-0.0020778847877798447
SLEEP_POD,GALAXY_SOUNDS,-28,0.003421410070295329
SLEEP_POD,GALAXY_SOUNDS,-27,-0.0018896737002417924
SLEEP_POD,GALAXY_SOUNDS,-26,0.005402738073826988
SLEEP_POD,GALAXY_SOUNDS,-25,0.002359492821799899
SLEEP_POD,GALAXY_SOUNDS,-24,0.007642660665655608
SLEEP_POD,GALAXY_SOUNDS,-23,0.001708713528987782
SLEEP_POD,GALAXY_SOUNDS,-22,-0.0010484065408185232
SLEEP_POD,GALAXY_SOUNDS,-21,-0.0013596276890625709
SLEEP_POD,GALAXY_SOUNDS,-20,-0.009281171060911213
SLEEP_POD,GALAXY_SOUNDS,-19,0.0036351178516793197
SLEEP_POD,GALAXY_SOUNDS,-18,0.004835551869196129
SLEEP_POD,GALAXY_SOUNDS,-17,0.0010259859977536836
SLEEP_POD,GALAXY_SOUNDS,-16,0.0019696982756118426
SLEEP_POD,GALAXY_SOUNDS,-15,0.0034056416704665786
SLEEP_POD,GALAXY_SOUNDS,-14,-0.0004280649045574586
SLEEP_POD,GALAXY_SOUNDS,-13,-0.005332267036991927
SLEEP_POD,GALAXY_SOUNDS,-12,-0.004029168593207823
SLEEP_POD,GALAXY_SOUNDS,-11,0.0026913024763927994
SLEEP_POD,GALAXY_SOUNDS,-10,-0.002421180689446296
SLEEP_POD,GALAXY_SOUNDS,-9,0.005033354966057949
SLEEP_POD,GALAXY_SOUNDS,-8,-0.0058234016886058795
SLEEP_POD,GALAXY_SOUNDS,-7,0.0007758560692594186
SLEEP_POD,GALAXY_SOUNDS,-6,0.0019452577623737866
SLEEP_POD,GALAXY_SOUNDS,-5,-0.003731994626914304
SLEEP_POD,GALAXY_SOUNDS,-4,0.005662868361417235
SLEEP_POD,GALAXY_SOUNDS,-3,-0.0012951322505669446
SLEEP_POD,GALAXY_SOUNDS,-2,0.00724077241692605
SLEEP_POD,GALAXY_SOUNDS,-1,-0.009031340230433721
SLEEP_POD,GALAXY_SOUNDS,1,-0.010575630423247398
SLEEP_POD,GALAXY_SOUNDS,2,0.0031916364483404276
SLEEP_POD,GALAXY_SOUNDS,3,0.006508172288400613
SLEEP_POD,GALAXY_SOUNDS,4,-0.0004939968832161869
SLEEP_POD,GALAXY_SOUNDS,5,-0.00020301897540872207
SLEEP_POD,GALAXY_SOUNDS,6,0.011845948330797648
SLEEP_POD,GALAXY_SOUNDS,7,0.0011710085081239193
SLEEP_POD,GALAXY_SOUNDS,8,0.005285476617827905
SLEEP_POD,GALAXY_SOUNDS,9,0.0021888933325780098
SLEEP_POD,GALAXY_SOUNDS,10,-0.0013916832617615334
SLEEP_POD,GALAXY_SOUNDS,11,-0.0015466453265529196
SLEEP_POD,GALAXY_SOUNDS,12,-0.005649429534962793
SLEEP_POD,GALAXY_SOUNDS,13,0.0026130412221009557
SLEEP_POD,GALAXY_SOUNDS,14,0.004814193946345314
SLEEP_POD,GALAXY_SOUNDS,15,-0.005416941620673924
SLEEP_POD,GALAXY_SOUNDS,16,0.005499831661023214
SLEEP_POD,GALAXY_SOUNDS,17,-0.006627856586151428
SLEEP_POD,GALAXY_SOUNDS,18,-0.006593134384681076
SLEEP_POD,GALAXY_SOUNDS,19,0.003365367750431894
SLEEP_POD,GALAXY_SOUNDS,20,0.0069455641694219075
SLEEP_POD,GALAXY_SOUNDS,21,-0.0006712941918803715
SLEEP_POD,GALAXY_SOUNDS,22,-0.0012974497446927578
SLEEP_POD,GALAXY_SOUNDS,23,-0.008085741029605529
SLEEP_POD,GALAXY_SOUNDS,24,-0.008176541479219
SLEEP_POD,GALAXY_SOUNDS,25,-9.337509374373973e-05
SLEEP_POD,GALAXY_SOUNDS,26,-0.013486595146363686
SLEEP_POD,GALAXY_SOUNDS,27,-0.00888282762640917
SLEEP_POD,GALAXY_SOUNDS,28,-0.0015012641861152456
SLEEP_POD,GALAXY_SOUNDS,29,0.004142242131897488
SLEEP_POD,GALAXY_SOUNDS,30,-0.005833951929690158
SLEEP_POD,MICROCHIP,-30,-0.0031043101495150625
SLEEP_POD,MICROCHIP,-29,-0.0014444295624640446
SLEEP_POD,MICROCHIP,-28,-0.0013686282665058224
SLEEP_POD,MICROCHIP,-27,-0.010738424379989744
SLEEP_POD,MICROCHIP,-26,0.0005072168578530423
SLEEP_POD,MICROCHIP,-25,0.0005735941499041278
SLEEP_POD,MICROCHIP,-24,0.0009639207626254315
SLEEP_POD,MICROCHIP,-23,0.0017935693934405725
SLEEP_POD,MICROCHIP,-22,0.0031607199129258206
SLEEP_POD,MICROCHIP,-21,-0.0037507377742240656
SLEEP_POD,MICROCHIP,-20,-0.007906088644227002
SLEEP_POD,MICROCHIP,-19,-0.0020092385682787253
SLEEP_POD,MICROCHIP,-18,-0.0012418177732746274
SLEEP_POD,MICROCHIP,-17,-0.0008011703033281699
SLEEP_POD,MICROCHIP,-16,0.0025835735982955074
SLEEP_POD,MICROCHIP,-15,-0.0006889152424696145
SLEEP_POD,MICROCHIP,-14,-0.003921963171479124
SLEEP_POD,MICROCHIP,-13,-0.00334557593455354
SLEEP_POD,MICROCHIP,-12,-0.0019921169456172433
SLEEP_POD,MICROCHIP,-11,0.0008412139455180617
SLEEP_POD,MICROCHIP,-10,0.004253694195804587
SLEEP_POD,MICROCHIP,-9,0.002605763443068988
SLEEP_POD,MICROCHIP,-8,-0.0090148639645408
SLEEP_POD,MICROCHIP,-7,0.002343311411361982
SLEEP_POD,MICROCHIP,-6,-0.007814318380360338
SLEEP_POD,MICROCHIP,-5,-0.00508769011321799
SLEEP_POD,MICROCHIP,-4,-0.005252765471448457
SLEEP_POD,MICROCHIP,-3,0.003483113583204671
SLEEP_POD,MICROCHIP,-2,0.002407582109007958
SLEEP_POD,MICROCHIP,-1,0.008878072455175738
SLEEP_POD,MICROCHIP,1,0.0029579734157734188
SLEEP_POD,MICROCHIP,2,-0.007905218857602722
SLEEP_POD,MICROCHIP,3,0.00522547244428426
SLEEP_POD,MICROCHIP,4,-0.0019301556495579626
SLEEP_POD,MICROCHIP,5,0.0043166341118410076
SLEEP_POD,MICROCHIP,6,0.004066382709586101
SLEEP_POD,MICROCHIP,7,0.005115822922354273
SLEEP_POD,MICROCHIP,8,-0.0017410218918831363
SLEEP_POD,MICROCHIP,9,0.004849949517671097
SLEEP_POD,MICROCHIP,10,-0.0015152800766571545
SLEEP_POD,MICROCHIP,11,0.010058085199191236
SLEEP_POD,MICROCHIP,12,-0.002476696753932929
SLEEP_POD,MICROCHIP,13,0.0017405701186057386
SLEEP_POD,MICROCHIP,14,-0.009553351168499091
SLEEP_POD,MICROCHIP,15,-0.008314557165112377
SLEEP_POD,MICROCHIP,16,-0.0055280587102211915
SLEEP_POD,MICROCHIP,17,-0.009912627463070879
SLEEP_POD,MICROCHIP,18,0.003362663259176096
SLEEP_POD,MICROCHIP,19,0.001044921338410933
SLEEP_POD,MICROCHIP,20,0.0029395999035449916
SLEEP_POD,MICROCHIP,21,-0.000871741338104413
SLEEP_POD,MICROCHIP,22,-0.004614671330261875
SLEEP_POD,MICROCHIP,23,0.0002028661367541739
SLEEP_POD,MICROCHIP,24,0.005200776066669397
SLEEP_POD,MICROCHIP,25,0.002886396160173091
SLEEP_POD,MICROCHIP,26,-0.008019330187637464
SLEEP_POD,MICROCHIP,27,6.735555693296488e-05
SLEEP_POD,MICROCHIP,28,-0.006813236883464101
SLEEP_POD,MICROCHIP,29,0.012850690517073283
SLEEP_POD,MICROCHIP,30,0.006716340630134401
SLEEP_POD,OXYGEN_SHAKE,-30,0.003611392986824892
SLEEP_POD,OXYGEN_SHAKE,-29,-0.004596667336564356
SLEEP_POD,OXYGEN_SHAKE,-28,-0.0006439442885006865
SLEEP_POD,OXYGEN_SHAKE,-27,-0.0071537421417110485
SLEEP_POD,OXYGEN_SHAKE,-26,0.0032976000264364003
SLEEP_POD,OXYGEN_SHAKE,-25,-0.005497110203579174
SLEEP_POD,OXYGEN_SHAKE,-24,-0.004286148280292566
SLEEP_POD,OXYGEN_SHAKE,-23,0.004797218955079411
SLEEP_POD,OXYGEN_SHAKE,-22,0.008279774670025022
SLEEP_POD,OXYGEN_SHAKE,-21,-0.007461043398654845
SLEEP_POD,OXYGEN_SHAKE,-20,0.00566697151796523
SLEEP_POD,OXYGEN_SHAKE,-19,-0.0010170850172363127
SLEEP_POD,OXYGEN_SHAKE,-18,-0.006446290724947147
SLEEP_POD,OXYGEN_SHAKE,-17,0.0003278136855013651
SLEEP_POD,OXYGEN_SHAKE,-16,-0.0020392284387152813
SLEEP_POD,OXYGEN_SHAKE,-15,-0.003541443379948574
SLEEP_POD,OXYGEN_SHAKE,-14,0.011165162310935109
SLEEP_POD,OXYGEN_SHAKE,-13,-0.007051690484800477
SLEEP_POD,OXYGEN_SHAKE,-12,0.005319059831236934
SLEEP_POD,OXYGEN_SHAKE,-11,-0.004557972977798673
SLEEP_POD,OXYGEN_SHAKE,-10,0.0045806649663261804
SLEEP_POD,OXYGEN_SHAKE,-9,-0.008522010487932259
SLEEP_POD,OXYGEN_SHAKE,-8,-0.005492005977016849
SLEEP_POD,OXYGEN_SHAKE,-7,-0.00788568933879006
SLEEP_POD,OXYGEN_SHAKE,-6,0.003480831129065247
SLEEP_POD,OXYGEN_SHAKE,-5,0.0018752368506850382
SLEEP_POD,OXYGEN_SHAKE,-4,-0.004711249317595688
SLEEP_POD,OXYGEN_SHAKE,-3,-0.004017177439132424
SLEEP_POD,OXYGEN_SHAKE,-2,-0.0007160975319960946
SLEEP_POD,OXYGEN_SHAKE,-1,-0.0029630620100179464
SLEEP_POD,OXYGEN_SHAKE,1,-0.020702921824863562
SLEEP_POD,OXYGEN_SHAKE,2,-0.005724886753662844
SLEEP_POD,OXYGEN_SHAKE,3,0.0021863286126294445
SLEEP_POD,OXYGEN_SHAKE,4,-0.006096552713167691
SLEEP_POD,OXYGEN_SHAKE,5,-0.007983222905750017
SLEEP_POD,OXYGEN_SHAKE,6,0.001128511912465296
SLEEP_POD,OXYGEN_SHAKE,7,0.00609317256279018
SLEEP_POD,OXYGEN_SHAKE,8,-0.001754002315579963
SLEEP_POD,OXYGEN_SHAKE,9,0.0004970830291199364
SLEEP_POD,OXYGEN_SHAKE,10,-0.01690366275264584
SLEEP_POD,OXYGEN_SHAKE,11,-0.005922813648173159
SLEEP_POD,OXYGEN_SHAKE,12,0.0019567325151437125
SLEEP_POD,OXYGEN_SHAKE,13,-0.0020513872193617245
SLEEP_POD,OXYGEN_SHAKE,14,-0.006255443077721204
SLEEP_POD,OXYGEN_SHAKE,15,-0.0018471018038624025
SLEEP_POD,OXYGEN_SHAKE,16,0.005923783114026061
SLEEP_POD,OXYGEN_SHAKE,17,0.009766691814068399
SLEEP_POD,OXYGEN_SHAKE,18,-0.002527865860470494
SLEEP_POD,OXYGEN_SHAKE,19,-0.0012604082456941434
SLEEP_POD,OXYGEN_SHAKE,20,0.0017345729209958785
SLEEP_POD,OXYGEN_SHAKE,21,0.008248093275506326
SLEEP_POD,OXYGEN_SHAKE,22,-0.006027198874438484
SLEEP_POD,OXYGEN_SHAKE,23,-0.00022217090889407436
SLEEP_POD,OXYGEN_SHAKE,24,-0.005123317897828494
SLEEP_POD,OXYGEN_SHAKE,25,-0.009064471330990947
SLEEP_POD,OXYGEN_SHAKE,26,0.007820556119553514
SLEEP_POD,OXYGEN_SHAKE,27,-0.0009468081482736251
SLEEP_POD,OXYGEN_SHAKE,28,0.00874501198753552
SLEEP_POD,OXYGEN_SHAKE,29,0.006524117179802651
SLEEP_POD,OXYGEN_SHAKE,30,-0.0023348085127324397
SLEEP_POD,PANEL,-30,0.004767660261402395
SLEEP_POD,PANEL,-29,-0.004111542595224829
SLEEP_POD,PANEL,-28,-0.00810187288801288
SLEEP_POD,PANEL,-27,-0.005860421156005285
SLEEP_POD,PANEL,-26,0.003419405130069338
SLEEP_POD,PANEL,-25,-0.0025684534927050925
SLEEP_POD,PANEL,-24,0.007175334728066404
SLEEP_POD,PANEL,-23,-0.0045319725484456105
SLEEP_POD,PANEL,-22,-0.00173262701270894
SLEEP_POD,PANEL,-21,-0.009698002799827672
SLEEP_POD,PANEL,-20,0.0072316455660568525
SLEEP_POD,PANEL,-19,0.004037331190090659
SLEEP_POD,PANEL,-18,0.0015205617948290992
SLEEP_POD,PANEL,-17,-0.009311454374524377
SLEEP_POD,PANEL,-16,0.003790694154651707
SLEEP_POD,PANEL,-15,0.005252179628730701
SLEEP_POD,PANEL,-14,0.0017663549792915122
SLEEP_POD,PANEL,-13,-0.001879912062247745
SLEEP_POD,PANEL,-12,-0.001434035514993643
SLEEP_POD,PANEL,-11,0.00272334246342499
SLEEP_POD,PANEL,-10,0.001400665081012022
SLEEP_POD,PANEL,-9,-0.0025196821468885648
SLEEP_POD,PANEL,-8,-0.00022835175404664097
SLEEP_POD,PANEL,-7,0.004238813365038207
SLEEP_POD,PANEL,-6,-0.0005361521468322885
SLEEP_POD,PANEL,-5,-0.008273843708830022
SLEEP_POD,PANEL,-4,0.0060896162711518145
SLEEP_POD,PANEL,-3,0.015216536675078616
SLEEP_POD,PANEL,-2,-0.0017887676612963993
SLEEP_POD,PANEL,-1,-0.0051099629877866285
SLEEP_POD,PANEL,1,-0.01682605659560472
SLEEP_POD,PANEL,2,0.006657209463731591
SLEEP_POD,PANEL,3,0.011710463780933605
SLEEP_POD,PANEL,4,0.0013729073595474277
SLEEP_POD,PANEL,5,0.0027211359663035684
SLEEP_POD,PANEL,6,0.005381678964595074
SLEEP_POD,PANEL,7,0.0007246191428608203
SLEEP_POD,PANEL,8,0.007156175010069386
SLEEP_POD,PANEL,9,0.0013211473625650127
SLEEP_POD,PANEL,10,0.000614903672990904
SLEEP_POD,PANEL,11,-0.006418396061941738
SLEEP_POD,PANEL,12,0.010009262939657208
SLEEP_POD,PANEL,13,0.0010056910750998785
SLEEP_POD,PANEL,14,-0.0019514982102858851
SLEEP_POD,PANEL,15,-0.005116562340261664
SLEEP_POD,PANEL,16,-0.00617981370938354
SLEEP_POD,PANEL,17,-0.005565271293493427
SLEEP_POD,PANEL,18,0.004865842660525644
SLEEP_POD,PANEL,19,-0.0003468219084485219
SLEEP_POD,PANEL,20,-0.0054880795118973525
SLEEP_POD,PANEL,21,-0.005347037459535623
SLEEP_POD,PANEL,22,-0.003166542613150535
SLEEP_POD,PANEL,23,-0.0021285699986271496
SLEEP_POD,PANEL,24,-0.0014026169330649378
SLEEP_POD,PANEL,25,0.0020195105642269633
SLEEP_POD,PANEL,26,-0.005674601372423827
SLEEP_POD,PANEL,27,0.003612724032234447
SLEEP_POD,PANEL,28,0.009890413194163453
SLEEP_POD,PANEL,29,-0.007931193948084817
SLEEP_POD,PANEL,30,0.0006966247383169205
SLEEP_POD,PEBBLES,-30,0.0056926138272936225
SLEEP_POD,PEBBLES,-29,-0.007912485646189899
SLEEP_POD,PEBBLES,-28,0.0012111276415798099
SLEEP_POD,PEBBLES,-27,0.006664221292856265
SLEEP_POD,PEBBLES,-26,-0.008901367758825702
SLEEP_POD,PEBBLES,-25,0.002998974463897801
SLEEP_POD,PEBBLES,-24,-0.002182318825897154
SLEEP_POD,PEBBLES,-23,0.00923963553532869
SLEEP_POD,PEBBLES,-22,-0.006123055160844627
SLEEP_POD,PEBBLES,-21,0.0005750995325555962
SLEEP_POD,PEBBLES,-20,-0.0022021895616347056
SLEEP_POD,PEBBLES,-19,-0.0006907874097921524
SLEEP_POD,PEBBLES,-18,0.0074375276184677356
SLEEP_POD,PEBBLES,-17,-0.004852612051242816
SLEEP_POD,PEBBLES,-16,-0.0006187650079982573
SLEEP_POD,PEBBLES,-15,-0.003983142338019804
SLEEP_POD,PEBBLES,-14,-0.003685231842691587
SLEEP_POD,PEBBLES,-13,0.00025423006201037447
SLEEP_POD,PEBBLES,-12,0.0067989185093196005
SLEEP_POD,PEBBLES,-11,0.006332695260895418
SLEEP_POD,PEBBLES,-10,-0.0002908290137815701
SLEEP_POD,PEBBLES,-9,-0.0010413536314124471
SLEEP_POD,PEBBLES,-8,-0.0058559309136519645
SLEEP_POD,PEBBLES,-7,-0.003235515747867555
SLEEP_POD,PEBBLES,-6,0.0012427327717523013
SLEEP_POD,PEBBLES,-5,0.0034595905795125597
SLEEP_POD,PEBBLES,-4,0.004056632259161081
SLEEP_POD,PEBBLES,-3,-0.006239513871741511
SLEEP_POD,PEBBLES,-2,-2.193365697220981e-05
SLEEP_POD,PEBBLES,-1,0.005514518158651301
SLEEP_POD,PEBBLES,1,0.0012303064338679884
SLEEP_POD,PEBBLES,2,0.0025804718970292738
SLEEP_POD,PEBBLES,3,0.003938404859755571
SLEEP_POD,PEBBLES,4,-0.009156252134234832
SLEEP_POD,PEBBLES,5,0.007795771585966155
SLEEP_POD,PEBBLES,6,-0.009415811712911627
SLEEP_POD,PEBBLES,7,0.0018516974336236698
SLEEP_POD,PEBBLES,8,0.002954671919334268
SLEEP_POD,PEBBLES,9,0.006862032828908473
SLEEP_POD,PEBBLES,10,0.0011688195857378996
SLEEP_POD,PEBBLES,11,-0.004025336971820437
SLEEP_POD,PEBBLES,12,-0.004505901563706939
SLEEP_POD,PEBBLES,13,0.005484710173799393
SLEEP_POD,PEBBLES,14,-0.00561071376115685
SLEEP_POD,PEBBLES,15,-0.00036725841575395435
SLEEP_POD,PEBBLES,16,-0.001906963402102982
SLEEP_POD,PEBBLES,17,0.010701425836203895
SLEEP_POD,PEBBLES,18,-0.011083615759584995
SLEEP_POD,PEBBLES,19,0.0014375392432648237
SLEEP_POD,PEBBLES,20,-0.001057070759408456
SLEEP_POD,PEBBLES,21,0.0034288984800497284
SLEEP_POD,PEBBLES,22,-0.0022600123662836836
SLEEP_POD,PEBBLES,23,0.013388221707417025
SLEEP_POD,PEBBLES,24,-0.006569878919062379
SLEEP_POD,PEBBLES,25,0.00020670665616761059
SLEEP_POD,PEBBLES,26,-0.010479907422535935
SLEEP_POD,PEBBLES,27,0.005964054225725247
SLEEP_POD,PEBBLES,28,-0.004119043099907982
SLEEP_POD,PEBBLES,29,0.006310598373991975
SLEEP_POD,PEBBLES,30,0.0013661722276428025
SLEEP_POD,ROBOT,-30,-0.007094152965003486
SLEEP_POD,ROBOT,-29,-0.003481555081904587
SLEEP_POD,ROBOT,-28,0.007736974268591985
SLEEP_POD,ROBOT,-27,-0.002763796677112297
SLEEP_POD,ROBOT,-26,0.009574194114439242
SLEEP_POD,ROBOT,-25,-0.007813113755869867
SLEEP_POD,ROBOT,-24,-0.002341621231142861
SLEEP_POD,ROBOT,-23,-0.0050966724952969805
SLEEP_POD,ROBOT,-22,0.000827832737164659
SLEEP_POD,ROBOT,-21,0.013355248981076876
SLEEP_POD,ROBOT,-20,-0.0050277732774925005
SLEEP_POD,ROBOT,-19,0.00021382109584451735
SLEEP_POD,ROBOT,-18,0.0034708239001617954
SLEEP_POD,ROBOT,-17,-0.0013025797171532319
SLEEP_POD,ROBOT,-16,0.0067467982074366165
SLEEP_POD,ROBOT,-15,-0.0004931166176467274
SLEEP_POD,ROBOT,-14,0.005358006221800763
SLEEP_POD,ROBOT,-13,-0.011263619762807561
SLEEP_POD,ROBOT,-12,0.003585386268471684
SLEEP_POD,ROBOT,-11,0.006998803968856193
SLEEP_POD,ROBOT,-10,-0.002301051011673432
SLEEP_POD,ROBOT,-9,-0.0024772779999006917
SLEEP_POD,ROBOT,-8,-0.008415786772991766
SLEEP_POD,ROBOT,-7,-0.009398707695021106
SLEEP_POD,ROBOT,-6,0.013191202134971613
SLEEP_POD,ROBOT,-5,-0.001496064666545239
SLEEP_POD,ROBOT,-4,-0.0009873915584100745
SLEEP_POD,ROBOT,-3,-0.009975739599651057
SLEEP_POD,ROBOT,-2,-0.002071946085853376
SLEEP_POD,ROBOT,-1,-0.009898984845666847
SLEEP_POD,ROBOT,1,-0.0038083092577672335
SLEEP_POD,ROBOT,2,-0.0015283773424665784
SLEEP_POD,ROBOT,3,-0.0037756947837281974
SLEEP_POD,ROBOT,4,0.007047381720809228
SLEEP_POD,ROBOT,5,-0.004956677146711309
SLEEP_POD,ROBOT,6,0.0017251597638546878
SLEEP_POD,ROBOT,7,-0.005249552312608313
SLEEP_POD,ROBOT,8,-0.009883855445609952
SLEEP_POD,ROBOT,9,0.0077859437417644685
SLEEP_POD,ROBOT,10,-0.0022831336602716443
SLEEP_POD,ROBOT,11,-0.000743536105567169
SLEEP_POD,ROBOT,12,0.010259587813722045
SLEEP_POD,ROBOT,13,-0.0015186159589013542
SLEEP_POD,ROBOT,14,-0.006351269158754201
SLEEP_POD,ROBOT,15,-0.006201067209598639
SLEEP_POD,ROBOT,16,-0.0018343732142051996
SLEEP_POD,ROBOT,17,-0.0114142577663091
SLEEP_POD,ROBOT,18,-0.0077875285369198724
SLEEP_POD,ROBOT,19,-0.003688360943351992
SLEEP_POD,ROBOT,20,-0.002912029234372034
SLEEP_POD,ROBOT,21,0.0024599265030073245
SLEEP_POD,ROBOT,22,0.00012675210460527192
SLEEP_POD,ROBOT,23,-0.002237350825971201
SLEEP_POD,ROBOT,24,0.0008722202341328975
SLEEP_POD,ROBOT,25,-0.003407188100357038
SLEEP_POD,ROBOT,26,0.006551258817996817
SLEEP_POD,ROBOT,27,0.00472856062736886
SLEEP_POD,ROBOT,28,-0.002968697303982675
SLEEP_POD,ROBOT,29,0.0006109032754350515
SLEEP_POD,ROBOT,30,0.002746880898318466
SLEEP_POD,SNACKPACK,-30,0.002853453055438099
SLEEP_POD,SNACKPACK,-29,-0.007999294013455534
SLEEP_POD,SNACKPACK,-28,0.0029167659832489137
SLEEP_POD,SNACKPACK,-27,-0.0076823007614933315
SLEEP_POD,SNACKPACK,-26,0.004883697654181835
SLEEP_POD,SNACKPACK,-25,0.005136255469076232
SLEEP_POD,SNACKPACK,-24,0.011250063738025803
SLEEP_POD,SNACKPACK,-23,-0.001479146721638217
SLEEP_POD,SNACKPACK,-22,0.002474075646248516
SLEEP_POD,SNACKPACK,-21,-0.010581361506249446
SLEEP_POD,SNACKPACK,-20,0.015100975736358987
SLEEP_POD,SNACKPACK,-19,-0.0029158672837838275
SLEEP_POD,SNACKPACK,-18,0.004617993594304102
SLEEP_POD,SNACKPACK,-17,0.004874913811583483
SLEEP_POD,SNACKPACK,-16,0.022953296156189712
SLEEP_POD,SNACKPACK,-15,-0.009575012739906782
SLEEP_POD,SNACKPACK,-14,0.002924702329877393
SLEEP_POD,SNACKPACK,-13,-0.005803610498540582
SLEEP_POD,SNACKPACK,-12,0.002242545909074331
SLEEP_POD,SNACKPACK,-11,0.004002858435471974
SLEEP_POD,SNACKPACK,-10,-0.003903602791482071
SLEEP_POD,SNACKPACK,-9,-0.001981846082972263
SLEEP_POD,SNACKPACK,-8,0.0004161369682868662
SLEEP_POD,SNACKPACK,-7,0.006508202504662266
SLEEP_POD,SNACKPACK,-6,0.0024799492077333543
SLEEP_POD,SNACKPACK,-5,-0.004729113800400508
SLEEP_POD,SNACKPACK,-4,-0.00019964167975463514
SLEEP_POD,SNACKPACK,-3,0.0006462623789712912
SLEEP_POD,SNACKPACK,-2,-0.0006296277377206377
SLEEP_POD,SNACKPACK,-1,-0.04720217072800766
SLEEP_POD,SNACKPACK,1,-0.04364772338871443
SLEEP_POD,SNACKPACK,2,0.00030238937436882605
SLEEP_POD,SNACKPACK,3,0.004213167351540017
SLEEP_POD,SNACKPACK,4,-0.007984977922213225
SLEEP_POD,SNACKPACK,5,-0.0031700512258480036
SLEEP_POD,SNACKPACK,6,0.0010773098628476148
SLEEP_POD,SNACKPACK,7,-0.006335454276840263
SLEEP_POD,SNACKPACK,8,3.0144151164759256e-05
SLEEP_POD,SNACKPACK,9,0.0006931638740071225
SLEEP_POD,SNACKPACK,10,-0.00258018698566014
SLEEP_POD,SNACKPACK,11,0.00627695048914884
SLEEP_POD,SNACKPACK,12,-0.007688076269396195
SLEEP_POD,SNACKPACK,13,-0.0033581805229336847
SLEEP_POD,SNACKPACK,14,-0.0021279898789945675
SLEEP_POD,SNACKPACK,15,-0.0029433832205322114
SLEEP_POD,SNACKPACK,16,0.014388821256812026
SLEEP_POD,SNACKPACK,17,-0.010612726164513779
SLEEP_POD,SNACKPACK,18,0.002993944182922642
SLEEP_POD,SNACKPACK,19,0.00577484178164521
SLEEP_POD,SNACKPACK,20,0.015830633576231875
SLEEP_POD,SNACKPACK,21,-0.0046937015501324906
SLEEP_POD,SNACKPACK,22,-0.003937706836764904
SLEEP_POD,SNACKPACK,23,0.0039509017929139235
SLEEP_POD,SNACKPACK,24,-0.0006407245216959589
SLEEP_POD,SNACKPACK,25,0.0025909859786134135
SLEEP_POD,SNACKPACK,26,-0.003670192044873125
SLEEP_POD,SNACKPACK,27,-0.010179841476661174
SLEEP_POD,SNACKPACK,28,0.0033923632388740696
SLEEP_POD,SNACKPACK,29,-0.004734996159835274
SLEEP_POD,SNACKPACK,30,0.004110877553733408
SLEEP_POD,TRANSLATOR,-30,0.012070617394924911
SLEEP_POD,TRANSLATOR,-29,-0.012054378564426763
SLEEP_POD,TRANSLATOR,-28,0.005057003250526551
SLEEP_POD,TRANSLATOR,-27,-0.007361499966035937
SLEEP_POD,TRANSLATOR,-26,0.0017299586749992524
SLEEP_POD,TRANSLATOR,-25,0.00457053392884582
SLEEP_POD,TRANSLATOR,-24,-0.002935465648387769
SLEEP_POD,TRANSLATOR,-23,0.009643766692742011
SLEEP_POD,TRANSLATOR,-22,0.004673800531476532
SLEEP_POD,TRANSLATOR,-21,0.006911191621904321
SLEEP_POD,TRANSLATOR,-20,0.004347163112793037
SLEEP_POD,TRANSLATOR,-19,-0.005206136787066686
SLEEP_POD,TRANSLATOR,-18,0.0017912692606156242
SLEEP_POD,TRANSLATOR,-17,0.008044847348427722
SLEEP_POD,TRANSLATOR,-16,0.0005321657434483103
SLEEP_POD,TRANSLATOR,-15,-0.008696701039238992
SLEEP_POD,TRANSLATOR,-14,-0.006455491492027479
SLEEP_POD,TRANSLATOR,-13,-0.00972801611748092
SLEEP_POD,TRANSLATOR,-12,0.0023781065157175685
SLEEP_POD,TRANSLATOR,-11,0.009397762033967624
SLEEP_POD,TRANSLATOR,-10,0.0006197116996395243
SLEEP_POD,TRANSLATOR,-9,0.008176955453451444
SLEEP_POD,TRANSLATOR,-8,0.0005384806116254402
SLEEP_POD,TRANSLATOR,-7,-0.001947704099408193
SLEEP_POD,TRANSLATOR,-6,0.004595120704154985
SLEEP_POD,TRANSLATOR,-5,-0.011817045235048021
SLEEP_POD,TRANSLATOR,-4,-0.002329743758065542
SLEEP_POD,TRANSLATOR,-3,-0.006090732789345253
SLEEP_POD,TRANSLATOR,-2,-0.0027594543455701456
SLEEP_POD,TRANSLATOR,-1,-0.010410535695649904
SLEEP_POD,TRANSLATOR,1,0.005610885035950829
SLEEP_POD,TRANSLATOR,2,0.010549392448092262
SLEEP_POD,TRANSLATOR,3,-0.006465586198229987
SLEEP_POD,TRANSLATOR,4,-0.004182939238364628
SLEEP_POD,TRANSLATOR,5,0.013528715052062032
SLEEP_POD,TRANSLATOR,6,0.008906364056073902
SLEEP_POD,TRANSLATOR,7,0.00660509342440106
SLEEP_POD,TRANSLATOR,8,-0.0016392896161003965
SLEEP_POD,TRANSLATOR,9,0.0019460185663251375
SLEEP_POD,TRANSLATOR,10,-0.005040646188507498
SLEEP_POD,TRANSLATOR,11,0.002862160889814918
SLEEP_POD,TRANSLATOR,12,-0.0024239232278716063
SLEEP_POD,TRANSLATOR,13,-0.015305421031972062
SLEEP_POD,TRANSLATOR,14,-0.003190739875878181
SLEEP_POD,TRANSLATOR,15,0.005618423685263356
SLEEP_POD,TRANSLATOR,16,0.008334515897215157
SLEEP_POD,TRANSLATOR,17,-0.002740916587457487
SLEEP_POD,TRANSLATOR,18,-0.011874578836579748
SLEEP_POD,TRANSLATOR,19,0.006816300268102892
SLEEP_POD,TRANSLATOR,20,0.011487470014508986
SLEEP_POD,TRANSLATOR,21,0.0016133844712309994
SLEEP_POD,TRANSLATOR,22,0.0034914311658386945
SLEEP_POD,TRANSLATOR,23,-7.384599345219114e-05
SLEEP_POD,TRANSLATOR,24,-0.00453573367957218
SLEEP_POD,TRANSLATOR,25,-0.001120102094464946
SLEEP_POD,TRANSLATOR,26,-0.00018321024688335602
SLEEP_POD,TRANSLATOR,27,0.006736101902141962
SLEEP_POD,TRANSLATOR,28,0.004288308888304405
SLEEP_POD,TRANSLATOR,29,-0.0018775354128240957
SLEEP_POD,TRANSLATOR,30,0.006291859111267279
SLEEP_POD,UV_VISOR,-30,-0.0035997845134196644
SLEEP_POD,UV_VISOR,-29,0.003287087241455559
SLEEP_POD,UV_VISOR,-28,0.00617179019164307
SLEEP_POD,UV_VISOR,-27,-0.005472331582054774
SLEEP_POD,UV_VISOR,-26,-0.006635834119121175
SLEEP_POD,UV_VISOR,-25,0.002817507017678669
SLEEP_POD,UV_VISOR,-24,-0.0020234568909997764
SLEEP_POD,UV_VISOR,-23,-0.00535006539760545
SLEEP_POD,UV_VISOR,-22,-0.010359764693529804
SLEEP_POD,UV_VISOR,-21,-0.008546686418483851
SLEEP_POD,UV_VISOR,-20,0.0001589883221331542
SLEEP_POD,UV_VISOR,-19,-0.000225379170965515
SLEEP_POD,UV_VISOR,-18,0.008618999227100608
SLEEP_POD,UV_VISOR,-17,0.0029836923863350716
SLEEP_POD,UV_VISOR,-16,0.0006545775787928984
SLEEP_POD,UV_VISOR,-15,-0.005340614586705298
SLEEP_POD,UV_VISOR,-14,0.0027221634479243917
SLEEP_POD,UV_VISOR,-13,-0.002531770865784198
SLEEP_POD,UV_VISOR,-12,0.01046775069796029
SLEEP_POD,UV_VISOR,-11,-0.006967198441562341
SLEEP_POD,UV_VISOR,-10,0.005841465487992477
SLEEP_POD,UV_VISOR,-9,0.002234035585833425
SLEEP_POD,UV_VISOR,-8,-0.006768774933015705
SLEEP_POD,UV_VISOR,-7,0.006627854623234045
SLEEP_POD,UV_VISOR,-6,-0.001670921861114155
SLEEP_POD,UV_VISOR,-5,-0.0011607898308118624
SLEEP_POD,UV_VISOR,-4,0.008996064571684958
SLEEP_POD,UV_VISOR,-3,0.005576250055635778
SLEEP_POD,UV_VISOR,-2,0.012317345414421445
SLEEP_POD,UV_VISOR,-1,-0.008434042734772256
SLEEP_POD,UV_VISOR,1,-0.005509094111804676
SLEEP_POD,UV_VISOR,2,0.0009656584980857761
SLEEP_POD,UV_VISOR,3,-0.0036735858158985285
SLEEP_POD,UV_VISOR,4,-0.004333123958586582
SLEEP_POD,UV_VISOR,5,0.0001298746896790565
SLEEP_POD,UV_VISOR,6,-0.002618327139795571
SLEEP_POD,UV_VISOR,7,0.006290528084641326
SLEEP_POD,UV_VISOR,8,0.0021080882768612376
SLEEP_POD,UV_VISOR,9,0.004138665665790304
SLEEP_POD,UV_VISOR,10,0.002410652891720085
SLEEP_POD,UV_VISOR,11,0.001398011213408116
SLEEP_POD,UV_VISOR,12,-0.011467400973991522
SLEEP_POD,UV_VISOR,13,0.0017639759470181198
SLEEP_POD,UV_VISOR,14,0.008759550719184021
SLEEP_POD,UV_VISOR,15,-0.00943970039831655
SLEEP_POD,UV_VISOR,16,-0.005472141176578762
SLEEP_POD,UV_VISOR,17,-0.008736889904033865
SLEEP_POD,UV_VISOR,18,0.0021217074962929607
SLEEP_POD,UV_VISOR,19,0.0016863856639761333
SLEEP_POD,UV_VISOR,20,-0.004299954608549064
SLEEP_POD,UV_VISOR,21,0.007464357725845926
SLEEP_POD,UV_VISOR,22,0.0012680571868504053
SLEEP_POD,UV_VISOR,23,0.009536847968526461
SLEEP_POD,UV_VISOR,24,0.0033572439891353264
SLEEP_POD,UV_VISOR,25,-0.001551373760005663
SLEEP_POD,UV_VISOR,26,0.004109054875751746
SLEEP_POD,UV_VISOR,27,-0.001437960157728103
SLEEP_POD,UV_VISOR,28,0.007039444164172261
SLEEP_POD,UV_VISOR,29,0.00532509726685007
SLEEP_POD,UV_VISOR,30,-0.008572820829655782
SNACKPACK,GALAXY_SOUNDS,-30,0.007451075534857411
SNACKPACK,GALAXY_SOUNDS,-29,0.007365142104440686
SNACKPACK,GALAXY_SOUNDS,-28,-0.0010131840940368452
SNACKPACK,GALAXY_SOUNDS,-27,-0.010864270106534159
SNACKPACK,GALAXY_SOUNDS,-26,-0.006116160293069589
SNACKPACK,GALAXY_SOUNDS,-25,-0.004264849750215737
SNACKPACK,GALAXY_SOUNDS,-24,0.00040410707454073455
SNACKPACK,GALAXY_SOUNDS,-23,-0.002307999578709335
SNACKPACK,GALAXY_SOUNDS,-22,-0.0019079770393202519
SNACKPACK,GALAXY_SOUNDS,-21,-0.0042420148437604015
SNACKPACK,GALAXY_SOUNDS,-20,-0.002194501553382788
SNACKPACK,GALAXY_SOUNDS,-19,0.013198465176271922
SNACKPACK,GALAXY_SOUNDS,-18,0.002668090160665363
SNACKPACK,GALAXY_SOUNDS,-17,-0.00043904927040771147
SNACKPACK,GALAXY_SOUNDS,-16,-0.006178692811271128
SNACKPACK,GALAXY_SOUNDS,-15,0.0039040999878142556
SNACKPACK,GALAXY_SOUNDS,-14,-0.015476145922408029
SNACKPACK,GALAXY_SOUNDS,-13,0.009184738514506253
SNACKPACK,GALAXY_SOUNDS,-12,-0.005677270440966448
SNACKPACK,GALAXY_SOUNDS,-11,0.00198332975471111
SNACKPACK,GALAXY_SOUNDS,-10,-0.0012501162914608896
SNACKPACK,GALAXY_SOUNDS,-9,0.0012175235949547947
SNACKPACK,GALAXY_SOUNDS,-8,0.0016045483614262905
SNACKPACK,GALAXY_SOUNDS,-7,-0.005293802744725787
SNACKPACK,GALAXY_SOUNDS,-6,-0.002389517288927409
SNACKPACK,GALAXY_SOUNDS,-5,0.0038181185104619883
SNACKPACK,GALAXY_SOUNDS,-4,-0.005597544021012403
SNACKPACK,GALAXY_SOUNDS,-3,-0.0028829387147201
SNACKPACK,GALAXY_SOUNDS,-2,9.920511128496031e-05
SNACKPACK,GALAXY_SOUNDS,-1,-0.056242051568576125
SNACKPACK,GALAXY_SOUNDS,1,-0.0548444703815424
SNACKPACK,GALAXY_SOUNDS,2,0.0023920450621938783
SNACKPACK,GALAXY_SOUNDS,3,-0.0028359899056748464
SNACKPACK,GALAXY_SOUNDS,4,-0.007302930796770299
SNACKPACK,GALAXY_SOUNDS,5,-0.0018508194900692624
SNACKPACK,GALAXY_SOUNDS,6,0.0055522107903260105
SNACKPACK,GALAXY_SOUNDS,7,0.007724995709624809
SNACKPACK,GALAXY_SOUNDS,8,-0.01057107013253292
SNACKPACK,GALAXY_SOUNDS,9,0.007813065792527017
SNACKPACK,GALAXY_SOUNDS,10,-0.0022697442457436964
SNACKPACK,GALAXY_SOUNDS,11,0.0024937824925873714
SNACKPACK,GALAXY_SOUNDS,12,-0.003017677222790346
SNACKPACK,GALAXY_SOUNDS,13,0.00023519217933815179
SNACKPACK,GALAXY_SOUNDS,14,0.003671794614405399
SNACKPACK,GALAXY_SOUNDS,15,-0.00957671653398562
SNACKPACK,GALAXY_SOUNDS,16,-0.002511688908956304
SNACKPACK,GALAXY_SOUNDS,17,-0.007624297969293332
SNACKPACK,GALAXY_SOUNDS,18,0.0009463686409095716
SNACKPACK,GALAXY_SOUNDS,19,-0.003759200079976977
SNACKPACK,GALAXY_SOUNDS,20,0.005754116824359612
SNACKPACK,GALAXY_SOUNDS,21,-0.009904992237099754
SNACKPACK,GALAXY_SOUNDS,22,-0.005310879365304737
SNACKPACK,GALAXY_SOUNDS,23,0.0002498100800697204
SNACKPACK,GALAXY_SOUNDS,24,-0.00016995861590093315
SNACKPACK,GALAXY_SOUNDS,25,0.003273678771295308
SNACKPACK,GALAXY_SOUNDS,26,0.010420607310845712
SNACKPACK,GALAXY_SOUNDS,27,-0.006221406871294428
SNACKPACK,GALAXY_SOUNDS,28,0.00160878358609144
SNACKPACK,GALAXY_SOUNDS,29,-0.004097794130244437
SNACKPACK,GALAXY_SOUNDS,30,0.010307304973255094
SNACKPACK,MICROCHIP,-30,-0.0019539833098109853
SNACKPACK,MICROCHIP,-29,-0.0013509878957406773
SNACKPACK,MICROCHIP,-28,-0.01497749181398061
SNACKPACK,MICROCHIP,-27,0.005798109041638756
SNACKPACK,MICROCHIP,-26,0.013165876677221243
SNACKPACK,MICROCHIP,-25,0.01140747921632093
SNACKPACK,MICROCHIP,-24,-0.008527374642181597
SNACKPACK,MICROCHIP,-23,-0.003616228037051523
SNACKPACK,MICROCHIP,-22,0.01114675534099043
SNACKPACK,MICROCHIP,-21,-0.008110217980667854
SNACKPACK,MICROCHIP,-20,-0.0022080810572475754
SNACKPACK,MICROCHIP,-19,0.007866794125602474
SNACKPACK,MICROCHIP,-18,0.014264250579748028
SNACKPACK,MICROCHIP,-17,-0.01676630561755548
SNACKPACK,MICROCHIP,-16,0.009161910395721812
SNACKPACK,MICROCHIP,-15,-0.0030230409710081444
SNACKPACK,MICROCHIP,-14,0.0007772987627679022
SNACKPACK,MICROCHIP,-13,-0.0035427746904955846
SNACKPACK,MICROCHIP,-12,0.0051006330971002465
SNACKPACK,MICROCHIP,-11,-0.0038125954066077494
SNACKPACK,MICROCHIP,-10,-0.00142375470792591
SNACKPACK,MICROCHIP,-9,-0.004627952640777296
SNACKPACK,MICROCHIP,-8,0.00043870565970836965
SNACKPACK,MICROCHIP,-7,0.0033406016120408584
SNACKPACK,MICROCHIP,-6,-0.0014907727264213636
SNACKPACK,MICROCHIP,-5,0.001334819204616262
SNACKPACK,MICROCHIP,-4,-0.00326027297425381
SNACKPACK,MICROCHIP,-3,-0.0046582786082930774
SNACKPACK,MICROCHIP,-2,-0.008686168219959161
SNACKPACK,MICROCHIP,-1,-0.010905722624498699
SNACKPACK,MICROCHIP,1,0.006119869415266599
SNACKPACK,MICROCHIP,2,-0.01006722530550973
SNACKPACK,MICROCHIP,3,-0.0003635145039749245
SNACKPACK,MICROCHIP,4,0.0022178619722896687
SNACKPACK,MICROCHIP,5,-0.004387187770010506
SNACKPACK,MICROCHIP,6,0.0007622318623375996
SNACKPACK,MICROCHIP,7,0.013108830878353163
SNACKPACK,MICROCHIP,8,-0.011420901856274392
SNACKPACK,MICROCHIP,9,0.0047734513911386256
SNACKPACK,MICROCHIP,10,-0.010218058146923609
SNACKPACK,MICROCHIP,11,0.002231529114042722
SNACKPACK,MICROCHIP,12,-0.008652428324966505
SNACKPACK,MICROCHIP,13,0.004477282157977712
SNACKPACK,MICROCHIP,14,-0.0040185777671074676
SNACKPACK,MICROCHIP,15,0.00362004226224274
SNACKPACK,MICROCHIP,16,-0.0027178853670760937
SNACKPACK,MICROCHIP,17,0.0010332104781519504
SNACKPACK,MICROCHIP,18,-0.007052762798426231
SNACKPACK,MICROCHIP,19,0.012799496230111583
SNACKPACK,MICROCHIP,20,0.0028995720476790157
SNACKPACK,MICROCHIP,21,-0.008670586389755326
SNACKPACK,MICROCHIP,22,0.0005965170055951208
SNACKPACK,MICROCHIP,23,0.002438455106062177
SNACKPACK,MICROCHIP,24,0.000596701975157686
SNACKPACK,MICROCHIP,25,0.0020383219644678095
SNACKPACK,MICROCHIP,26,0.005034151102781669
SNACKPACK,MICROCHIP,27,-0.0003712175705601262
SNACKPACK,MICROCHIP,28,0.009953829089153918
SNACKPACK,MICROCHIP,29,-0.0028623842149565395
SNACKPACK,MICROCHIP,30,0.0012662048538017868
SNACKPACK,OXYGEN_SHAKE,-30,-0.003024150154427506
SNACKPACK,OXYGEN_SHAKE,-29,-0.0024959746322426295
SNACKPACK,OXYGEN_SHAKE,-28,-0.005193758381357443
SNACKPACK,OXYGEN_SHAKE,-27,-0.006994069099159131
SNACKPACK,OXYGEN_SHAKE,-26,0.001464616449486927
SNACKPACK,OXYGEN_SHAKE,-25,-0.008211669853467218
SNACKPACK,OXYGEN_SHAKE,-24,0.002357057436458122
SNACKPACK,OXYGEN_SHAKE,-23,0.005105917858698841
SNACKPACK,OXYGEN_SHAKE,-22,-0.0008773083274610836
SNACKPACK,OXYGEN_SHAKE,-21,0.013427016397449613
SNACKPACK,OXYGEN_SHAKE,-20,0.0010066994430735696
SNACKPACK,OXYGEN_SHAKE,-19,0.0046963304103960855
SNACKPACK,OXYGEN_SHAKE,-18,-0.0013323479585874852
SNACKPACK,OXYGEN_SHAKE,-17,0.0009921989043982407
SNACKPACK,OXYGEN_SHAKE,-16,-0.0007046760481191143
SNACKPACK,OXYGEN_SHAKE,-15,0.008263060785340873
SNACKPACK,OXYGEN_SHAKE,-14,-0.013093031017695102
SNACKPACK,OXYGEN_SHAKE,-13,0.005458378740651597
SNACKPACK,OXYGEN_SHAKE,-12,0.0011655729883583241
SNACKPACK,OXYGEN_SHAKE,-11,0.008751165298602072
SNACKPACK,OXYGEN_SHAKE,-10,-0.0003849774242718075
SNACKPACK,OXYGEN_SHAKE,-9,-0.0015991506970242382
SNACKPACK,OXYGEN_SHAKE,-8,0.003928863793407185
SNACKPACK,OXYGEN_SHAKE,-7,0.0001005027844244913
SNACKPACK,OXYGEN_SHAKE,-6,-0.0028798566975771303
SNACKPACK,OXYGEN_SHAKE,-5,-0.0030869723889730164
SNACKPACK,OXYGEN_SHAKE,-4,-0.0046900201203009155
SNACKPACK,OXYGEN_SHAKE,-3,7.0524932182968135e-06
SNACKPACK,OXYGEN_SHAKE,-2,0.01131666818403488
SNACKPACK,OXYGEN_SHAKE,-1,-0.06916999492282995
SNACKPACK,OXYGEN_SHAKE,1,-0.058534569453494376
SNACKPACK,OXYGEN_SHAKE,2,0.0014771382569061992
SNACKPACK,OXYGEN_SHAKE,3,7.81949847073329e-05
SNACKPACK,OXYGEN_SHAKE,4,-0.007356974768723003
SNACKPACK,OXYGEN_SHAKE,5,-0.003626393221453759
SNACKPACK,OXYGEN_SHAKE,6,0.0051246364648258194
SNACKPACK,OXYGEN_SHAKE,7,0.0030613425087561786
SNACKPACK,OXYGEN_SHAKE,8,0.0010097357594850709
SNACKPACK,OXYGEN_SHAKE,9,-0.0037662721070859544
SNACKPACK,OXYGEN_SHAKE,10,-0.010560131357418994
SNACKPACK,OXYGEN_SHAKE,11,0.004242155292626864
SNACKPACK,OXYGEN_SHAKE,12,0.0012180640049666515
SNACKPACK,OXYGEN_SHAKE,13,0.0004948539664438745
SNACKPACK,OXYGEN_SHAKE,14,0.003051827504696088
SNACKPACK,OXYGEN_SHAKE,15,-0.006780063702176262
SNACKPACK,OXYGEN_SHAKE,16,-0.0013270409090966149
SNACKPACK,OXYGEN_SHAKE,17,-0.00013627292348124487
SNACKPACK,OXYGEN_SHAKE,18,0.010180208059830293
SNACKPACK,OXYGEN_SHAKE,19,-0.004729841162579178
SNACKPACK,OXYGEN_SHAKE,20,0.002198131537412527
SNACKPACK,OXYGEN_SHAKE,21,0.00355714815135047
SNACKPACK,OXYGEN_SHAKE,22,-0.007563749191726495
SNACKPACK,OXYGEN_SHAKE,23,0.0029350518978034953
SNACKPACK,OXYGEN_SHAKE,24,-0.008934949083940037
SNACKPACK,OXYGEN_SHAKE,25,0.0003338403591151279
SNACKPACK,OXYGEN_SHAKE,26,0.001983852095158076
SNACKPACK,OXYGEN_SHAKE,27,0.0012581541576319908
SNACKPACK,OXYGEN_SHAKE,28,0.000401302354805854
SNACKPACK,OXYGEN_SHAKE,29,-0.0027593721071052482
SNACKPACK,OXYGEN_SHAKE,30,0.0015214736842927418
SNACKPACK,PANEL,-30,0.01340125195677195
SNACKPACK,PANEL,-29,-0.004128458604226929
SNACKPACK,PANEL,-28,0.00031108583850980495
SNACKPACK,PANEL,-27,0.00023160526591281658
SNACKPACK,PANEL,-26,0.004430445617229792
SNACKPACK,PANEL,-25,0.010591282429394304
SNACKPACK,PANEL,-24,0.0009400743552431209
SNACKPACK,PANEL,-23,0.005718355634434994
SNACKPACK,PANEL,-22,0.0032999037431382834
SNACKPACK,PANEL,-21,-0.006260363499057202
SNACKPACK,PANEL,-20,0.00389454029527987
SNACKPACK,PANEL,-19,-0.001965148548266039
SNACKPACK,PANEL,-18,-0.006324702508709294
SNACKPACK,PANEL,-17,0.005891537876360999
SNACKPACK,PANEL,-16,0.004223381847698064
SNACKPACK,PANEL,-15,-0.0026774867341509932
SNACKPACK,PANEL,-14,0.0014158191387273014
SNACKPACK,PANEL,-13,-0.004739939620011875
SNACKPACK,PANEL,-12,0.00978478411028175
SNACKPACK,PANEL,-11,-0.008156454521447969
SNACKPACK,PANEL,-10,0.005367370847213135
SNACKPACK,PANEL,-9,0.0019603194257204917
SNACKPACK,PANEL,-8,0.00290040617717459
SNACKPACK,PANEL,-7,0.01261639759076846
SNACKPACK,PANEL,-6,0.002594780000289307
SNACKPACK,PANEL,-5,0.0061772642726593986
SNACKPACK,PANEL,-4,-0.0017657940237563606
SNACKPACK,PANEL,-3,0.0030273207249472667
SNACKPACK,PANEL,-2,-0.0012853773020662167
SNACKPACK,PANEL,-1,-0.050589196910932895
SNACKPACK,PANEL,1,-0.03747650809780518
SNACKPACK,PANEL,2,-0.005681888827545514
SNACKPACK,PANEL,3,0.005177894847458099
SNACKPACK,PANEL,4,-0.011879467115873153
SNACKPACK,PANEL,5,0.005514637527169702
SNACKPACK,PANEL,6,-0.008961567870046684
SNACKPACK,PANEL,7,0.004020613549367187
SNACKPACK,PANEL,8,0.0008809956372794327
SNACKPACK,PANEL,9,-0.001566031480795241
SNACKPACK,PANEL,10,0.012389952745797994
SNACKPACK,PANEL,11,-0.00404655202938844
SNACKPACK,PANEL,12,0.01605546827497172
SNACKPACK,PANEL,13,-0.011829660661333142
SNACKPACK,PANEL,14,-0.0153226361105805
SNACKPACK,PANEL,15,0.0053875013482654645
SNACKPACK,PANEL,16,0.011549733806667786
SNACKPACK,PANEL,17,0.007736362506963783
SNACKPACK,PANEL,18,-0.00485758641744194
SNACKPACK,PANEL,19,-0.00468877900857291
SNACKPACK,PANEL,20,-0.002655987916167862
SNACKPACK,PANEL,21,-0.003220833322850609
SNACKPACK,PANEL,22,0.003455934440599297
SNACKPACK,PANEL,23,-0.005413537754304054
SNACKPACK,PANEL,24,0.0032230726620554595
SNACKPACK,PANEL,25,-0.005522510524384335
SNACKPACK,PANEL,26,-0.0030929549964158003
SNACKPACK,PANEL,27,0.004329644684722259
SNACKPACK,PANEL,28,0.004544977925552172
SNACKPACK,PANEL,29,0.002402216343562608
SNACKPACK,PANEL,30,0.00990582105777691
SNACKPACK,PEBBLES,-30,0.006781944132355184
SNACKPACK,PEBBLES,-29,-0.003215915939913408
SNACKPACK,PEBBLES,-28,-0.0021641499371200788
SNACKPACK,PEBBLES,-27,0.002720763529180012
SNACKPACK,PEBBLES,-26,-0.001195159362543976
SNACKPACK,PEBBLES,-25,-0.0030216477737157947
SNACKPACK,PEBBLES,-24,0.0018608655580844395
SNACKPACK,PEBBLES,-23,0.004675760676419675
SNACKPACK,PEBBLES,-22,0.0026134809069417258
SNACKPACK,PEBBLES,-21,-0.010968356297188219
SNACKPACK,PEBBLES,-20,0.00802829621057637
SNACKPACK,PEBBLES,-19,-0.0026313308847084704
SNACKPACK,PEBBLES,-18,0.0003177370047203561
SNACKPACK,PEBBLES,-17,-0.002058193426347869
SNACKPACK,PEBBLES,-16,0.0046753202940028205
SNACKPACK,PEBBLES,-15,0.0019240807780790258
SNACKPACK,PEBBLES,-14,-0.006087529163742603
SNACKPACK,PEBBLES,-13,0.0019386756603175228
SNACKPACK,PEBBLES,-12,-0.0024528752124770696
SNACKPACK,PEBBLES,-11,0.005179347843518764
SNACKPACK,PEBBLES,-10,-0.004207023019706013
SNACKPACK,PEBBLES,-9,0.0017033806974368678
SNACKPACK,PEBBLES,-8,-0.0058290194154611286
SNACKPACK,PEBBLES,-7,0.009987261278760024
SNACKPACK,PEBBLES,-6,-0.006087119226487973
SNACKPACK,PEBBLES,-5,-0.003037120087117761
SNACKPACK,PEBBLES,-4,0.004653572584421477
SNACKPACK,PEBBLES,-3,-0.004906850628542842
SNACKPACK,PEBBLES,-2,0.010429130243793076
SNACKPACK,PEBBLES,-1,-0.014695780102997625
SNACKPACK,PEBBLES,1,-0.005667828525341333
SNACKPACK,PEBBLES,2,-0.00458842096981127
SNACKPACK,PEBBLES,3,0.001115021608490701
SNACKPACK,PEBBLES,4,0.0057559389682718095
SNACKPACK,PEBBLES,5,-0.002105715118343523
SNACKPACK,PEBBLES,6,0.00018056133605805647
SNACKPACK,PEBBLES,7,-0.005543775842130737
SNACKPACK,PEBBLES,8,0.0060005669658495684
SNACKPACK,PEBBLES,9,-0.0016054563606530542
SNACKPACK,PEBBLES,10,0.004855054477647419
SNACKPACK,PEBBLES,11,0.0006377506332091624
SNACKPACK,PEBBLES,12,-0.005365331574236435
SNACKPACK,PEBBLES,13,-0.002033094949595169
SNACKPACK,PEBBLES,14,0.006488214688474297
SNACKPACK,PEBBLES,15,-0.0036965404751578956
SNACKPACK,PEBBLES,16,-0.003662405070024615
SNACKPACK,PEBBLES,17,-0.0046928507497876375
SNACKPACK,PEBBLES,18,0.0031269378304669415
SNACKPACK,PEBBLES,19,0.00847983139013254
SNACKPACK,PEBBLES,20,-0.0048092314317968584
SNACKPACK,PEBBLES,21,0.005131070841322216
SNACKPACK,PEBBLES,22,-0.0052061428043337615
SNACKPACK,PEBBLES,23,0.0051779181051386965
SNACKPACK,PEBBLES,24,-0.0040369687713701155
SNACKPACK,PEBBLES,25,0.001980814342481691
SNACKPACK,PEBBLES,26,-0.00021480068645973434
SNACKPACK,PEBBLES,27,0.00326216465519196
SNACKPACK,PEBBLES,28,-0.001851232230883594
SNACKPACK,PEBBLES,29,-0.008725288726869403
SNACKPACK,PEBBLES,30,0.011575487074934615
SNACKPACK,ROBOT,-30,-0.0034241670668187637
SNACKPACK,ROBOT,-29,0.013164394761022926
SNACKPACK,ROBOT,-28,-0.011845964947151998
SNACKPACK,ROBOT,-27,0.00727690223482845
SNACKPACK,ROBOT,-26,-0.0071776979549878
SNACKPACK,ROBOT,-25,-0.009812009014776297
SNACKPACK,ROBOT,-24,0.0037606869183408323
SNACKPACK,ROBOT,-23,-0.004237109716466033
SNACKPACK,ROBOT,-22,0.0019685730332420523
SNACKPACK,ROBOT,-21,0.0044383079147585205
SNACKPACK,ROBOT,-20,-0.0007439645404559481
SNACKPACK,ROBOT,-19,-0.002700469723012274
SNACKPACK,ROBOT,-18,0.0023469648519599904
SNACKPACK,ROBOT,-17,0.003234393248950498
SNACKPACK,ROBOT,-16,0.0020404866952856175
SNACKPACK,ROBOT,-15,-0.0074167507511271645
SNACKPACK,ROBOT,-14,0.011271774544975405
SNACKPACK,ROBOT,-13,0.0004943446150888331
SNACKPACK,ROBOT,-12,-0.0012983172486549903
SNACKPACK,ROBOT,-11,-0.004465549954210636
SNACKPACK,ROBOT,-10,-0.008914237193472603
SNACKPACK,ROBOT,-9,0.007588048337645894
SNACKPACK,ROBOT,-8,-0.0013064841825083241
SNACKPACK,ROBOT,-7,-0.001461764207197696
SNACKPACK,ROBOT,-6,0.0019075563760958393
SNACKPACK,ROBOT,-5,-0.007709061129348852
SNACKPACK,ROBOT,-4,-0.0010771184385383078
SNACKPACK,ROBOT,-3,-0.0030579164106804293
SNACKPACK,ROBOT,-2,0.00028176222327664394
SNACKPACK,ROBOT,-1,-0.03376081548105
SNACKPACK,ROBOT,1,-0.013168838672918395
SNACKPACK,ROBOT,2,0.0066451802611633415
SNACKPACK,ROBOT,3,0.005702616297310877
SNACKPACK,ROBOT,4,-0.005946438652926568
SNACKPACK,ROBOT,5,0.0037556596952846477
SNACKPACK,ROBOT,6,-0.0017816771716994482
SNACKPACK,ROBOT,7,0.00038369628176763873
SNACKPACK,ROBOT,8,-0.0025724964321396627
SNACKPACK,ROBOT,9,0.004301059878507661
SNACKPACK,ROBOT,10,-0.00016613093340868255
SNACKPACK,ROBOT,11,-0.0026811750485955218
SNACKPACK,ROBOT,12,-0.0002902286859005699
SNACKPACK,ROBOT,13,0.0022391582372046437
SNACKPACK,ROBOT,14,0.00825467363884927
SNACKPACK,ROBOT,15,0.00880496373401751
SNACKPACK,ROBOT,16,-0.0036876793330324815
SNACKPACK,ROBOT,17,-0.011399385992317553
SNACKPACK,ROBOT,18,0.011888797943474182
SNACKPACK,ROBOT,19,-0.004122279747368312
SNACKPACK,ROBOT,20,0.0019496896411923955
SNACKPACK,ROBOT,21,-0.0008032541415391604
SNACKPACK,ROBOT,22,-0.0023884048350771916
SNACKPACK,ROBOT,23,0.002724530161917169
SNACKPACK,ROBOT,24,-0.006304424143811203
SNACKPACK,ROBOT,25,-0.0044460589940012694
SNACKPACK,ROBOT,26,0.003542222017207955
SNACKPACK,ROBOT,27,0.006420409570048045
SNACKPACK,ROBOT,28,-0.0033129568465718414
SNACKPACK,ROBOT,29,0.004586868330069317
SNACKPACK,ROBOT,30,0.003138260242765296
SNACKPACK,SLEEP_POD,-30,0.004110877553733408
SNACKPACK,SLEEP_POD,-29,-0.004734996159835274
SNACKPACK,SLEEP_POD,-28,0.0033923632388740696
SNACKPACK,SLEEP_POD,-27,-0.010179841476661176
SNACKPACK,SLEEP_POD,-26,-0.0036701920448731253
SNACKPACK,SLEEP_POD,-25,0.002590985978613413
SNACKPACK,SLEEP_POD,-24,-0.0006407245216959589
SNACKPACK,SLEEP_POD,-23,0.0039509017929139235
SNACKPACK,SLEEP_POD,-22,-0.003937706836764904
SNACKPACK,SLEEP_POD,-21,-0.0046937015501324906
SNACKPACK,SLEEP_POD,-20,0.015830633576231875
SNACKPACK,SLEEP_POD,-19,0.00577484178164521
SNACKPACK,SLEEP_POD,-18,0.0029939441829226424
SNACKPACK,SLEEP_POD,-17,-0.010612726164513779
SNACKPACK,SLEEP_POD,-16,0.014388821256812028
SNACKPACK,SLEEP_POD,-15,-0.0029433832205322114
SNACKPACK,SLEEP_POD,-14,-0.0021279898789945675
SNACKPACK,SLEEP_POD,-13,-0.0033581805229336843
SNACKPACK,SLEEP_POD,-12,-0.007688076269396195
SNACKPACK,SLEEP_POD,-11,0.00627695048914884
SNACKPACK,SLEEP_POD,-10,-0.00258018698566014
SNACKPACK,SLEEP_POD,-9,0.0006931638740071225
SNACKPACK,SLEEP_POD,-8,3.0144151164759256e-05
SNACKPACK,SLEEP_POD,-7,-0.006335454276840262
SNACKPACK,SLEEP_POD,-6,0.0010773098628476148
SNACKPACK,SLEEP_POD,-5,-0.0031700512258480036
SNACKPACK,SLEEP_POD,-4,-0.007984977922213225
SNACKPACK,SLEEP_POD,-3,0.004213167351540016
SNACKPACK,SLEEP_POD,-2,0.00030238937436882605
SNACKPACK,SLEEP_POD,-1,-0.04364772338871443
SNACKPACK,SLEEP_POD,1,-0.04720217072800767
SNACKPACK,SLEEP_POD,2,-0.0006296277377206376
SNACKPACK,SLEEP_POD,3,0.0006462623789712911
SNACKPACK,SLEEP_POD,4,-0.00019964167975463514
SNACKPACK,SLEEP_POD,5,-0.004729113800400508
SNACKPACK,SLEEP_POD,6,0.0024799492077333543
SNACKPACK,SLEEP_POD,7,0.006508202504662266
SNACKPACK,SLEEP_POD,8,0.00041613696828686616
SNACKPACK,SLEEP_POD,9,-0.001981846082972263
SNACKPACK,SLEEP_POD,10,-0.0039036027914820704
SNACKPACK,SLEEP_POD,11,0.004002858435471974
SNACKPACK,SLEEP_POD,12,0.002242545909074331
SNACKPACK,SLEEP_POD,13,-0.005803610498540583
SNACKPACK,SLEEP_POD,14,0.002924702329877393
SNACKPACK,SLEEP_POD,15,-0.009575012739906782
SNACKPACK,SLEEP_POD,16,0.022953296156189712
SNACKPACK,SLEEP_POD,17,0.004874913811583484
SNACKPACK,SLEEP_POD,18,0.004617993594304102
SNACKPACK,SLEEP_POD,19,-0.0029158672837838275
SNACKPACK,SLEEP_POD,20,0.015100975736358987
SNACKPACK,SLEEP_POD,21,-0.010581361506249444
SNACKPACK,SLEEP_POD,22,0.0024740756462485166
SNACKPACK,SLEEP_POD,23,-0.001479146721638217
SNACKPACK,SLEEP_POD,24,0.011250063738025803
SNACKPACK,SLEEP_POD,25,0.005136255469076232
SNACKPACK,SLEEP_POD,26,0.004883697654181836
SNACKPACK,SLEEP_POD,27,-0.007682300761493331
SNACKPACK,SLEEP_POD,28,0.0029167659832489137
SNACKPACK,SLEEP_POD,29,-0.007999294013455534
SNACKPACK,SLEEP_POD,30,0.002853453055438099
SNACKPACK,TRANSLATOR,-30,0.007597691962354212
SNACKPACK,TRANSLATOR,-29,-0.006192445093781569
SNACKPACK,TRANSLATOR,-28,0.010161494340050604
SNACKPACK,TRANSLATOR,-27,-0.008047989518404419
SNACKPACK,TRANSLATOR,-26,0.0027729489629423785
SNACKPACK,TRANSLATOR,-25,0.002354141678470779
SNACKPACK,TRANSLATOR,-24,-0.005349618137350613
SNACKPACK,TRANSLATOR,-23,0.005534150643976832
SNACKPACK,TRANSLATOR,-22,-0.001084994000375174
SNACKPACK,TRANSLATOR,-21,0.004535655434714081
SNACKPACK,TRANSLATOR,-20,-0.006685197127742177
SNACKPACK,TRANSLATOR,-19,0.0067981887257157194
SNACKPACK,TRANSLATOR,-18,0.004292357823826082
SNACKPACK,TRANSLATOR,-17,-0.0040724958155938145
SNACKPACK,TRANSLATOR,-16,-0.0038950943873712466
SNACKPACK,TRANSLATOR,-15,-0.0004109152684414034
SNACKPACK,TRANSLATOR,-14,0.00024490078699346594
SNACKPACK,TRANSLATOR,-13,-0.011643201773227361
SNACKPACK,TRANSLATOR,-12,-0.0035484200862122193
SNACKPACK,TRANSLATOR,-11,0.008128093663299413
SNACKPACK,TRANSLATOR,-10,-0.0063335929653996845
SNACKPACK,TRANSLATOR,-9,-0.003286620378607294
SNACKPACK,TRANSLATOR,-8,0.005185309882078275
SNACKPACK,TRANSLATOR,-7,-0.000599255102603011
SNACKPACK,TRANSLATOR,-6,0.005481524043589628
SNACKPACK,TRANSLATOR,-5,0.0011658158057678586
SNACKPACK,TRANSLATOR,-4,0.008005628234081881
SNACKPACK,TRANSLATOR,-3,-0.012914473074635507
SNACKPACK,TRANSLATOR,-2,0.001500191345330396
SNACKPACK,TRANSLATOR,-1,-0.05564223703086828
SNACKPACK,TRANSLATOR,1,-0.04706313752426047
SNACKPACK,TRANSLATOR,2,-0.005806439313834744
SNACKPACK,TRANSLATOR,3,-0.0014736571629198473
SNACKPACK,TRANSLATOR,4,-0.0034516921470472274
SNACKPACK,TRANSLATOR,5,0.0003786184616342864
SNACKPACK,TRANSLATOR,6,0.002453998988575936
SNACKPACK,TRANSLATOR,7,0.0004413546053101602
SNACKPACK,TRANSLATOR,8,-0.0009304195388033116
SNACKPACK,TRANSLATOR,9,0.010808610027226658
SNACKPACK,TRANSLATOR,10,-0.010108428834268598
SNACKPACK,TRANSLATOR,11,0.005618874378607729
SNACKPACK,TRANSLATOR,12,0.00126723303518479
SNACKPACK,TRANSLATOR,13,-0.009740360748805785
SNACKPACK,TRANSLATOR,14,0.002054460197984195
SNACKPACK,TRANSLATOR,15,-0.0013881188088616682
SNACKPACK,TRANSLATOR,16,-0.0001974039395259182
SNACKPACK,TRANSLATOR,17,-0.006489474218268443
SNACKPACK,TRANSLATOR,18,0.003183601603848405
SNACKPACK,TRANSLATOR,19,0.002344395167654844
SNACKPACK,TRANSLATOR,20,-0.007256918680352896
SNACKPACK,TRANSLATOR,21,-0.00010563600664307886
SNACKPACK,TRANSLATOR,22,0.0036590268663159774
SNACKPACK,TRANSLATOR,23,-0.0036529938769073577
SNACKPACK,TRANSLATOR,24,0.003967839000601659
SNACKPACK,TRANSLATOR,25,0.004104944998507266
SNACKPACK,TRANSLATOR,26,0.006230402894004237
SNACKPACK,TRANSLATOR,27,0.0018162703007504528
SNACKPACK,TRANSLATOR,28,-0.001492959706570886
SNACKPACK,TRANSLATOR,29,0.009340787550204213
SNACKPACK,TRANSLATOR,30,0.01478052481685679
SNACKPACK,UV_VISOR,-30,-0.0013533752588590073
SNACKPACK,UV_VISOR,-29,0.007164933745773773
SNACKPACK,UV_VISOR,-28,0.0017278755480178722
SNACKPACK,UV_VISOR,-27,-0.006481113634507631
SNACKPACK,UV_VISOR,-26,-0.0029147739953622387
SNACKPACK,UV_VISOR,-25,-0.0016213511228584025
SNACKPACK,UV_VISOR,-24,0.0006164369185392064
SNACKPACK,UV_VISOR,-23,0.0020223674407049436
SNACKPACK,UV_VISOR,-22,-0.011560606716318476
SNACKPACK,UV_VISOR,-21,-0.0056182203569912145
SNACKPACK,UV_VISOR,-20,-0.004060957525968335
SNACKPACK,UV_VISOR,-19,0.002525970388095312
SNACKPACK,UV_VISOR,-18,0.0017237623163573975
SNACKPACK,UV_VISOR,-17,0.0024255396917025733
SNACKPACK,UV_VISOR,-16,0.009567308118101307
SNACKPACK,UV_VISOR,-15,-0.008797504489656294
SNACKPACK,UV_VISOR,-14,0.001014322860719071
SNACKPACK,UV_VISOR,-13,-0.004951222208065524
SNACKPACK,UV_VISOR,-12,0.009969645785759552
SNACKPACK,UV_VISOR,-11,-0.005132677113347719
SNACKPACK,UV_VISOR,-10,-0.001163356458206919
SNACKPACK,UV_VISOR,-9,-0.00821284944917301
SNACKPACK,UV_VISOR,-8,0.009950595312007546
SNACKPACK,UV_VISOR,-7,0.02184473676849381
SNACKPACK,UV_VISOR,-6,-0.004300534412947855
SNACKPACK,UV_VISOR,-5,-0.005059178369442618
SNACKPACK,UV_VISOR,-4,0.00017950340499034594
SNACKPACK,UV_VISOR,-3,-0.004954788610016786
SNACKPACK,UV_VISOR,-2,-0.0048103686773862215
SNACKPACK,UV_VISOR,-1,-0.05832175276933537
SNACKPACK,UV_VISOR,1,-0.06093807660364736
SNACKPACK,UV_VISOR,2,0.0028479843078684747
SNACKPACK,UV_VISOR,3,0.0015727521823572144
SNACKPACK,UV_VISOR,4,0.00929259418885615
SNACKPACK,UV_VISOR,5,-0.009598509353252955
SNACKPACK,UV_VISOR,6,-0.003921131619662791
SNACKPACK,UV_VISOR,7,0.003904567007110286
SNACKPACK,UV_VISOR,8,-0.002812303768683864
SNACKPACK,UV_VISOR,9,0.006228937902260084
SNACKPACK,UV_VISOR,10,-0.003246692530482786
SNACKPACK,UV_VISOR,11,0.005382120343290636
SNACKPACK,UV_VISOR,12,0.004784305771786093
SNACKPACK,UV_VISOR,13,-0.0008391010569823855
SNACKPACK,UV_VISOR,14,-0.001359770548300175
SNACKPACK,UV_VISOR,15,0.007915303097554364
SNACKPACK,UV_VISOR,16,0.0031380828474128074
SNACKPACK,UV_VISOR,17,-0.004167317864385259
SNACKPACK,UV_VISOR,18,0.004226081843070879
SNACKPACK,UV_VISOR,19,0.002137449252197753
SNACKPACK,UV_VISOR,20,-0.00665013315009796
SNACKPACK,UV_VISOR,21,-0.004274592295015761
SNACKPACK,UV_VISOR,22,-0.002333905452822852
SNACKPACK,UV_VISOR,23,-9.66502786893121e-05
SNACKPACK,UV_VISOR,24,0.004574534019370708
SNACKPACK,UV_VISOR,25,-0.010312944442729715
SNACKPACK,UV_VISOR,26,0.00919708431650449
SNACKPACK,UV_VISOR,27,-0.006724034240606488
SNACKPACK,UV_VISOR,28,0.004063829421744291
SNACKPACK,UV_VISOR,29,0.0005386771974269739
SNACKPACK,UV_VISOR,30,0.000746068253668442
TRANSLATOR,GALAXY_SOUNDS,-30,-0.0053706266975864815
TRANSLATOR,GALAXY_SOUNDS,-29,0.0030206120524638893
TRANSLATOR,GALAXY_SOUNDS,-28,-0.0015123766068589452
TRANSLATOR,GALAXY_SOUNDS,-27,-0.004059615414804234
TRANSLATOR,GALAXY_SOUNDS,-26,-0.0038162211696979526
TRANSLATOR,GALAXY_SOUNDS,-25,-0.005316814476159782
TRANSLATOR,GALAXY_SOUNDS,-24,0.013541940897628158
TRANSLATOR,GALAXY_SOUNDS,-23,-0.00245935136107627
TRANSLATOR,GALAXY_SOUNDS,-22,-0.002085911841646261
TRANSLATOR,GALAXY_SOUNDS,-21,-0.006591471911524835
TRANSLATOR,GALAXY_SOUNDS,-20,-0.003299577942485393
TRANSLATOR,GALAXY_SOUNDS,-19,0.0015626566276107645
TRANSLATOR,GALAXY_SOUNDS,-18,-0.004307572049733956
TRANSLATOR,GALAXY_SOUNDS,-17,0.008645797745800033
TRANSLATOR,GALAXY_SOUNDS,-16,0.0025875564740321213
TRANSLATOR,GALAXY_SOUNDS,-15,-0.008679559537528083
TRANSLATOR,GALAXY_SOUNDS,-14,-0.0005599719913894528
TRANSLATOR,GALAXY_SOUNDS,-13,0.0032461687862336973
TRANSLATOR,GALAXY_SOUNDS,-12,-0.013812293476935526
TRANSLATOR,GALAXY_SOUNDS,-11,0.008819997398922783
TRANSLATOR,GALAXY_SOUNDS,-10,-0.004530924206305094
TRANSLATOR,GALAXY_SOUNDS,-9,0.005153835449654865
TRANSLATOR,GALAXY_SOUNDS,-8,0.0036979937882265475
TRANSLATOR,GALAXY_SOUNDS,-7,-0.005807645394900806
TRANSLATOR,GALAXY_SOUNDS,-6,-0.012861930467546896
TRANSLATOR,GALAXY_SOUNDS,-5,0.006184572374743621
TRANSLATOR,GALAXY_SOUNDS,-4,0.0019194488564901711
TRANSLATOR,GALAXY_SOUNDS,-3,-0.0016823766972126186
TRANSLATOR,GALAXY_SOUNDS,-2,-0.0033637616931233303
TRANSLATOR,GALAXY_SOUNDS,-1,-0.008432199920590957
TRANSLATOR,GALAXY_SOUNDS,1,-0.025421814969504034
TRANSLATOR,GALAXY_SOUNDS,2,0.0030837606724577775
TRANSLATOR,GALAXY_SOUNDS,3,-0.01133694527077613
TRANSLATOR,GALAXY_SOUNDS,4,0.0003626255014022423
TRANSLATOR,GALAXY_SOUNDS,5,0.0008804113475410779
TRANSLATOR,GALAXY_SOUNDS,6,-0.0013179420361982958
TRANSLATOR,GALAXY_SOUNDS,7,-0.0049020465044851075
TRANSLATOR,GALAXY_SOUNDS,8,0.004606516797747344
TRANSLATOR,GALAXY_SOUNDS,9,0.0006066942446264509
TRANSLATOR,GALAXY_SOUNDS,10,0.006324283344602958
TRANSLATOR,GALAXY_SOUNDS,11,0.0041333089670999735
TRANSLATOR,GALAXY_SOUNDS,12,-0.0035287708430589808
TRANSLATOR,GALAXY_SOUNDS,13,0.009836741173614065
TRANSLATOR,GALAXY_SOUNDS,14,0.0023899418275422726
TRANSLATOR,GALAXY_SOUNDS,15,-0.004229486641282232
TRANSLATOR,GALAXY_SOUNDS,16,-0.014737291619209085
TRANSLATOR,GALAXY_SOUNDS,17,0.004540335921758178
TRANSLATOR,GALAXY_SOUNDS,18,0.002942184360426521
TRANSLATOR,GALAXY_SOUNDS,19,0.00645116357917056
TRANSLATOR,GALAXY_SOUNDS,20,0.0024341471551153687
TRANSLATOR,GALAXY_SOUNDS,21,-0.003891101830732004
TRANSLATOR,GALAXY_SOUNDS,22,-0.0026058653299473222
TRANSLATOR,GALAXY_SOUNDS,23,-0.006056372530843851
TRANSLATOR,GALAXY_SOUNDS,24,-0.00689144496432302
TRANSLATOR,GALAXY_SOUNDS,25,-0.004584402210758047
TRANSLATOR,GALAXY_SOUNDS,26,0.006814004111348349
TRANSLATOR,GALAXY_SOUNDS,27,-0.005546485509155223
TRANSLATOR,GALAXY_SOUNDS,28,0.00472669840590696
TRANSLATOR,GALAXY_SOUNDS,29,-0.007706774083787008
TRANSLATOR,GALAXY_SOUNDS,30,0.004591648185442957
TRANSLATOR,MICROCHIP,-30,-0.00443031735841744
TRANSLATOR,MICROCHIP,-29,0.005796535038476533
TRANSLATOR,MICROCHIP,-28,0.0023408959376856474
TRANSLATOR,MICROCHIP,-27,0.004985541439471399
TRANSLATOR,MICROCHIP,-26,-0.007027798792033755
TRANSLATOR,MICROCHIP,-25,-0.006297444494864156
TRANSLATOR,MICROCHIP,-24,0.0052040392937225885
TRANSLATOR,MICROCHIP,-23,0.0005807746471757957
TRANSLATOR,MICROCHIP,-22,-0.007073894383720859
TRANSLATOR,MICROCHIP,-21,-0.005353933839479159
TRANSLATOR,MICROCHIP,-20,-0.0019496910948886633
TRANSLATOR,MICROCHIP,-19,0.006654664187646339
TRANSLATOR,MICROCHIP,-18,0.014124588581810515
TRANSLATOR,MICROCHIP,-17,-0.004448046739093636
TRANSLATOR,MICROCHIP,-16,-0.0023597375421352904
TRANSLATOR,MICROCHIP,-15,-0.005559784763410413
TRANSLATOR,MICROCHIP,-14,-0.0012769698316835451
TRANSLATOR,MICROCHIP,-13,0.001039034788706182
TRANSLATOR,MICROCHIP,-12,0.0008551644743870906
TRANSLATOR,MICROCHIP,-11,0.0044927188899939905
TRANSLATOR,MICROCHIP,-10,0.005768606642991637
TRANSLATOR,MICROCHIP,-9,-0.003009899905580181
TRANSLATOR,MICROCHIP,-8,0.0054434517383583495
TRANSLATOR,MICROCHIP,-7,0.002910500196399134
TRANSLATOR,MICROCHIP,-6,0.002053271329833677
TRANSLATOR,MICROCHIP,-5,-0.0019163737604743964
TRANSLATOR,MICROCHIP,-4,0.006731186656620937
TRANSLATOR,MICROCHIP,-3,-6.946053956412945e-05
TRANSLATOR,MICROCHIP,-2,0.006339872104779058
TRANSLATOR,MICROCHIP,-1,0.018002900882717915
TRANSLATOR,MICROCHIP,1,-0.007551165223168574
TRANSLATOR,MICROCHIP,2,0.0034951064110206307
TRANSLATOR,MICROCHIP,3,-0.003604590043400328
TRANSLATOR,MICROCHIP,4,-0.00736120507201193
TRANSLATOR,MICROCHIP,5,-0.006401182291440236
TRANSLATOR,MICROCHIP,6,-0.006793318223291905
TRANSLATOR,MICROCHIP,7,0.0035235225372772156
TRANSLATOR,MICROCHIP,8,-0.0036547245742247028
TRANSLATOR,MICROCHIP,9,0.009441690225664061
TRANSLATOR,MICROCHIP,10,0.0010418315437491393
TRANSLATOR,MICROCHIP,11,-0.008608597961038448
TRANSLATOR,MICROCHIP,12,-0.0011557982970947355
TRANSLATOR,MICROCHIP,13,0.00959617967155666
TRANSLATOR,MICROCHIP,14,-0.0017846378153758302
TRANSLATOR,MICROCHIP,15,0.0028309275162892384
TRANSLATOR,MICROCHIP,16,-0.006295025236798136
TRANSLATOR,MICROCHIP,17,0.00550453653623181
TRANSLATOR,MICROCHIP,18,-0.0022621578432088963
TRANSLATOR,MICROCHIP,19,-0.004626505525377154
TRANSLATOR,MICROCHIP,20,-0.009692202974257524
TRANSLATOR,MICROCHIP,21,-0.003616279851862616
TRANSLATOR,MICROCHIP,22,0.0014115759654029008
TRANSLATOR,MICROCHIP,23,0.002773250177734771
TRANSLATOR,MICROCHIP,24,0.0024287896966640847
TRANSLATOR,MICROCHIP,25,0.008695787950847146
TRANSLATOR,MICROCHIP,26,0.002850253981047929
TRANSLATOR,MICROCHIP,27,-0.01274829363720756
TRANSLATOR,MICROCHIP,28,-0.009516187056372392
TRANSLATOR,MICROCHIP,29,-0.007162648088842133
TRANSLATOR,MICROCHIP,30,0.003584435322404585
TRANSLATOR,OXYGEN_SHAKE,-30,0.004513929231327527
TRANSLATOR,OXYGEN_SHAKE,-29,0.0032773541527351914
TRANSLATOR,OXYGEN_SHAKE,-28,0.003278268882091601
TRANSLATOR,OXYGEN_SHAKE,-27,-0.004079146268127079
TRANSLATOR,OXYGEN_SHAKE,-26,0.011704208154356768
TRANSLATOR,OXYGEN_SHAKE,-25,0.0013261647242014045
TRANSLATOR,OXYGEN_SHAKE,-24,-0.002834222856173368
TRANSLATOR,OXYGEN_SHAKE,-23,0.010126510748895921
TRANSLATOR,OXYGEN_SHAKE,-22,0.0014916491139323532
TRANSLATOR,OXYGEN_SHAKE,-21,0.0023470537760142953
TRANSLATOR,OXYGEN_SHAKE,-20,0.01119061463832956
TRANSLATOR,OXYGEN_SHAKE,-19,0.0001207789506671344
TRANSLATOR,OXYGEN_SHAKE,-18,0.00991837386293064
TRANSLATOR,OXYGEN_SHAKE,-17,0.0012272029128236508
TRANSLATOR,OXYGEN_SHAKE,-16,-0.0035881257930052684
TRANSLATOR,OXYGEN_SHAKE,-15,0.00018178309889301723
TRANSLATOR,OXYGEN_SHAKE,-14,0.0030897864998015046
TRANSLATOR,OXYGEN_SHAKE,-13,0.015041894251280469
TRANSLATOR,OXYGEN_SHAKE,-12,0.00010537704066857421
TRANSLATOR,OXYGEN_SHAKE,-11,-0.0021857154547658855
TRANSLATOR,OXYGEN_SHAKE,-10,-0.0025228864497127
TRANSLATOR,OXYGEN_SHAKE,-9,-0.0012441904082423545
TRANSLATOR,OXYGEN_SHAKE,-8,-0.006981609622758014
TRANSLATOR,OXYGEN_SHAKE,-7,-0.0027012703419838253
TRANSLATOR,OXYGEN_SHAKE,-6,0.002257197419579332
TRANSLATOR,OXYGEN_SHAKE,-5,0.004874053732583397
TRANSLATOR,OXYGEN_SHAKE,-4,-0.011695869353615732
TRANSLATOR,OXYGEN_SHAKE,-3,-0.003385427917677422
TRANSLATOR,OXYGEN_SHAKE,-2,0.0034527529133113813
TRANSLATOR,OXYGEN_SHAKE,-1,-0.00615589652281493
TRANSLATOR,OXYGEN_SHAKE,1,0.0016564645210773619
TRANSLATOR,OXYGEN_SHAKE,2,0.007638142850645583
TRANSLATOR,OXYGEN_SHAKE,3,0.010441655761109897
TRANSLATOR,OXYGEN_SHAKE,4,-0.0075246982145758
TRANSLATOR,OXYGEN_SHAKE,5,-0.0016797440479046318
TRANSLATOR,OXYGEN_SHAKE,6,0.0031122521073302695
TRANSLATOR,OXYGEN_SHAKE,7,-0.0011800250397358588
TRANSLATOR,OXYGEN_SHAKE,8,0.0056506293210507345
TRANSLATOR,OXYGEN_SHAKE,9,-0.0015615024074828324
TRANSLATOR,OXYGEN_SHAKE,10,-0.0012757070479660142
TRANSLATOR,OXYGEN_SHAKE,11,0.008106899429890381
TRANSLATOR,OXYGEN_SHAKE,12,1.5026935925794917e-05
TRANSLATOR,OXYGEN_SHAKE,13,-0.0015226690941493215
TRANSLATOR,OXYGEN_SHAKE,14,0.001326217279225569
TRANSLATOR,OXYGEN_SHAKE,15,-0.003609225433520888
TRANSLATOR,OXYGEN_SHAKE,16,0.00043938958243954114
TRANSLATOR,OXYGEN_SHAKE,17,0.004706231369864413
TRANSLATOR,OXYGEN_SHAKE,18,-0.009040819870372757
TRANSLATOR,OXYGEN_SHAKE,19,-0.00021598462026095342
TRANSLATOR,OXYGEN_SHAKE,20,0.003066759496892861
TRANSLATOR,OXYGEN_SHAKE,21,0.003038723840661669
TRANSLATOR,OXYGEN_SHAKE,22,-0.0003684434533617737
TRANSLATOR,OXYGEN_SHAKE,23,-0.0007053489385076608
TRANSLATOR,OXYGEN_SHAKE,24,-0.002668069948259488
TRANSLATOR,OXYGEN_SHAKE,25,0.00934744173074804
TRANSLATOR,OXYGEN_SHAKE,26,-0.01171477796037242
TRANSLATOR,OXYGEN_SHAKE,27,-0.0011399645902189122
TRANSLATOR,OXYGEN_SHAKE,28,0.006349998346666368
TRANSLATOR,OXYGEN_SHAKE,29,-0.00399906889755436
TRANSLATOR,OXYGEN_SHAKE,30,0.002546457796383147
TRANSLATOR,PANEL,-30,0.013766294002258454
TRANSLATOR,PANEL,-29,-0.0036466276982459723
TRANSLATOR,PANEL,-28,0.0076773122882916114
TRANSLATOR,PANEL,-27,0.0011333777422549342
TRANSLATOR,PANEL,-26,-9.732844491299104e-05
TRANSLATOR,PANEL,-25,0.005053496312775426
TRANSLATOR,PANEL,-24,0.0076305806379020685
TRANSLATOR,PANEL,-23,-0.005895955520461789
TRANSLATOR,PANEL,-22,0.005790639777962272
TRANSLATOR,PANEL,-21,-0.005430132445782193
TRANSLATOR,PANEL,-20,-0.007517663944727609
TRANSLATOR,PANEL,-19,0.004362931273391461
TRANSLATOR,PANEL,-18,-0.004826551408472717
TRANSLATOR,PANEL,-17,-0.0022332853537826397
TRANSLATOR,PANEL,-16,-0.004379310770615825
TRANSLATOR,PANEL,-15,-0.00994028590961245
TRANSLATOR,PANEL,-14,-0.006584300825330274
TRANSLATOR,PANEL,-13,-0.008546759210992249
TRANSLATOR,PANEL,-12,0.005831256967161311
TRANSLATOR,PANEL,-11,0.006621612975413035
TRANSLATOR,PANEL,-10,0.0015065665919041615
TRANSLATOR,PANEL,-9,0.0036276630299543365
TRANSLATOR,PANEL,-8,-0.002969521563157039
TRANSLATOR,PANEL,-7,-0.0017475317134645375
TRANSLATOR,PANEL,-6,0.0007043033053178948
TRANSLATOR,PANEL,-5,0.0002803120455463168
TRANSLATOR,PANEL,-4,-0.008493907602861693
TRANSLATOR,PANEL,-3,-0.0001300953562445489
TRANSLATOR,PANEL,-2,0.003369584631228706
TRANSLATOR,PANEL,-1,-0.009509633148896246
TRANSLATOR,PANEL,1,-0.012000985841334966
TRANSLATOR,PANEL,2,-0.004930506013790014
TRANSLATOR,PANEL,3,-0.004071671931233553
TRANSLATOR,PANEL,4,0.0008928120070331399
TRANSLATOR,PANEL,5,0.00785999644010238
TRANSLATOR,PANEL,6,-0.013527501643517903
TRANSLATOR,PANEL,7,-0.0006881010937488195
TRANSLATOR,PANEL,8,-0.003335537055707115
TRANSLATOR,PANEL,9,-0.006947814831496953
TRANSLATOR,PANEL,10,-0.006031065789974002
TRANSLATOR,PANEL,11,0.0015335997116904447
TRANSLATOR,PANEL,12,-0.004446924363523742
TRANSLATOR,PANEL,13,-0.0042474657977166754
TRANSLATOR,PANEL,14,0.00271605357281708
TRANSLATOR,PANEL,15,0.008958560582193163
TRANSLATOR,PANEL,16,-0.007792860803211155
TRANSLATOR,PANEL,17,-0.0012196559051788707
TRANSLATOR,PANEL,18,-0.005593602051634629
TRANSLATOR,PANEL,19,-0.006767413849382849
TRANSLATOR,PANEL,20,0.002953284390527392
TRANSLATOR,PANEL,21,-0.00016842040463779077
TRANSLATOR,PANEL,22,-0.006557885881559069
TRANSLATOR,PANEL,23,-0.005191365511914971
TRANSLATOR,PANEL,24,0.0006926591679869398
TRANSLATOR,PANEL,25,-0.0009906107887123318
TRANSLATOR,PANEL,26,-0.0060882219278309575
TRANSLATOR,PANEL,27,0.005512625205798424
TRANSLATOR,PANEL,28,0.0027548697256558714
TRANSLATOR,PANEL,29,0.008811116135492299
TRANSLATOR,PANEL,30,-0.003859492530678942
TRANSLATOR,PEBBLES,-30,-0.0015562599112827606
TRANSLATOR,PEBBLES,-29,0.004450587734803779
TRANSLATOR,PEBBLES,-28,-0.001296048877499378
TRANSLATOR,PEBBLES,-27,-0.0028781466033672826
TRANSLATOR,PEBBLES,-26,-0.000863107140971645
TRANSLATOR,PEBBLES,-25,0.0037209019226955237
TRANSLATOR,PEBBLES,-24,-0.0018827064320923272
TRANSLATOR,PEBBLES,-23,-0.0018952203473365055
TRANSLATOR,PEBBLES,-22,0.0048200555950966
TRANSLATOR,PEBBLES,-21,-0.007831436765015415
TRANSLATOR,PEBBLES,-20,0.003074152581189704
TRANSLATOR,PEBBLES,-19,-0.004420742268134983
TRANSLATOR,PEBBLES,-18,0.009594775989553567
TRANSLATOR,PEBBLES,-17,0.00033817659705263735
TRANSLATOR,PEBBLES,-16,7.362381042218244e-05
TRANSLATOR,PEBBLES,-15,0.00034420951843102825
TRANSLATOR,PEBBLES,-14,-0.0049682400557682195
TRANSLATOR,PEBBLES,-13,0.006814535719554877
TRANSLATOR,PEBBLES,-12,-0.007546783552677551
TRANSLATOR,PEBBLES,-11,0.00241959383169941
TRANSLATOR,PEBBLES,-10,0.0038145989819330607
TRANSLATOR,PEBBLES,-9,-0.006882441125154919
TRANSLATOR,PEBBLES,-8,0.006348742741712916
TRANSLATOR,PEBBLES,-7,0.0016048942737303415
TRANSLATOR,PEBBLES,-6,-0.006455035470942588
TRANSLATOR,PEBBLES,-5,-0.003949846155818481
TRANSLATOR,PEBBLES,-4,0.0014141881941250752
TRANSLATOR,PEBBLES,-3,0.008418950916832063
TRANSLATOR,PEBBLES,-2,-0.008142418437255636
TRANSLATOR,PEBBLES,-1,0.0016239723669407569
TRANSLATOR,PEBBLES,1,-0.000216381562447409
TRANSLATOR,PEBBLES,2,0.0019617334223860673
TRANSLATOR,PEBBLES,3,-0.0031776399342306454
TRANSLATOR,PEBBLES,4,0.005385475840381264
TRANSLATOR,PEBBLES,5,-0.005286638245336006
TRANSLATOR,PEBBLES,6,-9.016519821687145e-05
TRANSLATOR,PEBBLES,7,-0.0012730376536704208
TRANSLATOR,PEBBLES,8,0.0036358983662002397
TRANSLATOR,PEBBLES,9,0.001295115680992803
TRANSLATOR,PEBBLES,10,0.0012266077912227431
TRANSLATOR,PEBBLES,11,0.0023638573227143206
TRANSLATOR,PEBBLES,12,-0.008261193189496646
TRANSLATOR,PEBBLES,13,-0.0007137702483400827
TRANSLATOR,PEBBLES,14,0.0035585774088149223
TRANSLATOR,PEBBLES,15,-0.006778442415250511
TRANSLATOR,PEBBLES,16,0.007208701224929937
TRANSLATOR,PEBBLES,17,-0.002402339375649434
TRANSLATOR,PEBBLES,18,0.006222875222144268
TRANSLATOR,PEBBLES,19,-0.003940125765185132
TRANSLATOR,PEBBLES,20,-0.00021293478538305456
TRANSLATOR,PEBBLES,21,0.0014232772735168614
TRANSLATOR,PEBBLES,22,-0.0005524144718563472
TRANSLATOR,PEBBLES,23,-0.0006073160938403256
TRANSLATOR,PEBBLES,24,0.00029298359271424354
TRANSLATOR,PEBBLES,25,0.0015541448630603633
TRANSLATOR,PEBBLES,26,-0.008658060285234689
TRANSLATOR,PEBBLES,27,0.010881629353915748
TRANSLATOR,PEBBLES,28,-0.005485061828663565
TRANSLATOR,PEBBLES,29,-0.001649975290790669
TRANSLATOR,PEBBLES,30,0.0015071199947186698
TRANSLATOR,ROBOT,-30,0.0018915833543780005
TRANSLATOR,ROBOT,-29,0.009030927190775102
TRANSLATOR,ROBOT,-28,-0.005357288686862929
TRANSLATOR,ROBOT,-27,0.0014299183991290584
TRANSLATOR,ROBOT,-26,0.004234675798976607
TRANSLATOR,ROBOT,-25,-0.004509796842958177
TRANSLATOR,ROBOT,-24,-6.818738626706003e-05
TRANSLATOR,ROBOT,-23,-0.003284204799779474
TRANSLATOR,ROBOT,-22,-0.002837642924244389
TRANSLATOR,ROBOT,-21,0.00921126149011584
TRANSLATOR,ROBOT,-20,0.002325958306087701
TRANSLATOR,ROBOT,-19,0.004611908512718995
TRANSLATOR,ROBOT,-18,-0.013232496834876525
TRANSLATOR,ROBOT,-17,0.005316302414731461
TRANSLATOR,ROBOT,-16,0.0002219834624571841
TRANSLATOR,ROBOT,-15,-0.003339308414685475
TRANSLATOR,ROBOT,-14,-0.0037975501458679386
TRANSLATOR,ROBOT,-13,-0.0015474643637040694
TRANSLATOR,ROBOT,-12,0.009297495365493146
TRANSLATOR,ROBOT,-11,-0.002442765953854113
TRANSLATOR,ROBOT,-10,-0.00826001831974712
TRANSLATOR,ROBOT,-9,-0.0006034861286876235
TRANSLATOR,ROBOT,-8,0.0006302177856419628
TRANSLATOR,ROBOT,-7,-0.0003612806860945387
TRANSLATOR,ROBOT,-6,-0.002686054917411599
TRANSLATOR,ROBOT,-5,-0.005135408502274335
TRANSLATOR,ROBOT,-4,0.003913236104171705
TRANSLATOR,ROBOT,-3,-0.004396827093295487
TRANSLATOR,ROBOT,-2,-0.0056966499318768255
TRANSLATOR,ROBOT,-1,-0.0023454646367206283
TRANSLATOR,ROBOT,1,-0.007050825054077792
TRANSLATOR,ROBOT,2,-0.004096745547824346
TRANSLATOR,ROBOT,3,0.003393700838725706
TRANSLATOR,ROBOT,4,6.640513181892035e-05
TRANSLATOR,ROBOT,5,0.001860424855460376
TRANSLATOR,ROBOT,6,-0.010682010743615505
TRANSLATOR,ROBOT,7,0.005470273288040251
TRANSLATOR,ROBOT,8,-0.007839490099299828
TRANSLATOR,ROBOT,9,-0.006684897607506765
TRANSLATOR,ROBOT,10,-0.002191278128061769
TRANSLATOR,ROBOT,11,0.004713457697379603
TRANSLATOR,ROBOT,12,0.007772437456377621
TRANSLATOR,ROBOT,13,-0.00012798791302451513
TRANSLATOR,ROBOT,14,-0.0016279021135879972
TRANSLATOR,ROBOT,15,-0.00371163918446029
TRANSLATOR,ROBOT,16,0.006675507590074141
TRANSLATOR,ROBOT,17,0.007680275817522847
TRANSLATOR,ROBOT,18,0.002321601245246947
TRANSLATOR,ROBOT,19,-0.009575984478173682
TRANSLATOR,ROBOT,20,-0.011367614216036536
TRANSLATOR,ROBOT,21,0.006480423287847603
TRANSLATOR,ROBOT,22,-0.005421111219314569
TRANSLATOR,ROBOT,23,0.004831384434887933
TRANSLATOR,ROBOT,24,-0.009311555494039251
TRANSLATOR,ROBOT,25,0.003026588274750588
TRANSLATOR,ROBOT,26,0.007067553013508312
TRANSLATOR,ROBOT,27,0.001119026575161678
TRANSLATOR,ROBOT,28,-0.0009479582036068759
TRANSLATOR,ROBOT,29,-0.003425189529733749
TRANSLATOR,ROBOT,30,0.002992092423378673
TRANSLATOR,SLEEP_POD,-30,0.00629185911126728
TRANSLATOR,SLEEP_POD,-29,-0.001877535412824096
TRANSLATOR,SLEEP_POD,-28,0.004288308888304405
TRANSLATOR,SLEEP_POD,-27,0.006736101902141961
TRANSLATOR,SLEEP_POD,-26,-0.00018321024688335602
TRANSLATOR,SLEEP_POD,-25,-0.001120102094464946
TRANSLATOR,SLEEP_POD,-24,-0.00453573367957218
TRANSLATOR,SLEEP_POD,-23,-7.384599345219114e-05
TRANSLATOR,SLEEP_POD,-22,0.003491431165838694
TRANSLATOR,SLEEP_POD,-21,0.0016133844712309994
TRANSLATOR,SLEEP_POD,-20,0.011487470014508984
TRANSLATOR,SLEEP_POD,-19,0.006816300268102892
TRANSLATOR,SLEEP_POD,-18,-0.011874578836579748
TRANSLATOR,SLEEP_POD,-17,-0.0027409165874574875
TRANSLATOR,SLEEP_POD,-16,0.008334515897215157
TRANSLATOR,SLEEP_POD,-15,0.005618423685263355
TRANSLATOR,SLEEP_POD,-14,-0.003190739875878181
TRANSLATOR,SLEEP_POD,-13,-0.015305421031972062
TRANSLATOR,SLEEP_POD,-12,-0.0024239232278716063
TRANSLATOR,SLEEP_POD,-11,0.0028621608898149174
TRANSLATOR,SLEEP_POD,-10,-0.005040646188507498
TRANSLATOR,SLEEP_POD,-9,0.0019460185663251377
TRANSLATOR,SLEEP_POD,-8,-0.0016392896161003963
TRANSLATOR,SLEEP_POD,-7,0.0066050934244010606
TRANSLATOR,SLEEP_POD,-6,0.008906364056073902
TRANSLATOR,SLEEP_POD,-5,0.013528715052062032
TRANSLATOR,SLEEP_POD,-4,-0.004182939238364628
TRANSLATOR,SLEEP_POD,-3,-0.006465586198229987
TRANSLATOR,SLEEP_POD,-2,0.010549392448092262
TRANSLATOR,SLEEP_POD,-1,0.005610885035950829
TRANSLATOR,SLEEP_POD,1,-0.010410535695649904
TRANSLATOR,SLEEP_POD,2,-0.0027594543455701456
TRANSLATOR,SLEEP_POD,3,-0.006090732789345253
TRANSLATOR,SLEEP_POD,4,-0.002329743758065542
TRANSLATOR,SLEEP_POD,5,-0.011817045235048021
TRANSLATOR,SLEEP_POD,6,0.004595120704154985
TRANSLATOR,SLEEP_POD,7,-0.0019477040994081928
TRANSLATOR,SLEEP_POD,8,0.0005384806116254401
TRANSLATOR,SLEEP_POD,9,0.008176955453451446
TRANSLATOR,SLEEP_POD,10,0.0006197116996395243
TRANSLATOR,SLEEP_POD,11,0.009397762033967626
TRANSLATOR,SLEEP_POD,12,0.002378106515717568
TRANSLATOR,SLEEP_POD,13,-0.009728016117480918
TRANSLATOR,SLEEP_POD,14,-0.00645549149202748
TRANSLATOR,SLEEP_POD,15,-0.008696701039238992
TRANSLATOR,SLEEP_POD,16,0.0005321657434483102
TRANSLATOR,SLEEP_POD,17,0.008044847348427722
TRANSLATOR,SLEEP_POD,18,0.0017912692606156242
TRANSLATOR,SLEEP_POD,19,-0.005206136787066686
TRANSLATOR,SLEEP_POD,20,0.004347163112793037
TRANSLATOR,SLEEP_POD,21,0.006911191621904322
TRANSLATOR,SLEEP_POD,22,0.004673800531476532
TRANSLATOR,SLEEP_POD,23,0.009643766692742011
TRANSLATOR,SLEEP_POD,24,-0.002935465648387769
TRANSLATOR,SLEEP_POD,25,0.0045705339288458205
TRANSLATOR,SLEEP_POD,26,0.0017299586749992524
TRANSLATOR,SLEEP_POD,27,-0.007361499966035936
TRANSLATOR,SLEEP_POD,28,0.005057003250526552
TRANSLATOR,SLEEP_POD,29,-0.012054378564426763
TRANSLATOR,SLEEP_POD,30,0.012070617394924913
TRANSLATOR,SNACKPACK,-30,0.01478052481685679
TRANSLATOR,SNACKPACK,-29,0.009340787550204213
TRANSLATOR,SNACKPACK,-28,-0.0014929597065708863
TRANSLATOR,SNACKPACK,-27,0.0018162703007504526
TRANSLATOR,SNACKPACK,-26,0.006230402894004237
TRANSLATOR,SNACKPACK,-25,0.004104944998507266
TRANSLATOR,SNACKPACK,-24,0.00396783900060166
TRANSLATOR,SNACKPACK,-23,-0.0036529938769073573
TRANSLATOR,SNACKPACK,-22,0.0036590268663159774
TRANSLATOR,SNACKPACK,-21,-0.00010563600664307886
TRANSLATOR,SNACKPACK,-20,-0.007256918680352896
TRANSLATOR,SNACKPACK,-19,0.002344395167654844
TRANSLATOR,SNACKPACK,-18,0.003183601603848405
TRANSLATOR,SNACKPACK,-17,-0.0064894742182684435
TRANSLATOR,SNACKPACK,-16,-0.0001974039395259182
TRANSLATOR,SNACKPACK,-15,-0.0013881188088616682
TRANSLATOR,SNACKPACK,-14,0.002054460197984195
TRANSLATOR,SNACKPACK,-13,-0.009740360748805783
TRANSLATOR,SNACKPACK,-12,0.00126723303518479
TRANSLATOR,SNACKPACK,-11,0.005618874378607728
TRANSLATOR,SNACKPACK,-10,-0.010108428834268596
TRANSLATOR,SNACKPACK,-9,0.010808610027226658
TRANSLATOR,SNACKPACK,-8,-0.0009304195388033116
TRANSLATOR,SNACKPACK,-7,0.00044135460531016026
TRANSLATOR,SNACKPACK,-6,0.0024539989885759366
TRANSLATOR,SNACKPACK,-5,0.0003786184616342864
TRANSLATOR,SNACKPACK,-4,-0.0034516921470472274
TRANSLATOR,SNACKPACK,-3,-0.0014736571629198475
TRANSLATOR,SNACKPACK,-2,-0.005806439313834743
TRANSLATOR,SNACKPACK,-1,-0.04706313752426047
TRANSLATOR,SNACKPACK,1,-0.05564223703086827
TRANSLATOR,SNACKPACK,2,0.0015001913453303961
TRANSLATOR,SNACKPACK,3,-0.012914473074635505
TRANSLATOR,SNACKPACK,4,0.008005628234081881
TRANSLATOR,SNACKPACK,5,0.0011658158057678586
TRANSLATOR,SNACKPACK,6,0.005481524043589628
TRANSLATOR,SNACKPACK,7,-0.000599255102603011
TRANSLATOR,SNACKPACK,8,0.005185309882078276
TRANSLATOR,SNACKPACK,9,-0.003286620378607294
TRANSLATOR,SNACKPACK,10,-0.0063335929653996845
TRANSLATOR,SNACKPACK,11,0.008128093663299415
TRANSLATOR,SNACKPACK,12,-0.003548420086212219
TRANSLATOR,SNACKPACK,13,-0.011643201773227361
TRANSLATOR,SNACKPACK,14,0.00024490078699346594
TRANSLATOR,SNACKPACK,15,-0.0004109152684414034
TRANSLATOR,SNACKPACK,16,-0.0038950943873712466
TRANSLATOR,SNACKPACK,17,-0.004072495815593815
TRANSLATOR,SNACKPACK,18,0.004292357823826081
TRANSLATOR,SNACKPACK,19,0.0067981887257157194
TRANSLATOR,SNACKPACK,20,-0.006685197127742177
TRANSLATOR,SNACKPACK,21,0.00453565543471408
TRANSLATOR,SNACKPACK,22,-0.001084994000375174
TRANSLATOR,SNACKPACK,23,0.005534150643976831
TRANSLATOR,SNACKPACK,24,-0.005349618137350613
TRANSLATOR,SNACKPACK,25,0.002354141678470779
TRANSLATOR,SNACKPACK,26,0.002772948962942378
TRANSLATOR,SNACKPACK,27,-0.008047989518404419
TRANSLATOR,SNACKPACK,28,0.010161494340050604
TRANSLATOR,SNACKPACK,29,-0.006192445093781569
TRANSLATOR,SNACKPACK,30,0.007597691962354213
TRANSLATOR,UV_VISOR,-30,0.0010036248591404795
TRANSLATOR,UV_VISOR,-29,0.001167398406565592
TRANSLATOR,UV_VISOR,-28,-0.008301223027964329
TRANSLATOR,UV_VISOR,-27,-0.0012115681280996454
TRANSLATOR,UV_VISOR,-26,-0.002903659852270581
TRANSLATOR,UV_VISOR,-25,0.004310932487097085
TRANSLATOR,UV_VISOR,-24,0.0007026459837367662
TRANSLATOR,UV_VISOR,-23,-0.009542223453176926
TRANSLATOR,UV_VISOR,-22,-0.0019321251085062845
TRANSLATOR,UV_VISOR,-21,0.00023881948843407252
TRANSLATOR,UV_VISOR,-20,0.0021131090677137653
TRANSLATOR,UV_VISOR,-19,-0.0026604893350011725
TRANSLATOR,UV_VISOR,-18,0.004777160745850391
TRANSLATOR,UV_VISOR,-17,-0.009165788981492656
TRANSLATOR,UV_VISOR,-16,0.00430109290230876
TRANSLATOR,UV_VISOR,-15,-0.0056651426545026706
TRANSLATOR,UV_VISOR,-14,0.004006904890462375
TRANSLATOR,UV_VISOR,-13,0.00340580596664371
TRANSLATOR,UV_VISOR,-12,0.003785480340405268
TRANSLATOR,UV_VISOR,-11,0.004890324943525906
TRANSLATOR,UV_VISOR,-10,0.0039018243472754266
TRANSLATOR,UV_VISOR,-9,0.003323251167600495
TRANSLATOR,UV_VISOR,-8,0.01094373515943299
TRANSLATOR,UV_VISOR,-7,3.16192153027966e-05
TRANSLATOR,UV_VISOR,-6,-0.002722067108289373
TRANSLATOR,UV_VISOR,-5,0.005432793837912895
TRANSLATOR,UV_VISOR,-4,0.0010000628311165115
TRANSLATOR,UV_VISOR,-3,0.0010063636571908767
TRANSLATOR,UV_VISOR,-2,0.0025634936540422744
TRANSLATOR,UV_VISOR,-1,-0.010125555728490504
TRANSLATOR,UV_VISOR,1,-0.01048829706782007
TRANSLATOR,UV_VISOR,2,0.0030438298759482368
TRANSLATOR,UV_VISOR,3,-0.002091250225350731
TRANSLATOR,UV_VISOR,4,0.006185611847961361
TRANSLATOR,UV_VISOR,5,-0.00031012964561165466
TRANSLATOR,UV_VISOR,6,0.004742422861183254
TRANSLATOR,UV_VISOR,7,0.003837892540272702
TRANSLATOR,UV_VISOR,8,-0.009998154643361862
TRANSLATOR,UV_VISOR,9,0.013430256753462344
TRANSLATOR,UV_VISOR,10,0.001324083983239748
TRANSLATOR,UV_VISOR,11,0.001380150883376074
TRANSLATOR,UV_VISOR,12,-0.0012010304657508694
TRANSLATOR,UV_VISOR,13,-0.0002236148132525281
TRANSLATOR,UV_VISOR,14,-0.004450832333441817
TRANSLATOR,UV_VISOR,15,-0.0049902305197979035
TRANSLATOR,UV_VISOR,16,-0.0008556377474941075
TRANSLATOR,UV_VISOR,17,-0.004764147562929496
TRANSLATOR,UV_VISOR,18,-0.006424769814818019
TRANSLATOR,UV_VISOR,19,0.005555932146793186
TRANSLATOR,UV_VISOR,20,0.0031288894014218824
TRANSLATOR,UV_VISOR,21,-0.0010699399491880342
TRANSLATOR,UV_VISOR,22,-0.00606562563067861
TRANSLATOR,UV_VISOR,23,-0.0010572790107816548
TRANSLATOR,UV_VISOR,24,0.006184623086440534
TRANSLATOR,UV_VISOR,25,-0.007532234487216194
TRANSLATOR,UV_VISOR,26,-0.0014029413305752976
TRANSLATOR,UV_VISOR,27,-0.005979302721099893
TRANSLATOR,UV_VISOR,28,0.00784243939327997
TRANSLATOR,UV_VISOR,29,0.005317963844436338
TRANSLATOR,UV_VISOR,30,-0.00560819745447622
UV_VISOR,GALAXY_SOUNDS,-30,0.0035375999340427748
UV_VISOR,GALAXY_SOUNDS,-29,-0.0003703134280692558
UV_VISOR,GALAXY_SOUNDS,-28,-0.005409199701039407
UV_VISOR,GALAXY_SOUNDS,-27,-0.007435692626206812
UV_VISOR,GALAXY_SOUNDS,-26,0.003180196465420774
UV_VISOR,GALAXY_SOUNDS,-25,-0.00567893863281722
UV_VISOR,GALAXY_SOUNDS,-24,-0.004208970995461159
UV_VISOR,GALAXY_SOUNDS,-23,0.002318324472318929
UV_VISOR,GALAXY_SOUNDS,-22,-0.0015980792486318081
UV_VISOR,GALAXY_SOUNDS,-21,0.005636170616562691
UV_VISOR,GALAXY_SOUNDS,-20,-0.011217276182581799
UV_VISOR,GALAXY_SOUNDS,-19,0.003417976243745602
UV_VISOR,GALAXY_SOUNDS,-18,0.0008674334301921015
UV_VISOR,GALAXY_SOUNDS,-17,-0.003520901017375069
UV_VISOR,GALAXY_SOUNDS,-16,-0.006763633017930317
UV_VISOR,GALAXY_SOUNDS,-15,-0.0025128072412633077
UV_VISOR,GALAXY_SOUNDS,-14,-0.0014371688010700028
UV_VISOR,GALAXY_SOUNDS,-13,0.012855266880378321
UV_VISOR,GALAXY_SOUNDS,-12,-0.004007500138190375
UV_VISOR,GALAXY_SOUNDS,-11,0.003988204457880051
UV_VISOR,GALAXY_SOUNDS,-10,0.0065752228962997344
UV_VISOR,GALAXY_SOUNDS,-9,-0.0011504458142189778
UV_VISOR,GALAXY_SOUNDS,-8,-0.009057086630955155
UV_VISOR,GALAXY_SOUNDS,-7,0.010898406483153752
UV_VISOR,GALAXY_SOUNDS,-6,0.003562961584049758
UV_VISOR,GALAXY_SOUNDS,-5,0.002108181545143446
UV_VISOR,GALAXY_SOUNDS,-4,0.004772726710441796
UV_VISOR,GALAXY_SOUNDS,-3,-0.017117822649776356
UV_VISOR,GALAXY_SOUNDS,-2,0.0012379793386204923
UV_VISOR,GALAXY_SOUNDS,-1,-0.007306438283326347
UV_VISOR,GALAXY_SOUNDS,1,-0.013808426202062895
UV_VISOR,GALAXY_SOUNDS,2,0.008695495720757843
UV_VISOR,GALAXY_SOUNDS,3,-0.00643655132977186
UV_VISOR,GALAXY_SOUNDS,4,0.004642485764830025
UV_VISOR,GALAXY_SOUNDS,5,-0.004807356695178218
UV_VISOR,GALAXY_SOUNDS,6,-0.0010866384459476892
UV_VISOR,GALAXY_SOUNDS,7,0.0005657212731945321
UV_VISOR,GALAXY_SOUNDS,8,0.0022819651360536
UV_VISOR,GALAXY_SOUNDS,9,-0.008825101924503701
UV_VISOR,GALAXY_SOUNDS,10,0.008565521225236345
UV_VISOR,GALAXY_SOUNDS,11,-0.00581464610529019
UV_VISOR,GALAXY_SOUNDS,12,-0.006476921163184519
UV_VISOR,GALAXY_SOUNDS,13,0.005733438013023987
UV_VISOR,GALAXY_SOUNDS,14,0.01613370380924789
UV_VISOR,GALAXY_SOUNDS,15,0.0039884061389008
UV_VISOR,GALAXY_SOUNDS,16,-0.005138964682602845
UV_VISOR,GALAXY_SOUNDS,17,-0.006366815533101538
UV_VISOR,GALAXY_SOUNDS,18,-0.005544221119076557
UV_VISOR,GALAXY_SOUNDS,19,-0.0019077578915344844
UV_VISOR,GALAXY_SOUNDS,20,-0.003521077322979334
UV_VISOR,GALAXY_SOUNDS,21,0.0006030602612608002
UV_VISOR,GALAXY_SOUNDS,22,-0.005805955805831238
UV_VISOR,GALAXY_SOUNDS,23,-8.60069748969355e-05
UV_VISOR,GALAXY_SOUNDS,24,0.00402965997418757
UV_VISOR,GALAXY_SOUNDS,25,-0.009952440001746625
UV_VISOR,GALAXY_SOUNDS,26,-0.0022011644164491415
UV_VISOR,GALAXY_SOUNDS,27,-0.004980244306128186
UV_VISOR,GALAXY_SOUNDS,28,0.004381141113474032
UV_VISOR,GALAXY_SOUNDS,29,0.007075095097643312
UV_VISOR,GALAXY_SOUNDS,30,0.002371800679645591
UV_VISOR,MICROCHIP,-30,-0.0024501451052761107
UV_VISOR,MICROCHIP,-29,-0.002807684621553796
UV_VISOR,MICROCHIP,-28,0.0026179116760553334
UV_VISOR,MICROCHIP,-27,0.0087444927196342
UV_VISOR,MICROCHIP,-26,0.00016286252513215383
UV_VISOR,MICROCHIP,-25,0.005227308272455238
UV_VISOR,MICROCHIP,-24,-0.012432970008751513
UV_VISOR,MICROCHIP,-23,-0.006391262618890047
UV_VISOR,MICROCHIP,-22,0.0022732187291587182
UV_VISOR,MICROCHIP,-21,-0.010391731546244466
UV_VISOR,MICROCHIP,-20,-0.003762992738162015
UV_VISOR,MICROCHIP,-19,-0.0001044112599910303
UV_VISOR,MICROCHIP,-18,-0.00055469637656759
UV_VISOR,MICROCHIP,-17,-0.000889826653075574
UV_VISOR,MICROCHIP,-16,0.0054196175048468135
UV_VISOR,MICROCHIP,-15,0.0007176127020304203
UV_VISOR,MICROCHIP,-14,0.0024524555708926327
UV_VISOR,MICROCHIP,-13,0.004273039533742402
UV_VISOR,MICROCHIP,-12,-0.0008696727736490434
UV_VISOR,MICROCHIP,-11,0.0015067764078733738
UV_VISOR,MICROCHIP,-10,0.0006138489543496645
UV_VISOR,MICROCHIP,-9,-0.013399855561444487
UV_VISOR,MICROCHIP,-8,-0.0008546376410670046
UV_VISOR,MICROCHIP,-7,-0.0012541531684844003
UV_VISOR,MICROCHIP,-6,-0.003105565944631947
UV_VISOR,MICROCHIP,-5,0.003945717178160699
UV_VISOR,MICROCHIP,-4,0.005084997842134507
UV_VISOR,MICROCHIP,-3,-0.0006684671493172307
UV_VISOR,MICROCHIP,-2,-0.0031037058178808503
UV_VISOR,MICROCHIP,-1,-0.011804392427096312
UV_VISOR,MICROCHIP,1,-0.004023039047430954
UV_VISOR,MICROCHIP,2,-0.000554344409272304
UV_VISOR,MICROCHIP,3,0.005809511703027375
UV_VISOR,MICROCHIP,4,0.006616441591649336
UV_VISOR,MICROCHIP,5,-0.0018973614685590479
UV_VISOR,MICROCHIP,6,0.010231693820939946
UV_VISOR,MICROCHIP,7,-0.0015955650358615706
UV_VISOR,MICROCHIP,8,-4.720411269383638e-06
UV_VISOR,MICROCHIP,9,0.005727909691913711
UV_VISOR,MICROCHIP,10,-0.009133984911842507
UV_VISOR,MICROCHIP,11,0.010832118979039894
UV_VISOR,MICROCHIP,12,-0.00372013714791215
UV_VISOR,MICROCHIP,13,0.014042681705006383
UV_VISOR,MICROCHIP,14,-0.0023090720158647935
UV_VISOR,MICROCHIP,15,0.0020118949188533152
UV_VISOR,MICROCHIP,16,-0.0014908224185102353
UV_VISOR,MICROCHIP,17,-0.0004850278291989258
UV_VISOR,MICROCHIP,18,-0.010250226845650214
UV_VISOR,MICROCHIP,19,-0.000603937454841359
UV_VISOR,MICROCHIP,20,-0.01161316491414269
UV_VISOR,MICROCHIP,21,-0.013168974149646823
UV_VISOR,MICROCHIP,22,-0.001152911183014385
UV_VISOR,MICROCHIP,23,0.0030681380388647246
UV_VISOR,MICROCHIP,24,-0.007315458596319995
UV_VISOR,MICROCHIP,25,0.008373576015176748
UV_VISOR,MICROCHIP,26,-0.00062772893244515
UV_VISOR,MICROCHIP,27,-0.005971667537511667
UV_VISOR,MICROCHIP,28,0.00042737932156505776
UV_VISOR,MICROCHIP,29,0.004980461265661783
UV_VISOR,MICROCHIP,30,0.010888767042094554
UV_VISOR,OXYGEN_SHAKE,-30,0.0018983170264214814
UV_VISOR,OXYGEN_SHAKE,-29,0.0038220376049773867
UV_VISOR,OXYGEN_SHAKE,-28,-0.009065701245262773
UV_VISOR,OXYGEN_SHAKE,-27,0.004218331626791182
UV_VISOR,OXYGEN_SHAKE,-26,0.004062201484884075
UV_VISOR,OXYGEN_SHAKE,-25,-0.007302912565422373
UV_VISOR,OXYGEN_SHAKE,-24,-0.002860074837598086
UV_VISOR,OXYGEN_SHAKE,-23,-0.00110839155971004
UV_VISOR,OXYGEN_SHAKE,-22,0.0006559061164001783
UV_VISOR,OXYGEN_SHAKE,-21,0.0003539602532355455
UV_VISOR,OXYGEN_SHAKE,-20,0.007942766291175206
UV_VISOR,OXYGEN_SHAKE,-19,0.00756709306478836
UV_VISOR,OXYGEN_SHAKE,-18,9.677920307358993e-05
UV_VISOR,OXYGEN_SHAKE,-17,-0.007940353540068862
UV_VISOR,OXYGEN_SHAKE,-16,0.011587896213430105
UV_VISOR,OXYGEN_SHAKE,-15,0.006057540359729086
UV_VISOR,OXYGEN_SHAKE,-14,-0.004991351400525653
UV_VISOR,OXYGEN_SHAKE,-13,0.004113192474801114
UV_VISOR,OXYGEN_SHAKE,-12,0.006076192855696494
UV_VISOR,OXYGEN_SHAKE,-11,-0.0042275010471475895
UV_VISOR,OXYGEN_SHAKE,-10,-0.009764677062839145
UV_VISOR,OXYGEN_SHAKE,-9,-0.006336823465040072
UV_VISOR,OXYGEN_SHAKE,-8,-0.011789084101454654
UV_VISOR,OXYGEN_SHAKE,-7,-0.0026180033793506154
UV_VISOR,OXYGEN_SHAKE,-6,-0.0030365115081130013
UV_VISOR,OXYGEN_SHAKE,-5,-0.0030922746304738406
UV_VISOR,OXYGEN_SHAKE,-4,0.007007183858406518
UV_VISOR,OXYGEN_SHAKE,-3,-0.0003004490340982131
UV_VISOR,OXYGEN_SHAKE,-2,0.014971390147673696
UV_VISOR,OXYGEN_SHAKE,-1,-0.022256771283777562
UV_VISOR,OXYGEN_SHAKE,1,-0.026094964573180925
UV_VISOR,OXYGEN_SHAKE,2,-0.006066661925818864
UV_VISOR,OXYGEN_SHAKE,3,-0.0023592660831144078
UV_VISOR,OXYGEN_SHAKE,4,0.007519370882119093
UV_VISOR,OXYGEN_SHAKE,5,-0.007251538114628868
UV_VISOR,OXYGEN_SHAKE,6,-0.007339330812029969
UV_VISOR,OXYGEN_SHAKE,7,0.005513797408011078
UV_VISOR,OXYGEN_SHAKE,8,0.004676847869896196
UV_VISOR,OXYGEN_SHAKE,9,-0.006874177018110238
UV_VISOR,OXYGEN_SHAKE,10,-0.0054479161608755235
UV_VISOR,OXYGEN_SHAKE,11,-0.003779962844906608
UV_VISOR,OXYGEN_SHAKE,12,0.00838040154584944
UV_VISOR,OXYGEN_SHAKE,13,0.002310603137507234
UV_VISOR,OXYGEN_SHAKE,14,0.010177426846241476
UV_VISOR,OXYGEN_SHAKE,15,-0.013739329568206938
UV_VISOR,OXYGEN_SHAKE,16,-0.0014183118861167284
UV_VISOR,OXYGEN_SHAKE,17,-0.005682230434350464
UV_VISOR,OXYGEN_SHAKE,18,-0.00445335815214084
UV_VISOR,OXYGEN_SHAKE,19,-0.005037708120752446
UV_VISOR,OXYGEN_SHAKE,20,-0.006398976953582986
UV_VISOR,OXYGEN_SHAKE,21,0.003986711263110257
UV_VISOR,OXYGEN_SHAKE,22,5.6437729125062886e-05
UV_VISOR,OXYGEN_SHAKE,23,-0.005691813069489626
UV_VISOR,OXYGEN_SHAKE,24,-0.0029709761142231207
UV_VISOR,OXYGEN_SHAKE,25,0.00861923406046714
UV_VISOR,OXYGEN_SHAKE,26,0.009886300663902996
UV_VISOR,OXYGEN_SHAKE,27,0.00035971342354670894
UV_VISOR,OXYGEN_SHAKE,28,0.001880610239944267
UV_VISOR,OXYGEN_SHAKE,29,-0.003867484685445138
UV_VISOR,OXYGEN_SHAKE,30,0.0027723198376226553
UV_VISOR,PANEL,-30,-0.0013095120788291026
UV_VISOR,PANEL,-29,-0.005053746382651385
UV_VISOR,PANEL,-28,-0.003999585662777276
UV_VISOR,PANEL,-27,-0.0005501137786650579
UV_VISOR,PANEL,-26,-0.003138878651095495
UV_VISOR,PANEL,-25,0.0026441070968812683
UV_VISOR,PANEL,-24,0.01253440883823
UV_VISOR,PANEL,-23,-0.004991243916500059
UV_VISOR,PANEL,-22,-0.008523592348155059
UV_VISOR,PANEL,-21,-0.00026806008231928114
UV_VISOR,PANEL,-20,-0.0028747950279058693
UV_VISOR,PANEL,-19,-0.007112551061490169
UV_VISOR,PANEL,-18,-0.0036876497255794293
UV_VISOR,PANEL,-17,-0.007266260916736046
UV_VISOR,PANEL,-16,0.0063564776943520395
UV_VISOR,PANEL,-15,0.0046489276624169075
UV_VISOR,PANEL,-14,-0.00017964749537875596
UV_VISOR,PANEL,-13,-0.0028839692953713165
UV_VISOR,PANEL,-12,-0.002077741744833401
UV_VISOR,PANEL,-11,0.005624869265392012
UV_VISOR,PANEL,-10,-0.00661802642863704
UV_VISOR,PANEL,-9,0.0014820252356712912
UV_VISOR,PANEL,-8,0.0013964583238235072
UV_VISOR,PANEL,-7,-0.0028436420479670747
UV_VISOR,PANEL,-6,0.01179862011547348
UV_VISOR,PANEL,-5,-0.004201062229680565
UV_VISOR,PANEL,-4,0.005167813683736386
UV_VISOR,PANEL,-3,0.00409522106034352
UV_VISOR,PANEL,-2,-0.013668722779421471
UV_VISOR,PANEL,-1,-0.015089413627577883
UV_VISOR,PANEL,1,-0.014335704819071177
UV_VISOR,PANEL,2,0.0018375742936478682
UV_VISOR,PANEL,3,-0.007441823381427311
UV_VISOR,PANEL,4,0.0013738753344150517
UV_VISOR,PANEL,5,-0.009319171674431753
UV_VISOR,PANEL,6,-0.005980863052060252
UV_VISOR,PANEL,7,-0.007693659242109744
UV_VISOR,PANEL,8,-0.004724494219068414
UV_VISOR,PANEL,9,0.006316722570186142
UV_VISOR,PANEL,10,-0.011853928077537946
UV_VISOR,PANEL,11,0.0020394608916535217
UV_VISOR,PANEL,12,0.011025793365720593
UV_VISOR,PANEL,13,-0.006454317122542578
UV_VISOR,PANEL,14,-0.007354969190179773
UV_VISOR,PANEL,15,-0.0025215018754405462
UV_VISOR,PANEL,16,-0.0026334310348641206
UV_VISOR,PANEL,17,0.009744187006566407
UV_VISOR,PANEL,18,0.0035679802490339377
UV_VISOR,PANEL,19,0.009512911284986124
UV_VISOR,PANEL,20,-0.005801671342739029
UV_VISOR,PANEL,21,0.010537474338964228
UV_VISOR,PANEL,22,0.012268338542043452
UV_VISOR,PANEL,23,-0.0014415159203403393
UV_VISOR,PANEL,24,-0.0027327243724718786
UV_VISOR,PANEL,25,-0.0003078778182479869
UV_VISOR,PANEL,26,-0.009016173626119763
UV_VISOR,PANEL,27,0.0024822068799654155
UV_VISOR,PANEL,28,-0.008484587183497082
UV_VISOR,PANEL,29,-0.0026261429036949133
UV_VISOR,PANEL,30,0.008921201002169052
UV_VISOR,PEBBLES,-30,0.00855931560452389
UV_VISOR,PEBBLES,-29,0.0007324686751318796
UV_VISOR,PEBBLES,-28,-0.009296716888175465
UV_VISOR,PEBBLES,-27,0.0041293967608447375
UV_VISOR,PEBBLES,-26,0.006369657994848019
UV_VISOR,PEBBLES,-25,0.00216649168245713
UV_VISOR,PEBBLES,-24,-0.004041648696390243
UV_VISOR,PEBBLES,-23,-0.002020005316532699
UV_VISOR,PEBBLES,-22,-0.0008039648195420864
UV_VISOR,PEBBLES,-21,-0.004494927277187568
UV_VISOR,PEBBLES,-20,0.0038379361272128333
UV_VISOR,PEBBLES,-19,-0.00018429815688886825
UV_VISOR,PEBBLES,-18,-0.004347697595769631
UV_VISOR,PEBBLES,-17,0.004970604640258212
UV_VISOR,PEBBLES,-16,-0.0038269293891204648
UV_VISOR,PEBBLES,-15,0.00481066956536021
UV_VISOR,PEBBLES,-14,-0.00882367064463509
UV_VISOR,PEBBLES,-13,0.0073349588061033906
UV_VISOR,PEBBLES,-12,0.0028871421402170087
UV_VISOR,PEBBLES,-11,-0.001474692216457762
UV_VISOR,PEBBLES,-10,-0.0035268112005888714
UV_VISOR,PEBBLES,-9,0.004084314139382414
UV_VISOR,PEBBLES,-8,-0.0140028821231505
UV_VISOR,PEBBLES,-7,0.011759305473504485
UV_VISOR,PEBBLES,-6,0.0027906960619205664
UV_VISOR,PEBBLES,-5,-0.004482358062462217
UV_VISOR,PEBBLES,-4,-0.004447795329977492
UV_VISOR,PEBBLES,-3,0.0008714898656362743
UV_VISOR,PEBBLES,-2,0.008116918915511376
UV_VISOR,PEBBLES,-1,-0.004073295178507635
UV_VISOR,PEBBLES,1,0.00533083044552716
UV_VISOR,PEBBLES,2,-0.004251309243135383
UV_VISOR,PEBBLES,3,0.00020507497808472603
UV_VISOR,PEBBLES,4,0.0025305485489698944
UV_VISOR,PEBBLES,5,-0.004416371836559079
UV_VISOR,PEBBLES,6,-0.006941862456515242
UV_VISOR,PEBBLES,7,-0.0019601644773831095
UV_VISOR,PEBBLES,8,0.010414770334593098
UV_VISOR,PEBBLES,9,8.419916175905478e-05
UV_VISOR,PEBBLES,10,-0.007679706382631634
UV_VISOR,PEBBLES,11,0.006086310128109224
UV_VISOR,PEBBLES,12,-0.005004598258021952
UV_VISOR,PEBBLES,13,0.0025499019501366875
UV_VISOR,PEBBLES,14,0.0011480262344382335
UV_VISOR,PEBBLES,15,-0.0005460952183482993
UV_VISOR,PEBBLES,16,-0.0015273275276684443
UV_VISOR,PEBBLES,17,0.006380438352081036
UV_VISOR,PEBBLES,18,-0.009840808355015001
UV_VISOR,PEBBLES,19,0.00920965543115552
UV_VISOR,PEBBLES,20,-0.0016557799338542559
UV_VISOR,PEBBLES,21,-0.00609640707579777
UV_VISOR,PEBBLES,22,0.00755694022937079
UV_VISOR,PEBBLES,23,-0.0005897105323677409
UV_VISOR,PEBBLES,24,-0.004676970452880431
UV_VISOR,PEBBLES,25,0.005817653735828916
UV_VISOR,PEBBLES,26,-0.0014838425764694032
UV_VISOR,PEBBLES,27,-0.0011890191924957012
UV_VISOR,PEBBLES,28,-0.011485836768792218
UV_VISOR,PEBBLES,29,0.012986909698149737
UV_VISOR,PEBBLES,30,0.001725044933469706
UV_VISOR,ROBOT,-30,-0.0022259413539616984
UV_VISOR,ROBOT,-29,-0.010240260062828256
UV_VISOR,ROBOT,-28,-0.0002667840844763041
UV_VISOR,ROBOT,-27,0.005265626711741953
UV_VISOR,ROBOT,-26,0.0029436883025376233
UV_VISOR,ROBOT,-25,0.005825331557243215
UV_VISOR,ROBOT,-24,0.0033835819152935333
UV_VISOR,ROBOT,-23,-0.005150907085480803
UV_VISOR,ROBOT,-22,-0.0010376017509823702
UV_VISOR,ROBOT,-21,0.002544896965341767
UV_VISOR,ROBOT,-20,-0.004881389116159998
UV_VISOR,ROBOT,-19,-0.00474852523703232
UV_VISOR,ROBOT,-18,-0.009953271609030999
UV_VISOR,ROBOT,-17,0.005791249145322134
UV_VISOR,ROBOT,-16,0.0013484779136891307
UV_VISOR,ROBOT,-15,0.005061408512578655
UV_VISOR,ROBOT,-14,0.005596268830326248
UV_VISOR,ROBOT,-13,0.0019886766581319725
UV_VISOR,ROBOT,-12,0.0034806341658226185
UV_VISOR,ROBOT,-11,0.002396388459174734
UV_VISOR,ROBOT,-10,-0.0014615353128662563
UV_VISOR,ROBOT,-9,0.006022589081300859
UV_VISOR,ROBOT,-8,-0.0034552003363792576
UV_VISOR,ROBOT,-7,-0.001765574430804382
UV_VISOR,ROBOT,-6,0.003160208806087518
UV_VISOR,ROBOT,-5,-0.003603210616816565
UV_VISOR,ROBOT,-4,-0.002071765188128184
UV_VISOR,ROBOT,-3,-0.009097972923101614
UV_VISOR,ROBOT,-2,-0.008164916155024597
UV_VISOR,ROBOT,-1,-0.0013016012048327817
UV_VISOR,ROBOT,1,0.00041088184053088
UV_VISOR,ROBOT,2,0.001139716487366043
UV_VISOR,ROBOT,3,-0.0001095306369005187
UV_VISOR,ROBOT,4,0.0031796289998158307
UV_VISOR,ROBOT,5,0.000750384464676262
UV_VISOR,ROBOT,6,0.0031833382491410966
UV_VISOR,ROBOT,7,-0.00430706597447747
UV_VISOR,ROBOT,8,-0.0020533014195870678
UV_VISOR,ROBOT,9,0.0012003124708926736
UV_VISOR,ROBOT,10,-0.003580417662041883
UV_VISOR,ROBOT,11,-0.0005604780812482674
UV_VISOR,ROBOT,12,0.010313454721858815
UV_VISOR,ROBOT,13,0.002800612355577164
UV_VISOR,ROBOT,14,-0.00034068645493490765
UV_VISOR,ROBOT,15,-0.002337861867894904
UV_VISOR,ROBOT,16,-0.00858613119624743
UV_VISOR,ROBOT,17,-0.0016541067158150412
UV_VISOR,ROBOT,18,-0.0036164876799566663
UV_VISOR,ROBOT,19,-0.00451132809056408
UV_VISOR,ROBOT,20,-0.008370533320513223
UV_VISOR,ROBOT,21,-0.0024724613857676878
UV_VISOR,ROBOT,22,0.001268518424896147
UV_VISOR,ROBOT,23,0.0009807839686088913
UV_VISOR,ROBOT,24,-0.002558905815336477
UV_VISOR,ROBOT,25,0.011003411194446389
UV_VISOR,ROBOT,26,0.0006400435096813365
UV_VISOR,ROBOT,27,-0.013109399404422411
UV_VISOR,ROBOT,28,0.009454231037750576
UV_VISOR,ROBOT,29,0.004907798321103631
UV_VISOR,ROBOT,30,-0.0005667774394077788
UV_VISOR,SLEEP_POD,-30,-0.008572820829655782
UV_VISOR,SLEEP_POD,-29,0.005325097266850069
UV_VISOR,SLEEP_POD,-28,0.007039444164172261
UV_VISOR,SLEEP_POD,-27,-0.0014379601577281032
UV_VISOR,SLEEP_POD,-26,0.004109054875751746
UV_VISOR,SLEEP_POD,-25,-0.001551373760005663
UV_VISOR,SLEEP_POD,-24,0.003357243989135327
UV_VISOR,SLEEP_POD,-23,0.009536847968526461
UV_VISOR,SLEEP_POD,-22,0.0012680571868504053
UV_VISOR,SLEEP_POD,-21,0.007464357725845926
UV_VISOR,SLEEP_POD,-20,-0.004299954608549064
UV_VISOR,SLEEP_POD,-19,0.0016863856639761333
UV_VISOR,SLEEP_POD,-18,0.0021217074962929607
UV_VISOR,SLEEP_POD,-17,-0.008736889904033865
UV_VISOR,SLEEP_POD,-16,-0.005472141176578762
UV_VISOR,SLEEP_POD,-15,-0.00943970039831655
UV_VISOR,SLEEP_POD,-14,0.008759550719184023
UV_VISOR,SLEEP_POD,-13,0.0017639759470181198
UV_VISOR,SLEEP_POD,-12,-0.01146740097399152
UV_VISOR,SLEEP_POD,-11,0.001398011213408116
UV_VISOR,SLEEP_POD,-10,0.002410652891720085
UV_VISOR,SLEEP_POD,-9,0.004138665665790303
UV_VISOR,SLEEP_POD,-8,0.002108088276861238
UV_VISOR,SLEEP_POD,-7,0.006290528084641326
UV_VISOR,SLEEP_POD,-6,-0.0026183271397955715
UV_VISOR,SLEEP_POD,-5,0.0001298746896790565
UV_VISOR,SLEEP_POD,-4,-0.004333123958586582
UV_VISOR,SLEEP_POD,-3,-0.0036735858158985285
UV_VISOR,SLEEP_POD,-2,0.0009656584980857761
UV_VISOR,SLEEP_POD,-1,-0.005509094111804677
UV_VISOR,SLEEP_POD,1,-0.008434042734772256
UV_VISOR,SLEEP_POD,2,0.012317345414421445
UV_VISOR,SLEEP_POD,3,0.005576250055635779
UV_VISOR,SLEEP_POD,4,0.008996064571684958
UV_VISOR,SLEEP_POD,5,-0.0011607898308118624
UV_VISOR,SLEEP_POD,6,-0.0016709218611141547
UV_VISOR,SLEEP_POD,7,0.006627854623234045
UV_VISOR,SLEEP_POD,8,-0.006768774933015705
UV_VISOR,SLEEP_POD,9,0.002234035585833425
UV_VISOR,SLEEP_POD,10,0.005841465487992477
UV_VISOR,SLEEP_POD,11,-0.006967198441562341
UV_VISOR,SLEEP_POD,12,0.01046775069796029
UV_VISOR,SLEEP_POD,13,-0.002531770865784198
UV_VISOR,SLEEP_POD,14,0.002722163447924392
UV_VISOR,SLEEP_POD,15,-0.005340614586705298
UV_VISOR,SLEEP_POD,16,0.0006545775787928984
UV_VISOR,SLEEP_POD,17,0.0029836923863350716
UV_VISOR,SLEEP_POD,18,0.00861899922710061
UV_VISOR,SLEEP_POD,19,-0.000225379170965515
UV_VISOR,SLEEP_POD,20,0.0001589883221331542
UV_VISOR,SLEEP_POD,21,-0.008546686418483851
UV_VISOR,SLEEP_POD,22,-0.010359764693529804
UV_VISOR,SLEEP_POD,23,-0.00535006539760545
UV_VISOR,SLEEP_POD,24,-0.0020234568909997764
UV_VISOR,SLEEP_POD,25,0.0028175070176786688
UV_VISOR,SLEEP_POD,26,-0.006635834119121175
UV_VISOR,SLEEP_POD,27,-0.005472331582054774
UV_VISOR,SLEEP_POD,28,0.00617179019164307
UV_VISOR,SLEEP_POD,29,0.003287087241455559
UV_VISOR,SLEEP_POD,30,-0.0035997845134196644
UV_VISOR,SNACKPACK,-30,0.000746068253668442
UV_VISOR,SNACKPACK,-29,0.0005386771974269737
UV_VISOR,SNACKPACK,-28,0.004063829421744291
UV_VISOR,SNACKPACK,-27,-0.006724034240606488
UV_VISOR,SNACKPACK,-26,0.00919708431650449
UV_VISOR,SNACKPACK,-25,-0.010312944442729717
UV_VISOR,SNACKPACK,-24,0.004574534019370708
UV_VISOR,SNACKPACK,-23,-9.66502786893121e-05
UV_VISOR,SNACKPACK,-22,-0.0023339054528228524
UV_VISOR,SNACKPACK,-21,-0.004274592295015761
UV_VISOR,SNACKPACK,-20,-0.00665013315009796
UV_VISOR,SNACKPACK,-19,0.0021374492521977527
UV_VISOR,SNACKPACK,-18,0.004226081843070879
UV_VISOR,SNACKPACK,-17,-0.004167317864385259
UV_VISOR,SNACKPACK,-16,0.0031380828474128074
UV_VISOR,SNACKPACK,-15,0.007915303097554366
UV_VISOR,SNACKPACK,-14,-0.001359770548300175
UV_VISOR,SNACKPACK,-13,-0.0008391010569823855
UV_VISOR,SNACKPACK,-12,0.004784305771786094
UV_VISOR,SNACKPACK,-11,0.005382120343290636
UV_VISOR,SNACKPACK,-10,-0.003246692530482786
UV_VISOR,SNACKPACK,-9,0.006228937902260084
UV_VISOR,SNACKPACK,-8,-0.002812303768683864
UV_VISOR,SNACKPACK,-7,0.0039045670071102866
UV_VISOR,SNACKPACK,-6,-0.003921131619662791
UV_VISOR,SNACKPACK,-5,-0.009598509353252956
UV_VISOR,SNACKPACK,-4,0.009292594188856152
UV_VISOR,SNACKPACK,-3,0.0015727521823572144
UV_VISOR,SNACKPACK,-2,0.0028479843078684747
UV_VISOR,SNACKPACK,-1,-0.060938076603647376
UV_VISOR,SNACKPACK,1,-0.05832175276933538
UV_VISOR,SNACKPACK,2,-0.0048103686773862215
UV_VISOR,SNACKPACK,3,-0.004954788610016786
UV_VISOR,SNACKPACK,4,0.00017950340499034594
UV_VISOR,SNACKPACK,5,-0.005059178369442619
UV_VISOR,SNACKPACK,6,-0.004300534412947855
UV_VISOR,SNACKPACK,7,0.02184473676849381
UV_VISOR,SNACKPACK,8,0.009950595312007544
UV_VISOR,SNACKPACK,9,-0.00821284944917301
UV_VISOR,SNACKPACK,10,-0.001163356458206919
UV_VISOR,SNACKPACK,11,-0.005132677113347719
UV_VISOR,SNACKPACK,12,0.009969645785759552
UV_VISOR,SNACKPACK,13,-0.004951222208065524
UV_VISOR,SNACKPACK,14,0.0010143228607190707
UV_VISOR,SNACKPACK,15,-0.008797504489656294
UV_VISOR,SNACKPACK,16,0.009567308118101307
UV_VISOR,SNACKPACK,17,0.0024255396917025733
UV_VISOR,SNACKPACK,18,0.0017237623163573973
UV_VISOR,SNACKPACK,19,0.0025259703880953117
UV_VISOR,SNACKPACK,20,-0.004060957525968335
UV_VISOR,SNACKPACK,21,-0.0056182203569912145
UV_VISOR,SNACKPACK,22,-0.011560606716318476
UV_VISOR,SNACKPACK,23,0.0020223674407049436
UV_VISOR,SNACKPACK,24,0.0006164369185392064
UV_VISOR,SNACKPACK,25,-0.0016213511228584025
UV_VISOR,SNACKPACK,26,-0.002914773995362239
UV_VISOR,SNACKPACK,27,-0.006481113634507631
UV_VISOR,SNACKPACK,28,0.001727875548017872
UV_VISOR,SNACKPACK,29,0.007164933745773773
UV_VISOR,SNACKPACK,30,-0.0013533752588590071
UV_VISOR,TRANSLATOR,-30,-0.00560819745447622
UV_VISOR,TRANSLATOR,-29,0.005317963844436337
UV_VISOR,TRANSLATOR,-28,0.00784243939327997
UV_VISOR,TRANSLATOR,-27,-0.005979302721099893
UV_VISOR,TRANSLATOR,-26,-0.0014029413305752976
UV_VISOR,TRANSLATOR,-25,-0.007532234487216193
UV_VISOR,TRANSLATOR,-24,0.006184623086440534
UV_VISOR,TRANSLATOR,-23,-0.0010572790107816546
UV_VISOR,TRANSLATOR,-22,-0.00606562563067861
UV_VISOR,TRANSLATOR,-21,-0.0010699399491880342
UV_VISOR,TRANSLATOR,-20,0.003128889401421883
UV_VISOR,TRANSLATOR,-19,0.0055559321467931865
UV_VISOR,TRANSLATOR,-18,-0.006424769814818019
UV_VISOR,TRANSLATOR,-17,-0.004764147562929496
UV_VISOR,TRANSLATOR,-16,-0.0008556377474941076
UV_VISOR,TRANSLATOR,-15,-0.0049902305197979035
UV_VISOR,TRANSLATOR,-14,-0.004450832333441818
UV_VISOR,TRANSLATOR,-13,-0.0002236148132525281
UV_VISOR,TRANSLATOR,-12,-0.0012010304657508694
UV_VISOR,TRANSLATOR,-11,0.001380150883376074
UV_VISOR,TRANSLATOR,-10,0.001324083983239748
UV_VISOR,TRANSLATOR,-9,0.013430256753462344
UV_VISOR,TRANSLATOR,-8,-0.009998154643361862
UV_VISOR,TRANSLATOR,-7,0.003837892540272702
UV_VISOR,TRANSLATOR,-6,0.004742422861183254
UV_VISOR,TRANSLATOR,-5,-0.00031012964561165466
UV_VISOR,TRANSLATOR,-4,0.006185611847961361
UV_VISOR,TRANSLATOR,-3,-0.0020912502253507305
UV_VISOR,TRANSLATOR,-2,0.0030438298759482368
UV_VISOR,TRANSLATOR,-1,-0.01048829706782007
UV_VISOR,TRANSLATOR,1,-0.010125555728490504
UV_VISOR,TRANSLATOR,2,0.0025634936540422744
UV_VISOR,TRANSLATOR,3,0.0010063636571908767
UV_VISOR,TRANSLATOR,4,0.0010000628311165115
UV_VISOR,TRANSLATOR,5,0.005432793837912895
UV_VISOR,TRANSLATOR,6,-0.002722067108289373
UV_VISOR,TRANSLATOR,7,3.16192153027966e-05
UV_VISOR,TRANSLATOR,8,0.01094373515943299
UV_VISOR,TRANSLATOR,9,0.0033232511676004953
UV_VISOR,TRANSLATOR,10,0.0039018243472754266
UV_VISOR,TRANSLATOR,11,0.004890324943525906
UV_VISOR,TRANSLATOR,12,0.003785480340405268
UV_VISOR,TRANSLATOR,13,0.0034058059666437096
UV_VISOR,TRANSLATOR,14,0.004006904890462375
UV_VISOR,TRANSLATOR,15,-0.0056651426545026706
UV_VISOR,TRANSLATOR,16,0.00430109290230876
UV_VISOR,TRANSLATOR,17,-0.009165788981492654
UV_VISOR,TRANSLATOR,18,0.004777160745850391
UV_VISOR,TRANSLATOR,19,-0.0026604893350011725
UV_VISOR,TRANSLATOR,20,0.0021131090677137653
UV_VISOR,TRANSLATOR,21,0.00023881948843407252
UV_VISOR,TRANSLATOR,22,-0.0019321251085062847
UV_VISOR,TRANSLATOR,23,-0.009542223453176926
UV_VISOR,TRANSLATOR,24,0.0007026459837367662
UV_VISOR,TRANSLATOR,25,0.004310932487097085
UV_VISOR,TRANSLATOR,26,-0.002903659852270581
UV_VISOR,TRANSLATOR,27,-0.0012115681280996454
UV_VISOR,TRANSLATOR,28,-0.008301223027964329
UV_VISOR,TRANSLATOR,29,0.0011673984065655918
UV_VISOR,TRANSLATOR,30,0.0010036248591404795
