family,leg,lag,loo,n,corr,day,predictor
GALAXY_SOUNDS,GALAXY_SOUNDS_DARK_MATTER,1,True,9998,-0.014788861214516136,2,mid
GALAXY_SOUNDS,GALAXY_SOUNDS_DARK_MATTER,2,True,9997,-0.011035073259232808,2,mid
GALAXY_SOUNDS,GALAXY_SOUNDS_DARK_MATTER,3,True,9996,-0.0032192006936343637,2,mid
GALAXY_SOUNDS,GALAXY_SOUNDS_DARK_MATTER,4,True,9995,0.009631042929898744,2,mid
GALAXY_SOUNDS,GALAXY_SOUNDS_DARK_MATTER,5,True,9994,0.019604818315883187,2,mid
GALAXY_SOUNDS,GALAXY_SOUNDS_BLACK_HOLES,1,True,9998,-0.011274229241394738,2,mid
GALAXY_SOUNDS,GALAXY_SOUNDS_BLACK_HOLES,2,True,9997,0.0012601986780166384,2,mid
GALAXY_SOUNDS,GALAXY_SOUNDS_BLACK_HOLES,3,True,9996,-0.00632066647746214,2,mid
GALAXY_SOUNDS,GALAXY_SOUNDS_BLACK_HOLES,4,True,9995,0.0013148597833443061,2,mid
GALAXY_SOUNDS,GALAXY_SOUNDS_BLACK_HOLES,5,True,9994,-0.00038746647101872006,2,mid
GALAXY_SOUNDS,GALAXY_SOUNDS_PLANETARY_RINGS,1,True,9998,0.0007280508484673898,2,mid
GALAXY_SOUNDS,GALAXY_SOUNDS_PLANETARY_RINGS,2,True,9997,-0.005808652985731582,2,mid
GALAXY_SOUNDS,GALAXY_SOUNDS_PLANETARY_RINGS,3,True,9996,-0.016414181756399988,2,mid
GALAXY_SOUNDS,GALAXY_SOUNDS_PLANETARY_RINGS,4,True,9995,0.008924155529900462,2,mid
GALAXY_SOUNDS,GALAXY_SOUNDS_PLANETARY_RINGS,5,True,9994,0.0152478204923583,2,mid
GALAXY_SOUNDS,GALAXY_SOUNDS_SOLAR_WINDS,1,True,9998,-0.016643161499079153,2,mid
GALAXY_SOUNDS,GALAXY_SOUNDS_SOLAR_WINDS,2,True,9997,0.0006134603604385375,2,mid
GALAXY_SOUNDS,GALAXY_SOUNDS_SOLAR_WINDS,3,True,9996,-0.003273475467088682,2,mid
GALAXY_SOUNDS,GALAXY_SOUNDS_SOLAR_WINDS,4,True,9995,-0.007824557843519382,2,mid
GALAXY_SOUNDS,GALAXY_SOUNDS_SOLAR_WINDS,5,True,9994,0.0029209457455221686,2,mid
GALAXY_SOUNDS,GALAXY_SOUNDS_SOLAR_FLAMES,1,True,9998,-0.011820151636437258,2,mid
GALAXY_SOUNDS,GALAXY_SOUNDS_SOLAR_FLAMES,2,True,9997,0.01886661428899372,2,mid
GALAXY_SOUNDS,GALAXY_SOUNDS_SOLAR_FLAMES,3,True,9996,-0.009273473736304385,2,mid
GALAXY_SOUNDS,GALAXY_SOUNDS_SOLAR_FLAMES,4,True,9995,0.016269523861048026,2,mid
GALAXY_SOUNDS,GALAXY_SOUNDS_SOLAR_FLAMES,5,True,9994,0.0007616965769907209,2,mid
SLEEP_POD,SLEEP_POD_SUEDE,1,True,9998,0.004530175243626642,2,mid
SLEEP_POD,SLEEP_POD_SUEDE,2,True,9997,-0.008870097850113568,2,mid
SLEEP_POD,SLEEP_POD_SUEDE,3,True,9996,0.0016189849964778397,2,mid
SLEEP_POD,SLEEP_POD_SUEDE,4,True,9995,-0.0073075266544967285,2,mid
SLEEP_POD,SLEEP_POD_SUEDE,5,True,9994,0.018541146329633343,2,mid
SLEEP_POD,SLEEP_POD_LAMB_WOOL,1,True,9998,0.010355199620139545,2,mid
SLEEP_POD,SLEEP_POD_LAMB_WOOL,2,True,9997,-0.015499405119771105,2,mid
SLEEP_POD,SLEEP_POD_LAMB_WOOL,3,True,9996,-0.0007934628835590603,2,mid
SLEEP_POD,SLEEP_POD_LAMB_WOOL,4,True,9995,-0.008601184970737917,2,mid
SLEEP_POD,SLEEP_POD_LAMB_WOOL,5,True,9994,-0.006890165104158912,2,mid
SLEEP_POD,SLEEP_POD_POLYESTER,1,True,9998,-0.009515359411758333,2,mid
SLEEP_POD,SLEEP_POD_POLYESTER,2,True,9997,-0.007320424219780681,2,mid
SLEEP_POD,SLEEP_POD_POLYESTER,3,True,9996,-0.004692870827526766,2,mid
SLEEP_POD,SLEEP_POD_POLYESTER,4,True,9995,0.0026187945110390234,2,mid
SLEEP_POD,SLEEP_POD_POLYESTER,5,True,9994,0.006464246177440953,2,mid
SLEEP_POD,SLEEP_POD_NYLON,1,True,9998,-0.0035871012651123115,2,mid
SLEEP_POD,SLEEP_POD_NYLON,2,True,9997,0.00040771097985237376,2,mid
SLEEP_POD,SLEEP_POD_NYLON,3,True,9996,-0.005320858178072106,2,mid
SLEEP_POD,SLEEP_POD_NYLON,4,True,9995,0.0028502761536364405,2,mid
SLEEP_POD,SLEEP_POD_NYLON,5,True,9994,-0.0010502516956892951,2,mid
SLEEP_POD,SLEEP_POD_COTTON,1,True,9998,-0.0026206997217954947,2,mid
SLEEP_POD,SLEEP_POD_COTTON,2,True,9997,-0.012861044738313917,2,mid
SLEEP_POD,SLEEP_POD_COTTON,3,True,9996,-0.0008513485340704959,2,mid
SLEEP_POD,SLEEP_POD_COTTON,4,True,9995,0.016581362380996962,2,mid
SLEEP_POD,SLEEP_POD_COTTON,5,True,9994,0.021727719824570387,2,mid
MICROCHIP,MICROCHIP_CIRCLE,1,True,9998,-0.012200076894910806,2,mid
MICROCHIP,MICROCHIP_CIRCLE,2,True,9997,-0.008818507629428573,2,mid
MICROCHIP,MICROCHIP_CIRCLE,3,True,9996,0.015216765607597682,2,mid
MICROCHIP,MICROCHIP_CIRCLE,4,True,9995,0.014445562805353378,2,mid
MICROCHIP,MICROCHIP_CIRCLE,5,True,9994,0.001148873136629573,2,mid
MICROCHIP,MICROCHIP_OVAL,1,True,9998,0.006306789502011362,2,mid
MICROCHIP,MICROCHIP_OVAL,2,True,9997,-0.004666065883967405,2,mid
MICROCHIP,MICROCHIP_OVAL,3,True,9996,-0.0027297015957281063,2,mid
MICROCHIP,MICROCHIP_OVAL,4,True,9995,0.003243563161533638,2,mid
MICROCHIP,MICROCHIP_OVAL,5,True,9994,0.005673448439958987,2,mid
MICROCHIP,MICROCHIP_SQUARE,1,True,9998,0.0026367778277718293,2,mid
MICROCHIP,MICROCHIP_SQUARE,2,True,9997,0.007198775398551376,2,mid
MICROCHIP,MICROCHIP_SQUARE,3,True,9996,0.000670229307214607,2,mid
MICROCHIP,MICROCHIP_SQUARE,4,True,9995,0.0001746540489486067,2,mid
MICROCHIP,MICROCHIP_SQUARE,5,True,9994,0.003668793712092228,2,mid
MICROCHIP,MICROCHIP_RECTANGLE,1,True,9998,-0.01401605575057073,2,mid
MICROCHIP,MICROCHIP_RECTANGLE,2,True,9997,0.017150122050905495,2,mid
MICROCHIP,MICROCHIP_RECTANGLE,3,True,9996,0.004856506192593662,2,mid
MICROCHIP,MICROCHIP_RECTANGLE,4,True,9995,0.002559383173576629,2,mid
MICROCHIP,MICROCHIP_RECTANGLE,5,True,9994,0.009040594975654334,2,mid
MICROCHIP,MICROCHIP_TRIANGLE,1,True,9998,-0.01643247464149591,2,mid
MICROCHIP,MICROCHIP_TRIANGLE,2,True,9997,0.01756046010621028,2,mid
MICROCHIP,MICROCHIP_TRIANGLE,3,True,9996,-0.012275357636880901,2,mid
MICROCHIP,MICROCHIP_TRIANGLE,4,True,9995,0.000569908717714295,2,mid
MICROCHIP,MICROCHIP_TRIANGLE,5,True,9994,0.0020803008568703605,2,mid
PEBBLES,PEBBLES_XS,1,True,9998,0.006577440573225353,2,mid
PEBBLES,PEBBLES_XS,2,True,9997,-0.011284165890078421,2,mid
PEBBLES,PEBBLES_XS,3,True,9996,0.00039159470100506264,2,mid
PEBBLES,PEBBLES_XS,4,True,9995,0.003793389706039829,2,mid
PEBBLES,PEBBLES_XS,5,True,9994,-0.0107654754248292,2,mid
PEBBLES,PEBBLES_S,1,True,9998,-0.022314714256754457,2,mid
PEBBLES,PEBBLES_S,2,True,9997,0.011007517697953469,2,mid
PEBBLES,PEBBLES_S,3,True,9996,0.029495424352064675,2,mid
PEBBLES,PEBBLES_S,4,True,9995,-1.562787247481725e-05,2,mid
PEBBLES,PEBBLES_S,5,True,9994,-0.0027135392216728928,2,mid
PEBBLES,PEBBLES_M,1,True,9998,-0.005389036596695598,2,mid
PEBBLES,PEBBLES_M,2,True,9997,-0.003868360880598372,2,mid
PEBBLES,PEBBLES_M,3,True,9996,0.0017132537603362361,2,mid
PEBBLES,PEBBLES_M,4,True,9995,-0.0004988850560035394,2,mid
PEBBLES,PEBBLES_M,5,True,9994,-0.0032422783941483575,2,mid
PEBBLES,PEBBLES_L,1,True,9998,-0.011914443109142681,2,mid
PEBBLES,PEBBLES_L,2,True,9997,0.0060386161430635065,2,mid
PEBBLES,PEBBLES_L,3,True,9996,0.0028248795386171485,2,mid
PEBBLES,PEBBLES_L,4,True,9995,-0.0040571341083426565,2,mid
PEBBLES,PEBBLES_L,5,True,9994,0.0043164759482572064,2,mid
PEBBLES,PEBBLES_XL,1,True,9998,-0.0035008399383681084,2,mid
PEBBLES,PEBBLES_XL,2,True,9997,0.0006818354893489499,2,mid
PEBBLES,PEBBLES_XL,3,True,9996,0.0033314761231657553,2,mid
PEBBLES,PEBBLES_XL,4,True,9995,0.015118617597402228,2,mid
PEBBLES,PEBBLES_XL,5,True,9994,-0.02375494004239525,2,mid
ROBOT,ROBOT_VACUUMING,1,True,9998,0.009067050764764597,2,mid
ROBOT,ROBOT_VACUUMING,2,True,9997,0.01525474251713496,2,mid
ROBOT,ROBOT_VACUUMING,3,True,9996,0.0042422191595299944,2,mid
ROBOT,ROBOT_VACUUMING,4,True,9995,0.004215379685413125,2,mid
ROBOT,ROBOT_VACUUMING,5,True,9994,0.013702248034795965,2,mid
ROBOT,ROBOT_MOPPING,1,True,9998,0.002406762461500828,2,mid
ROBOT,ROBOT_MOPPING,2,True,9997,0.00019475021548141487,2,mid
ROBOT,ROBOT_MOPPING,3,True,9996,0.006212883571954726,2,mid
ROBOT,ROBOT_MOPPING,4,True,9995,-0.0023322767068810427,2,mid
ROBOT,ROBOT_MOPPING,5,True,9994,-0.003919435499710767,2,mid
ROBOT,ROBOT_DISHES,1,True,9998,-0.004430261925564324,2,mid
ROBOT,ROBOT_DISHES,2,True,9997,0.022516700040241002,2,mid
ROBOT,ROBOT_DISHES,3,True,9996,-0.004654908426118029,2,mid
ROBOT,ROBOT_DISHES,4,True,9995,0.0019024588962399502,2,mid
ROBOT,ROBOT_DISHES,5,True,9994,-0.014004049764545003,2,mid
ROBOT,ROBOT_LAUNDRY,1,True,9998,-0.01597973043658042,2,mid
ROBOT,ROBOT_LAUNDRY,2,True,9997,-0.006841336460614674,2,mid
ROBOT,ROBOT_LAUNDRY,3,True,9996,-0.0005359422040909495,2,mid
ROBOT,ROBOT_LAUNDRY,4,True,9995,0.016489596350492262,2,mid
ROBOT,ROBOT_LAUNDRY,5,True,9994,-0.011021922994620603,2,mid
ROBOT,ROBOT_IRONING,1,True,9998,-0.010194557978676367,2,mid
ROBOT,ROBOT_IRONING,2,True,9997,0.005900385056731186,2,mid
ROBOT,ROBOT_IRONING,3,True,9996,-0.0056309642811383275,2,mid
ROBOT,ROBOT_IRONING,4,True,9995,0.007715612891887788,2,mid
ROBOT,ROBOT_IRONING,5,True,9994,0.006388337953828551,2,mid
UV_VISOR,UV_VISOR_AMBER,1,True,9998,-0.00683317858124947,2,mid
UV_VISOR,UV_VISOR_AMBER,2,True,9997,-0.0032211895783583687,2,mid
UV_VISOR,UV_VISOR_AMBER,3,True,9996,0.02411195251875593,2,mid
UV_VISOR,UV_VISOR_AMBER,4,True,9995,-0.005958725732010464,2,mid
UV_VISOR,UV_VISOR_AMBER,5,True,9994,-0.001696638850011023,2,mid
UV_VISOR,UV_VISOR_MAGENTA,1,True,9998,-0.00994882104864607,2,mid
UV_VISOR,UV_VISOR_MAGENTA,2,True,9997,-0.004708729287085802,2,mid
UV_VISOR,UV_VISOR_MAGENTA,3,True,9996,-0.009814049300932002,2,mid
UV_VISOR,UV_VISOR_MAGENTA,4,True,9995,0.01728783394326248,2,mid
UV_VISOR,UV_VISOR_MAGENTA,5,True,9994,-0.0008664467822746834,2,mid
UV_VISOR,UV_VISOR_ORANGE,1,True,9998,-0.00037237981180768975,2,mid
UV_VISOR,UV_VISOR_ORANGE,2,True,9997,-0.0038164267950179212,2,mid
UV_VISOR,UV_VISOR_ORANGE,3,True,9996,-0.00799249380969401,2,mid
UV_VISOR,UV_VISOR_ORANGE,4,True,9995,-0.006097111933492141,2,mid
UV_VISOR,UV_VISOR_ORANGE,5,True,9994,-0.004413355960568841,2,mid
UV_VISOR,UV_VISOR_RED,1,True,9998,-0.01671848746861981,2,mid
UV_VISOR,UV_VISOR_RED,2,True,9997,-0.0045972844654957445,2,mid
UV_VISOR,UV_VISOR_RED,3,True,9996,-0.017388060847621716,2,mid
UV_VISOR,UV_VISOR_RED,4,True,9995,0.011811225534076144,2,mid
UV_VISOR,UV_VISOR_RED,5,True,9994,0.0001850130443291522,2,mid
UV_VISOR,UV_VISOR_YELLOW,1,True,9998,-0.005689850642318886,2,mid
UV_VISOR,UV_VISOR_YELLOW,2,True,9997,-0.0037525465165703974,2,mid
UV_VISOR,UV_VISOR_YELLOW,3,True,9996,0.0034165203233983057,2,mid
UV_VISOR,UV_VISOR_YELLOW,4,True,9995,-0.0053318640591071085,2,mid
UV_VISOR,UV_VISOR_YELLOW,5,True,9994,-0.004111197288314242,2,mid
TRANSLATOR,TRANSLATOR_ASTRO_BLACK,1,True,9998,0.010641094962530226,2,mid
TRANSLATOR,TRANSLATOR_ASTRO_BLACK,2,True,9997,-0.005944501474710655,2,mid
TRANSLATOR,TRANSLATOR_ASTRO_BLACK,3,True,9996,0.028121709380652272,2,mid
TRANSLATOR,TRANSLATOR_ASTRO_BLACK,4,True,9995,0.02728022255003435,2,mid
TRANSLATOR,TRANSLATOR_ASTRO_BLACK,5,True,9994,0.005679838850986775,2,mid
TRANSLATOR,TRANSLATOR_ECLIPSE_CHARCOAL,1,True,9998,0.0017826830521207114,2,mid
TRANSLATOR,TRANSLATOR_ECLIPSE_CHARCOAL,2,True,9997,0.005286924414035554,2,mid
TRANSLATOR,TRANSLATOR_ECLIPSE_CHARCOAL,3,True,9996,0.0037393609003873508,2,mid
TRANSLATOR,TRANSLATOR_ECLIPSE_CHARCOAL,4,True,9995,-0.0006909842910253165,2,mid
TRANSLATOR,TRANSLATOR_ECLIPSE_CHARCOAL,5,True,9994,0.003629057364875298,2,mid
TRANSLATOR,TRANSLATOR_GRAPHITE_MIST,1,True,9998,0.002174867367734956,2,mid
TRANSLATOR,TRANSLATOR_GRAPHITE_MIST,2,True,9997,0.007584206924021515,2,mid
TRANSLATOR,TRANSLATOR_GRAPHITE_MIST,3,True,9996,-0.004468830783441582,2,mid
TRANSLATOR,TRANSLATOR_GRAPHITE_MIST,4,True,9995,0.0016499119061752666,2,mid
TRANSLATOR,TRANSLATOR_GRAPHITE_MIST,5,True,9994,0.005774723005329476,2,mid
TRANSLATOR,TRANSLATOR_SPACE_GRAY,1,True,9998,-0.003589170897800724,2,mid
TRANSLATOR,TRANSLATOR_SPACE_GRAY,2,True,9997,-0.005510204712432301,2,mid
TRANSLATOR,TRANSLATOR_SPACE_GRAY,3,True,9996,-0.0076534321370973725,2,mid
TRANSLATOR,TRANSLATOR_SPACE_GRAY,4,True,9995,-0.0030357579649041215,2,mid
TRANSLATOR,TRANSLATOR_SPACE_GRAY,5,True,9994,0.005771997486586616,2,mid
TRANSLATOR,TRANSLATOR_VOID_BLUE,1,True,9998,-0.0028320232371379524,2,mid
TRANSLATOR,TRANSLATOR_VOID_BLUE,2,True,9997,0.005356778312842741,2,mid
TRANSLATOR,TRANSLATOR_VOID_BLUE,3,True,9996,0.012336386975196683,2,mid
TRANSLATOR,TRANSLATOR_VOID_BLUE,4,True,9995,-0.009162244394174238,2,mid
TRANSLATOR,TRANSLATOR_VOID_BLUE,5,True,9994,0.008742098298741192,2,mid
PANEL,PANEL_1X2,1,True,9998,0.015141809460985572,2,mid
PANEL,PANEL_1X2,2,True,9997,-0.003041153501966267,2,mid
PANEL,PANEL_1X2,3,True,9996,0.018602170678639063,2,mid
PANEL,PANEL_1X2,4,True,9995,0.014358464921986114,2,mid
PANEL,PANEL_1X2,5,True,9994,-0.003689988679471805,2,mid
PANEL,PANEL_1X4,1,True,9998,-0.009006145174309716,2,mid
PANEL,PANEL_1X4,2,True,9997,-0.0069457710830561304,2,mid
PANEL,PANEL_1X4,3,True,9996,0.026099094590081987,2,mid
PANEL,PANEL_1X4,4,True,9995,-0.0027049296063315163,2,mid
PANEL,PANEL_1X4,5,True,9994,0.007432125666119157,2,mid
PANEL,PANEL_2X2,1,True,9998,-0.006690693782594224,2,mid
PANEL,PANEL_2X2,2,True,9997,-0.007984887860781767,2,mid
PANEL,PANEL_2X2,3,True,9996,-0.0022164177000811654,2,mid
PANEL,PANEL_2X2,4,True,9995,-0.0010954686638558159,2,mid
PANEL,PANEL_2X2,5,True,9994,-0.02218912752257768,2,mid
PANEL,PANEL_2X4,1,True,9998,-0.00971672305591691,2,mid
PANEL,PANEL_2X4,2,True,9997,-0.0009206799935796471,2,mid
PANEL,PANEL_2X4,3,True,9996,0.0075147174128002625,2,mid
PANEL,PANEL_2X4,4,True,9995,-0.008783573912527567,2,mid
PANEL,PANEL_2X4,5,True,9994,0.006308173305480228,2,mid
PANEL,PANEL_4X4,1,True,9998,0.011856892781051427,2,mid
PANEL,PANEL_4X4,2,True,9997,0.0010639572421628277,2,mid
PANEL,PANEL_4X4,3,True,9996,0.0034405245173320265,2,mid
PANEL,PANEL_4X4,4,True,9995,0.0032491538286938144,2,mid
PANEL,PANEL_4X4,5,True,9994,0.007911946033117685,2,mid
OXYGEN_SHAKE,OXYGEN_SHAKE_CHOCOLATE,1,True,9998,0.005747620767300619,2,mid
OXYGEN_SHAKE,OXYGEN_SHAKE_CHOCOLATE,2,True,9997,-0.005994207949998019,2,mid
OXYGEN_SHAKE,OXYGEN_SHAKE_CHOCOLATE,3,True,9996,0.003769783242430605,2,mid
OXYGEN_SHAKE,OXYGEN_SHAKE_CHOCOLATE,4,True,9995,0.005059781842891735,2,mid
OXYGEN_SHAKE,OXYGEN_SHAKE_CHOCOLATE,5,True,9994,-0.0025440329257614457,2,mid
OXYGEN_SHAKE,OXYGEN_SHAKE_MINT,1,True,9998,0.0028922282191363117,2,mid
OXYGEN_SHAKE,OXYGEN_SHAKE_MINT,2,True,9997,0.004925228106769291,2,mid
OXYGEN_SHAKE,OXYGEN_SHAKE_MINT,3,True,9996,-0.00991911410293998,2,mid
OXYGEN_SHAKE,OXYGEN_SHAKE_MINT,4,True,9995,-0.010585263366577004,2,mid
OXYGEN_SHAKE,OXYGEN_SHAKE_MINT,5,True,9994,-0.002891967603188496,2,mid
OXYGEN_SHAKE,OXYGEN_SHAKE_GARLIC,1,True,9998,-0.009613551936130681,2,mid
OXYGEN_SHAKE,OXYGEN_SHAKE_GARLIC,2,True,9997,0.010873053705773543,2,mid
OXYGEN_SHAKE,OXYGEN_SHAKE_GARLIC,3,True,9996,0.005893305389682759,2,mid
OXYGEN_SHAKE,OXYGEN_SHAKE_GARLIC,4,True,9995,-0.007916500733128712,2,mid
OXYGEN_SHAKE,OXYGEN_SHAKE_GARLIC,5,True,9994,0.011732105890791537,2,mid
OXYGEN_SHAKE,OXYGEN_SHAKE_MORNING_BREATH,1,True,9998,0.014146792693707465,2,mid
OXYGEN_SHAKE,OXYGEN_SHAKE_MORNING_BREATH,2,True,9997,0.015253910897750834,2,mid
OXYGEN_SHAKE,OXYGEN_SHAKE_MORNING_BREATH,3,True,9996,0.0037237629375296774,2,mid
OXYGEN_SHAKE,OXYGEN_SHAKE_MORNING_BREATH,4,True,9995,0.00021294418684796357,2,mid
OXYGEN_SHAKE,OXYGEN_SHAKE_MORNING_BREATH,5,True,9994,-0.026257385002339637,2,mid
OXYGEN_SHAKE,OXYGEN_SHAKE_EVENING_BREATH,1,True,9998,-0.016637324834437334,2,mid
OXYGEN_SHAKE,OXYGEN_SHAKE_EVENING_BREATH,2,True,9997,-0.01198785222186277,2,mid
OXYGEN_SHAKE,OXYGEN_SHAKE_EVENING_BREATH,3,True,9996,0.025018125379487367,2,mid
OXYGEN_SHAKE,OXYGEN_SHAKE_EVENING_BREATH,4,True,9995,0.010378495879801188,2,mid
OXYGEN_SHAKE,OXYGEN_SHAKE_EVENING_BREATH,5,True,9994,-0.018410137490929703,2,mid
SNACKPACK,SNACKPACK_CHOCOLATE,1,True,9998,-0.02947061565771964,2,mid
SNACKPACK,SNACKPACK_CHOCOLATE,2,True,9997,0.0020411079471952826,2,mid
SNACKPACK,SNACKPACK_CHOCOLATE,3,True,9996,-0.009685481144683856,2,mid
SNACKPACK,SNACKPACK_CHOCOLATE,4,True,9995,-0.005093269773593465,2,mid
SNACKPACK,SNACKPACK_CHOCOLATE,5,True,9994,0.002346550777171284,2,mid
SNACKPACK,SNACKPACK_VANILLA,1,True,9998,-0.024787622415572905,2,mid
SNACKPACK,SNACKPACK_VANILLA,2,True,9997,-0.0008758161253426077,2,mid
SNACKPACK,SNACKPACK_VANILLA,3,True,9996,0.0014338578249504968,2,mid
SNACKPACK,SNACKPACK_VANILLA,4,True,9995,0.0034339854163754533,2,mid
SNACKPACK,SNACKPACK_VANILLA,5,True,9994,-0.006562023223396744,2,mid
SNACKPACK,SNACKPACK_RASPBERRY,1,True,9998,-0.010750200313207973,2,mid
SNACKPACK,SNACKPACK_RASPBERRY,2,True,9997,-0.010622166796502014,2,mid
SNACKPACK,SNACKPACK_RASPBERRY,3,True,9996,0.0012118997362840762,2,mid
SNACKPACK,SNACKPACK_RASPBERRY,4,True,9995,-0.0038295080566484547,2,mid
SNACKPACK,SNACKPACK_RASPBERRY,5,True,9994,-0.0031425543271325477,2,mid
SNACKPACK,SNACKPACK_STRAWBERRY,1,True,9998,-0.06104310472268197,2,mid
SNACKPACK,SNACKPACK_STRAWBERRY,2,True,9997,0.0006368184958588165,2,mid
SNACKPACK,SNACKPACK_STRAWBERRY,3,True,9996,0.0013056140799501546,2,mid
SNACKPACK,SNACKPACK_STRAWBERRY,4,True,9995,-0.004219779387763026,2,mid
SNACKPACK,SNACKPACK_STRAWBERRY,5,True,9994,0.008073481848063644,2,mid
SNACKPACK,SNACKPACK_PISTACHIO,1,True,9998,-0.09663779029228406,2,mid
SNACKPACK,SNACKPACK_PISTACHIO,2,True,9997,0.002137823948848187,2,mid
SNACKPACK,SNACKPACK_PISTACHIO,3,True,9996,0.00852542101882963,2,mid
SNACKPACK,SNACKPACK_PISTACHIO,4,True,9995,0.008830662342757721,2,mid
SNACKPACK,SNACKPACK_PISTACHIO,5,True,9994,0.004294126192297252,2,mid
GALAXY_SOUNDS,GALAXY_SOUNDS_DARK_MATTER,1,True,9998,-0.03156479793092696,3,mid
GALAXY_SOUNDS,GALAXY_SOUNDS_DARK_MATTER,2,True,9997,0.01402093803800592,3,mid
GALAXY_SOUNDS,GALAXY_SOUNDS_DARK_MATTER,3,True,9996,-0.005226325520965249,3,mid
GALAXY_SOUNDS,GALAXY_SOUNDS_DARK_MATTER,4,True,9995,0.00013015519543714638,3,mid
GALAXY_SOUNDS,GALAXY_SOUNDS_DARK_MATTER,5,True,9994,-0.011229323006099329,3,mid
GALAXY_SOUNDS,GALAXY_SOUNDS_BLACK_HOLES,1,True,9998,0.0015716050234782064,3,mid
GALAXY_SOUNDS,GALAXY_SOUNDS_BLACK_HOLES,2,True,9997,-0.013205922358630117,3,mid
GALAXY_SOUNDS,GALAXY_SOUNDS_BLACK_HOLES,3,True,9996,-0.009313671260992012,3,mid
GALAXY_SOUNDS,GALAXY_SOUNDS_BLACK_HOLES,4,True,9995,-0.006209060043925335,3,mid
GALAXY_SOUNDS,GALAXY_SOUNDS_BLACK_HOLES,5,True,9994,0.0005272781915523496,3,mid
GALAXY_SOUNDS,GALAXY_SOUNDS_PLANETARY_RINGS,1,True,9998,0.004625555738293164,3,mid
GALAXY_SOUNDS,GALAXY_SOUNDS_PLANETARY_RINGS,2,True,9997,-0.01523675248795247,3,mid
GALAXY_SOUNDS,GALAXY_SOUNDS_PLANETARY_RINGS,3,True,9996,-0.009458653269437367,3,mid
GALAXY_SOUNDS,GALAXY_SOUNDS_PLANETARY_RINGS,4,True,9995,-0.0023035519076954366,3,mid
GALAXY_SOUNDS,GALAXY_SOUNDS_PLANETARY_RINGS,5,True,9994,0.007496519495267423,3,mid
GALAXY_SOUNDS,GALAXY_SOUNDS_SOLAR_WINDS,1,True,9998,-0.01465527925445966,3,mid
GALAXY_SOUNDS,GALAXY_SOUNDS_SOLAR_WINDS,2,True,9997,0.003806658351156606,3,mid
GALAXY_SOUNDS,GALAXY_SOUNDS_SOLAR_WINDS,3,True,9996,-0.007559867100526312,3,mid
GALAXY_SOUNDS,GALAXY_SOUNDS_SOLAR_WINDS,4,True,9995,-0.0026977776372259445,3,mid
GALAXY_SOUNDS,GALAXY_SOUNDS_SOLAR_WINDS,5,True,9994,-0.00888980015966179,3,mid
GALAXY_SOUNDS,GALAXY_SOUNDS_SOLAR_FLAMES,1,True,9998,-0.009546760963304458,3,mid
GALAXY_SOUNDS,GALAXY_SOUNDS_SOLAR_FLAMES,2,True,9997,-0.024282720662355848,3,mid
GALAXY_SOUNDS,GALAXY_SOUNDS_SOLAR_FLAMES,3,True,9996,-0.007180269982588788,3,mid
GALAXY_SOUNDS,GALAXY_SOUNDS_SOLAR_FLAMES,4,True,9995,0.007078345108232628,3,mid
GALAXY_SOUNDS,GALAXY_SOUNDS_SOLAR_FLAMES,5,True,9994,0.004509759328561427,3,mid
SLEEP_POD,SLEEP_POD_SUEDE,1,True,9998,0.003851098344201355,3,mid
SLEEP_POD,SLEEP_POD_SUEDE,2,True,9997,0.0067122642530599705,3,mid
SLEEP_POD,SLEEP_POD_SUEDE,3,True,9996,0.002445747534556689,3,mid
SLEEP_POD,SLEEP_POD_SUEDE,4,True,9995,0.0002914180527656194,3,mid
SLEEP_POD,SLEEP_POD_SUEDE,5,True,9994,-0.0025206273226488825,3,mid
SLEEP_POD,SLEEP_POD_LAMB_WOOL,1,True,9998,-0.02400291688334559,3,mid
SLEEP_POD,SLEEP_POD_LAMB_WOOL,2,True,9997,-0.0036550303019218236,3,mid
SLEEP_POD,SLEEP_POD_LAMB_WOOL,3,True,9996,-0.009893483953234528,3,mid
SLEEP_POD,SLEEP_POD_LAMB_WOOL,4,True,9995,-0.006985872208060815,3,mid
SLEEP_POD,SLEEP_POD_LAMB_WOOL,5,True,9994,-0.005949483474608185,3,mid
SLEEP_POD,SLEEP_POD_POLYESTER,1,True,9998,0.008887199532550428,3,mid
SLEEP_POD,SLEEP_POD_POLYESTER,2,True,9997,0.011183394794820986,3,mid
SLEEP_POD,SLEEP_POD_POLYESTER,3,True,9996,0.0032489919519332953,3,mid
SLEEP_POD,SLEEP_POD_POLYESTER,4,True,9995,0.008732612005155743,3,mid
SLEEP_POD,SLEEP_POD_POLYESTER,5,True,9994,0.006963966991857342,3,mid
SLEEP_POD,SLEEP_POD_NYLON,1,True,9998,0.00017036615619758525,3,mid
SLEEP_POD,SLEEP_POD_NYLON,2,True,9997,0.0010341403710725332,3,mid
SLEEP_POD,SLEEP_POD_NYLON,3,True,9996,0.013085392417933153,3,mid
SLEEP_POD,SLEEP_POD_NYLON,4,True,9995,0.017891276833388235,3,mid
SLEEP_POD,SLEEP_POD_NYLON,5,True,9994,-0.000613163459328214,3,mid
SLEEP_POD,SLEEP_POD_COTTON,1,True,9998,0.022167734216569195,3,mid
SLEEP_POD,SLEEP_POD_COTTON,2,True,9997,-0.004170258051652362,3,mid
SLEEP_POD,SLEEP_POD_COTTON,3,True,9996,0.0048466329098439415,3,mid
SLEEP_POD,SLEEP_POD_COTTON,4,True,9995,0.013231706773782874,3,mid
SLEEP_POD,SLEEP_POD_COTTON,5,True,9994,0.02430608939898102,3,mid
MICROCHIP,MICROCHIP_CIRCLE,1,True,9998,-0.001487292133259793,3,mid
MICROCHIP,MICROCHIP_CIRCLE,2,True,9997,-0.001497436060804365,3,mid
MICROCHIP,MICROCHIP_CIRCLE,3,True,9996,0.004710184488049957,3,mid
MICROCHIP,MICROCHIP_CIRCLE,4,True,9995,-0.005083694334110643,3,mid
MICROCHIP,MICROCHIP_CIRCLE,5,True,9994,-0.010001797838193976,3,mid
MICROCHIP,MICROCHIP_OVAL,1,True,9998,-0.005469052276346866,3,mid
MICROCHIP,MICROCHIP_OVAL,2,True,9997,-0.0024910179092960233,3,mid
MICROCHIP,MICROCHIP_OVAL,3,True,9996,-0.0015287469179493442,3,mid
MICROCHIP,MICROCHIP_OVAL,4,True,9995,-0.015315650915330424,3,mid
MICROCHIP,MICROCHIP_OVAL,5,True,9994,0.00022962559388689182,3,mid
MICROCHIP,MICROCHIP_SQUARE,1,True,9998,0.00175234890811384,3,mid
MICROCHIP,MICROCHIP_SQUARE,2,True,9997,-0.0010935017503399089,3,mid
MICROCHIP,MICROCHIP_SQUARE,3,True,9996,0.0007104581585757567,3,mid
MICROCHIP,MICROCHIP_SQUARE,4,True,9995,-0.0051907970197534,3,mid
MICROCHIP,MICROCHIP_SQUARE,5,True,9994,-0.008968703426561371,3,mid
MICROCHIP,MICROCHIP_RECTANGLE,1,True,9998,-0.006884887516049142,3,mid
MICROCHIP,MICROCHIP_RECTANGLE,2,True,9997,-0.006661713028297964,3,mid
MICROCHIP,MICROCHIP_RECTANGLE,3,True,9996,-0.01090899934279136,3,mid
MICROCHIP,MICROCHIP_RECTANGLE,4,True,9995,0.009516746075594124,3,mid
MICROCHIP,MICROCHIP_RECTANGLE,5,True,9994,-0.003439894614017738,3,mid
MICROCHIP,MICROCHIP_TRIANGLE,1,True,9998,0.006079220623296045,3,mid
MICROCHIP,MICROCHIP_TRIANGLE,2,True,9997,-0.0037136485935565255,3,mid
MICROCHIP,MICROCHIP_TRIANGLE,3,True,9996,-0.005739464837760721,3,mid
MICROCHIP,MICROCHIP_TRIANGLE,4,True,9995,9.463378427808472e-05,3,mid
MICROCHIP,MICROCHIP_TRIANGLE,5,True,9994,0.0006856436728988551,3,mid
PEBBLES,PEBBLES_XS,1,True,9998,0.015257170482690041,3,mid
PEBBLES,PEBBLES_XS,2,True,9997,-0.006767149674860645,3,mid
PEBBLES,PEBBLES_XS,3,True,9996,-0.013236219693980674,3,mid
PEBBLES,PEBBLES_XS,4,True,9995,-0.0012734842698813153,3,mid
PEBBLES,PEBBLES_XS,5,True,9994,-0.01695841008874143,3,mid
PEBBLES,PEBBLES_S,1,True,9998,-0.0031027788425770503,3,mid
PEBBLES,PEBBLES_S,2,True,9997,-0.0063615814001614715,3,mid
PEBBLES,PEBBLES_S,3,True,9996,0.02308502048706821,3,mid
PEBBLES,PEBBLES_S,4,True,9995,0.013093022951956912,3,mid
PEBBLES,PEBBLES_S,5,True,9994,0.004738263896154213,3,mid
PEBBLES,PEBBLES_M,1,True,9998,0.007753040261014837,3,mid
PEBBLES,PEBBLES_M,2,True,9997,-0.008355321181678897,3,mid
PEBBLES,PEBBLES_M,3,True,9996,-0.0006409212475215412,3,mid
PEBBLES,PEBBLES_M,4,True,9995,0.01314286884864549,3,mid
PEBBLES,PEBBLES_M,5,True,9994,-0.013802549717948403,3,mid
PEBBLES,PEBBLES_L,1,True,9998,-0.007300492764451652,3,mid
PEBBLES,PEBBLES_L,2,True,9997,0.0026052364896025316,3,mid
PEBBLES,PEBBLES_L,3,True,9996,-0.00031281547515169347,3,mid
PEBBLES,PEBBLES_L,4,True,9995,0.0031004303684111704,3,mid
PEBBLES,PEBBLES_L,5,True,9994,0.01679670989022279,3,mid
PEBBLES,PEBBLES_XL,1,True,9998,-0.012387940051516722,3,mid
PEBBLES,PEBBLES_XL,2,True,9997,-0.004455742462373059,3,mid
PEBBLES,PEBBLES_XL,3,True,9996,-0.0035548538942648243,3,mid
PEBBLES,PEBBLES_XL,4,True,9995,-0.00616642625673672,3,mid
PEBBLES,PEBBLES_XL,5,True,9994,-0.01134083032645769,3,mid
ROBOT,ROBOT_VACUUMING,1,True,9998,-0.0010370060552865375,3,mid
ROBOT,ROBOT_VACUUMING,2,True,9997,0.019979952503347883,3,mid
ROBOT,ROBOT_VACUUMING,3,True,9996,-0.007122648312291451,3,mid
ROBOT,ROBOT_VACUUMING,4,True,9995,0.01933936633940992,3,mid
ROBOT,ROBOT_VACUUMING,5,True,9994,-0.0075985830949045746,3,mid
ROBOT,ROBOT_MOPPING,1,True,9998,-0.005248211693007961,3,mid
ROBOT,ROBOT_MOPPING,2,True,9997,0.0033893870970995196,3,mid
ROBOT,ROBOT_MOPPING,3,True,9996,-0.018624500130105803,3,mid
ROBOT,ROBOT_MOPPING,4,True,9995,-0.004033575524682135,3,mid
ROBOT,ROBOT_MOPPING,5,True,9994,0.011273144967603775,3,mid
ROBOT,ROBOT_DISHES,1,True,9998,-0.00022608314269565927,3,mid
ROBOT,ROBOT_DISHES,2,True,9997,-0.009131634243964393,3,mid
ROBOT,ROBOT_DISHES,3,True,9996,-0.022966463925740938,3,mid
ROBOT,ROBOT_DISHES,4,True,9995,-0.005981139278373291,3,mid
ROBOT,ROBOT_DISHES,5,True,9994,-0.006296623907150064,3,mid
ROBOT,ROBOT_LAUNDRY,1,True,9998,-0.012958441993496389,3,mid
ROBOT,ROBOT_LAUNDRY,2,True,9997,-0.005657613880139558,3,mid
ROBOT,ROBOT_LAUNDRY,3,True,9996,0.0037581420281137933,3,mid
ROBOT,ROBOT_LAUNDRY,4,True,9995,-0.014689157437973681,3,mid
ROBOT,ROBOT_LAUNDRY,5,True,9994,-0.004438765306465298,3,mid
ROBOT,ROBOT_IRONING,1,True,9998,0.007819463265092854,3,mid
ROBOT,ROBOT_IRONING,2,True,9997,-0.001450498781959623,3,mid
ROBOT,ROBOT_IRONING,3,True,9996,0.025125171855442052,3,mid
ROBOT,ROBOT_IRONING,4,True,9995,0.01046562612512755,3,mid
ROBOT,ROBOT_IRONING,5,True,9994,0.005644089457780425,3,mid
UV_VISOR,UV_VISOR_AMBER,1,True,9998,-0.012217431216898587,3,mid
UV_VISOR,UV_VISOR_AMBER,2,True,9997,0.014823189601627233,3,mid
UV_VISOR,UV_VISOR_AMBER,3,True,9996,-0.014815573623639585,3,mid
UV_VISOR,UV_VISOR_AMBER,4,True,9995,0.016606141794948577,3,mid
UV_VISOR,UV_VISOR_AMBER,5,True,9994,-0.022285252315702067,3,mid
UV_VISOR,UV_VISOR_MAGENTA,1,True,9998,-0.0047174124902300855,3,mid
UV_VISOR,UV_VISOR_MAGENTA,2,True,9997,0.013272844965305395,3,mid
UV_VISOR,UV_VISOR_MAGENTA,3,True,9996,-0.018097987130644116,3,mid
UV_VISOR,UV_VISOR_MAGENTA,4,True,9995,0.008468423655662227,3,mid
UV_VISOR,UV_VISOR_MAGENTA,5,True,9994,-0.0016071135554628611,3,mid
UV_VISOR,UV_VISOR_ORANGE,1,True,9998,-0.015009917404381712,3,mid
UV_VISOR,UV_VISOR_ORANGE,2,True,9997,-0.01394364071276307,3,mid
UV_VISOR,UV_VISOR_ORANGE,3,True,9996,0.014579194921692669,3,mid
UV_VISOR,UV_VISOR_ORANGE,4,True,9995,-0.00336734247289586,3,mid
UV_VISOR,UV_VISOR_ORANGE,5,True,9994,0.0010287855101918258,3,mid
UV_VISOR,UV_VISOR_RED,1,True,9998,-0.016452997091684598,3,mid
UV_VISOR,UV_VISOR_RED,2,True,9997,0.012597425543253958,3,mid
UV_VISOR,UV_VISOR_RED,3,True,9996,0.0007436513912224126,3,mid
UV_VISOR,UV_VISOR_RED,4,True,9995,0.00484971131384059,3,mid
UV_VISOR,UV_VISOR_RED,5,True,9994,0.00331726238020359,3,mid
UV_VISOR,UV_VISOR_YELLOW,1,True,9998,0.0030344088525046963,3,mid
UV_VISOR,UV_VISOR_YELLOW,2,True,9997,-0.0016050222701494182,3,mid
UV_VISOR,UV_VISOR_YELLOW,3,True,9996,-0.009986265982464736,3,mid
UV_VISOR,UV_VISOR_YELLOW,4,True,9995,0.00562227952525616,3,mid
UV_VISOR,UV_VISOR_YELLOW,5,True,9994,0.0145706861446694,3,mid
TRANSLATOR,TRANSLATOR_ASTRO_BLACK,1,True,9998,0.003477392649008099,3,mid
TRANSLATOR,TRANSLATOR_ASTRO_BLACK,2,True,9997,-0.0027833850368613844,3,mid
TRANSLATOR,TRANSLATOR_ASTRO_BLACK,3,True,9996,-0.020928702669520734,3,mid
TRANSLATOR,TRANSLATOR_ASTRO_BLACK,4,True,9995,0.011427281719024265,3,mid
TRANSLATOR,TRANSLATOR_ASTRO_BLACK,5,True,9994,-0.017273119257831992,3,mid
TRANSLATOR,TRANSLATOR_ECLIPSE_CHARCOAL,1,True,9998,0.01204587156257007,3,mid
TRANSLATOR,TRANSLATOR_ECLIPSE_CHARCOAL,2,True,9997,-0.005886728451194638,3,mid
TRANSLATOR,TRANSLATOR_ECLIPSE_CHARCOAL,3,True,9996,0.019156469795926372,3,mid
TRANSLATOR,TRANSLATOR_ECLIPSE_CHARCOAL,4,True,9995,0.002229511601894257,3,mid
TRANSLATOR,TRANSLATOR_ECLIPSE_CHARCOAL,5,True,9994,-0.006758738129353019,3,mid
TRANSLATOR,TRANSLATOR_GRAPHITE_MIST,1,True,9998,0.003314264753341878,3,mid
TRANSLATOR,TRANSLATOR_GRAPHITE_MIST,2,True,9997,-0.023670774934603872,3,mid
TRANSLATOR,TRANSLATOR_GRAPHITE_MIST,3,True,9996,-0.008829121914777674,3,mid
TRANSLATOR,TRANSLATOR_GRAPHITE_MIST,4,True,9995,0.01484865008790269,3,mid
TRANSLATOR,TRANSLATOR_GRAPHITE_MIST,5,True,9994,-0.023846684550552402,3,mid
TRANSLATOR,TRANSLATOR_SPACE_GRAY,1,True,9998,-0.019955969196883427,3,mid
TRANSLATOR,TRANSLATOR_SPACE_GRAY,2,True,9997,-0.009404483604894634,3,mid
TRANSLATOR,TRANSLATOR_SPACE_GRAY,3,True,9996,0.007779496033686673,3,mid
TRANSLATOR,TRANSLATOR_SPACE_GRAY,4,True,9995,0.0011454295520352167,3,mid
TRANSLATOR,TRANSLATOR_SPACE_GRAY,5,True,9994,0.005750318870380657,3,mid
TRANSLATOR,TRANSLATOR_VOID_BLUE,1,True,9998,0.005670702319415753,3,mid
TRANSLATOR,TRANSLATOR_VOID_BLUE,2,True,9997,-0.010489809845319484,3,mid
TRANSLATOR,TRANSLATOR_VOID_BLUE,3,True,9996,-0.018092646520803217,3,mid
TRANSLATOR,TRANSLATOR_VOID_BLUE,4,True,9995,-0.00016629959018106915,3,mid
TRANSLATOR,TRANSLATOR_VOID_BLUE,5,True,9994,0.001625589618868379,3,mid
PANEL,PANEL_1X2,1,True,9998,-0.019848735423906094,3,mid
PANEL,PANEL_1X2,2,True,9997,0.013922866046894872,3,mid
PANEL,PANEL_1X2,3,True,9996,-0.0054035387999645254,3,mid
PANEL,PANEL_1X2,4,True,9995,-0.021049215501151103,3,mid
PANEL,PANEL_1X2,5,True,9994,-0.005200179376387559,3,mid
PANEL,PANEL_1X4,1,True,9998,0.0031274811781845683,3,mid
PANEL,PANEL_1X4,2,True,9997,-0.005517458279056195,3,mid
PANEL,PANEL_1X4,3,True,9996,-0.013363720586435451,3,mid
PANEL,PANEL_1X4,4,True,9995,-0.016994371194211395,3,mid
PANEL,PANEL_1X4,5,True,9994,-0.006894688582817183,3,mid
PANEL,PANEL_2X2,1,True,9998,-0.0062062517836496325,3,mid
PANEL,PANEL_2X2,2,True,9997,-0.00513634187417001,3,mid
PANEL,PANEL_2X2,3,True,9996,0.0067808581285273,3,mid
PANEL,PANEL_2X2,4,True,9995,-0.020370768500018937,3,mid
PANEL,PANEL_2X2,5,True,9994,0.004928264912645815,3,mid
PANEL,PANEL_2X4,1,True,9998,-0.0017165546265586187,3,mid
PANEL,PANEL_2X4,2,True,9997,-0.0045182850442824305,3,mid
PANEL,PANEL_2X4,3,True,9996,0.0062320650182038145,3,mid
PANEL,PANEL_2X4,4,True,9995,0.00018406248205147816,3,mid
PANEL,PANEL_2X4,5,True,9994,0.011224675994486127,3,mid
PANEL,PANEL_4X4,1,True,9998,-0.016803114431697394,3,mid
PANEL,PANEL_4X4,2,True,9997,0.010790797172659811,3,mid
PANEL,PANEL_4X4,3,True,9996,0.006094574026815446,3,mid
PANEL,PANEL_4X4,4,True,9995,0.012799980352981381,3,mid
PANEL,PANEL_4X4,5,True,9994,0.0038013707922506645,3,mid
OXYGEN_SHAKE,OXYGEN_SHAKE_CHOCOLATE,1,True,9998,-0.01182174227550933,3,mid
OXYGEN_SHAKE,OXYGEN_SHAKE_CHOCOLATE,2,True,9997,-0.005338814015480602,3,mid
OXYGEN_SHAKE,OXYGEN_SHAKE_CHOCOLATE,3,True,9996,-0.006682075502007128,3,mid
OXYGEN_SHAKE,OXYGEN_SHAKE_CHOCOLATE,4,True,9995,0.007850351131346113,3,mid
OXYGEN_SHAKE,OXYGEN_SHAKE_CHOCOLATE,5,True,9994,0.00026779585473882527,3,mid
OXYGEN_SHAKE,OXYGEN_SHAKE_MINT,1,True,9998,-0.010340278517174208,3,mid
OXYGEN_SHAKE,OXYGEN_SHAKE_MINT,2,True,9997,-0.00540568398939196,3,mid
OXYGEN_SHAKE,OXYGEN_SHAKE_MINT,3,True,9996,-0.011596457549021064,3,mid
OXYGEN_SHAKE,OXYGEN_SHAKE_MINT,4,True,9995,0.015011919760205916,3,mid
OXYGEN_SHAKE,OXYGEN_SHAKE_MINT,5,True,9994,0.00538367247676291,3,mid
OXYGEN_SHAKE,OXYGEN_SHAKE_GARLIC,1,True,9998,-0.00720217404131189,3,mid
OXYGEN_SHAKE,OXYGEN_SHAKE_GARLIC,2,True,9997,-0.006509782362162835,3,mid
OXYGEN_SHAKE,OXYGEN_SHAKE_GARLIC,3,True,9996,0.005058443027395423,3,mid
OXYGEN_SHAKE,OXYGEN_SHAKE_GARLIC,4,True,9995,-0.0025556624829962188,3,mid
OXYGEN_SHAKE,OXYGEN_SHAKE_GARLIC,5,True,9994,-0.0035515817483315433,3,mid
OXYGEN_SHAKE,OXYGEN_SHAKE_MORNING_BREATH,1,True,9998,0.009884775312579086,3,mid
OXYGEN_SHAKE,OXYGEN_SHAKE_MORNING_BREATH,2,True,9997,-0.009179915571036784,3,mid
OXYGEN_SHAKE,OXYGEN_SHAKE_MORNING_BREATH,3,True,9996,-0.020652959994673974,3,mid
OXYGEN_SHAKE,OXYGEN_SHAKE_MORNING_BREATH,4,True,9995,-0.00945021443191276,3,mid
OXYGEN_SHAKE,OXYGEN_SHAKE_MORNING_BREATH,5,True,9994,0.003454171490653662,3,mid
OXYGEN_SHAKE,OXYGEN_SHAKE_EVENING_BREATH,1,True,9998,-0.005572860530189121,3,mid
OXYGEN_SHAKE,OXYGEN_SHAKE_EVENING_BREATH,2,True,9997,-0.015998618464327645,3,mid
OXYGEN_SHAKE,OXYGEN_SHAKE_EVENING_BREATH,3,True,9996,-0.013637218858922434,3,mid
OXYGEN_SHAKE,OXYGEN_SHAKE_EVENING_BREATH,4,True,9995,-0.0006841925796449996,3,mid
OXYGEN_SHAKE,OXYGEN_SHAKE_EVENING_BREATH,5,True,9994,-0.013472655015489315,3,mid
SNACKPACK,SNACKPACK_CHOCOLATE,1,True,9998,-0.017458693002657705,3,mid
SNACKPACK,SNACKPACK_CHOCOLATE,2,True,9997,-0.0021499105074158625,3,mid
SNACKPACK,SNACKPACK_CHOCOLATE,3,True,9996,0.013451123490148197,3,mid
SNACKPACK,SNACKPACK_CHOCOLATE,4,True,9995,0.0022161368105293212,3,mid
SNACKPACK,SNACKPACK_CHOCOLATE,5,True,9994,-0.016563869656278086,3,mid
SNACKPACK,SNACKPACK_VANILLA,1,True,9998,-0.032617599322874995,3,mid
SNACKPACK,SNACKPACK_VANILLA,2,True,9997,-0.01019736053198309,3,mid
SNACKPACK,SNACKPACK_VANILLA,3,True,9996,0.013996399738263377,3,mid
SNACKPACK,SNACKPACK_VANILLA,4,True,9995,-0.00962456344187439,3,mid
SNACKPACK,SNACKPACK_VANILLA,5,True,9994,0.0089908481405896,3,mid
SNACKPACK,SNACKPACK_RASPBERRY,1,True,9998,-0.020130682902451385,3,mid
SNACKPACK,SNACKPACK_RASPBERRY,2,True,9997,-0.021190569785721473,3,mid
SNACKPACK,SNACKPACK_RASPBERRY,3,True,9996,-0.0025013774879988587,3,mid
SNACKPACK,SNACKPACK_RASPBERRY,4,True,9995,-0.0031281844010801847,3,mid
SNACKPACK,SNACKPACK_RASPBERRY,5,True,9994,-0.004344938217899074,3,mid
SNACKPACK,SNACKPACK_STRAWBERRY,1,True,9998,-0.03392135807365946,3,mid
SNACKPACK,SNACKPACK_STRAWBERRY,2,True,9997,0.004090744795935291,3,mid
SNACKPACK,SNACKPACK_STRAWBERRY,3,True,9996,-0.0059311353628084,3,mid
SNACKPACK,SNACKPACK_STRAWBERRY,4,True,9995,0.0004319874553503245,3,mid
SNACKPACK,SNACKPACK_STRAWBERRY,5,True,9994,-0.0013097462533070944,3,mid
SNACKPACK,SNACKPACK_PISTACHIO,1,True,9998,-0.07517967621407333,3,mid
SNACKPACK,SNACKPACK_PISTACHIO,2,True,9997,0.0034291584405892798,3,mid
SNACKPACK,SNACKPACK_PISTACHIO,3,True,9996,-0.01968185574044731,3,mid
SNACKPACK,SNACKPACK_PISTACHIO,4,True,9995,0.00817785345874998,3,mid
SNACKPACK,SNACKPACK_PISTACHIO,5,True,9994,-0.005014889291296368,3,mid
GALAXY_SOUNDS,GALAXY_SOUNDS_DARK_MATTER,1,True,9998,-0.0005837048645697099,4,mid
GALAXY_SOUNDS,GALAXY_SOUNDS_DARK_MATTER,2,True,9997,-0.01055125671409144,4,mid
GALAXY_SOUNDS,GALAXY_SOUNDS_DARK_MATTER,3,True,9996,-0.007847876057482838,4,mid
GALAXY_SOUNDS,GALAXY_SOUNDS_DARK_MATTER,4,True,9995,-0.004060047189208787,4,mid
GALAXY_SOUNDS,GALAXY_SOUNDS_DARK_MATTER,5,True,9994,-0.026133329726299316,4,mid
GALAXY_SOUNDS,GALAXY_SOUNDS_BLACK_HOLES,1,True,9998,-0.009779247448052066,4,mid
GALAXY_SOUNDS,GALAXY_SOUNDS_BLACK_HOLES,2,True,9997,0.014876634309273017,4,mid
GALAXY_SOUNDS,GALAXY_SOUNDS_BLACK_HOLES,3,True,9996,0.00968439866989964,4,mid
GALAXY_SOUNDS,GALAXY_SOUNDS_BLACK_HOLES,4,True,9995,0.006027041030145159,4,mid
GALAXY_SOUNDS,GALAXY_SOUNDS_BLACK_HOLES,5,True,9994,0.00698605433247281,4,mid
GALAXY_SOUNDS,GALAXY_SOUNDS_PLANETARY_RINGS,1,True,9998,-0.006122304787023158,4,mid
GALAXY_SOUNDS,GALAXY_SOUNDS_PLANETARY_RINGS,2,True,9997,0.004042863590540954,4,mid
GALAXY_SOUNDS,GALAXY_SOUNDS_PLANETARY_RINGS,3,True,9996,0.0030116086951043446,4,mid
GALAXY_SOUNDS,GALAXY_SOUNDS_PLANETARY_RINGS,4,True,9995,-0.008643120164488064,4,mid
GALAXY_SOUNDS,GALAXY_SOUNDS_PLANETARY_RINGS,5,True,9994,0.007040319001033617,4,mid
GALAXY_SOUNDS,GALAXY_SOUNDS_SOLAR_WINDS,1,True,9998,0.006121514417821575,4,mid
GALAXY_SOUNDS,GALAXY_SOUNDS_SOLAR_WINDS,2,True,9997,-0.001143234960478446,4,mid
GALAXY_SOUNDS,GALAXY_SOUNDS_SOLAR_WINDS,3,True,9996,-0.007554249620857538,4,mid
GALAXY_SOUNDS,GALAXY_SOUNDS_SOLAR_WINDS,4,True,9995,-0.019149023860692345,4,mid
GALAXY_SOUNDS,GALAXY_SOUNDS_SOLAR_WINDS,5,True,9994,-0.014159242578345216,4,mid
GALAXY_SOUNDS,GALAXY_SOUNDS_SOLAR_FLAMES,1,True,9998,0.021663333068653274,4,mid
GALAXY_SOUNDS,GALAXY_SOUNDS_SOLAR_FLAMES,2,True,9997,-0.008049757037717589,4,mid
GALAXY_SOUNDS,GALAXY_SOUNDS_SOLAR_FLAMES,3,True,9996,0.0056146584380570175,4,mid
GALAXY_SOUNDS,GALAXY_SOUNDS_SOLAR_FLAMES,4,True,9995,-0.0001419972263861124,4,mid
GALAXY_SOUNDS,GALAXY_SOUNDS_SOLAR_FLAMES,5,True,9994,0.01162759229569782,4,mid
SLEEP_POD,SLEEP_POD_SUEDE,1,True,9998,0.018245786380273785,4,mid
SLEEP_POD,SLEEP_POD_SUEDE,2,True,9997,0.014894709041705943,4,mid
SLEEP_POD,SLEEP_POD_SUEDE,3,True,9996,-0.001582697593445348,4,mid
SLEEP_POD,SLEEP_POD_SUEDE,4,True,9995,-0.00659427255063142,4,mid
SLEEP_POD,SLEEP_POD_SUEDE,5,True,9994,0.00793174649909445,4,mid
SLEEP_POD,SLEEP_POD_LAMB_WOOL,1,True,9998,-0.0034655276952760545,4,mid
SLEEP_POD,SLEEP_POD_LAMB_WOOL,2,True,9997,-0.006825989722267196,4,mid
SLEEP_POD,SLEEP_POD_LAMB_WOOL,3,True,9996,-0.004646046573105406,4,mid
SLEEP_POD,SLEEP_POD_LAMB_WOOL,4,True,9995,-0.011924433381449506,4,mid
SLEEP_POD,SLEEP_POD_LAMB_WOOL,5,True,9994,-0.006026373634387812,4,mid
SLEEP_POD,SLEEP_POD_POLYESTER,1,True,9998,-0.006960451561126264,4,mid
SLEEP_POD,SLEEP_POD_POLYESTER,2,True,9997,0.008724445814912161,4,mid
SLEEP_POD,SLEEP_POD_POLYESTER,3,True,9996,0.007993614351857574,4,mid
SLEEP_POD,SLEEP_POD_POLYESTER,4,True,9995,0.006583463906503004,4,mid
SLEEP_POD,SLEEP_POD_POLYESTER,5,True,9994,0.0005281780430583566,4,mid
SLEEP_POD,SLEEP_POD_NYLON,1,True,9998,0.0023006493432215073,4,mid
SLEEP_POD,SLEEP_POD_NYLON,2,True,9997,4.80301067269858e-05,4,mid
SLEEP_POD,SLEEP_POD_NYLON,3,True,9996,-0.020089464157131993,4,mid
SLEEP_POD,SLEEP_POD_NYLON,4,True,9995,-0.014065095335665344,4,mid
SLEEP_POD,SLEEP_POD_NYLON,5,True,9994,0.009496037498323952,4,mid
SLEEP_POD,SLEEP_POD_COTTON,1,True,9998,-0.007600842949867766,4,mid
SLEEP_POD,SLEEP_POD_COTTON,2,True,9997,-0.0032382513840538713,4,mid
SLEEP_POD,SLEEP_POD_COTTON,3,True,9996,0.0015071813204408856,4,mid
SLEEP_POD,SLEEP_POD_COTTON,4,True,9995,-0.0019463242958865847,4,mid
SLEEP_POD,SLEEP_POD_COTTON,5,True,9994,-0.00942730135700524,4,mid
MICROCHIP,MICROCHIP_CIRCLE,1,True,9998,-0.0026168438133365906,4,mid
MICROCHIP,MICROCHIP_CIRCLE,2,True,9997,-0.0012793901971461538,4,mid
MICROCHIP,MICROCHIP_CIRCLE,3,True,9996,0.01858400197032661,4,mid
MICROCHIP,MICROCHIP_CIRCLE,4,True,9995,-0.0064733768461252795,4,mid
MICROCHIP,MICROCHIP_CIRCLE,5,True,9994,0.00996069467923585,4,mid
MICROCHIP,MICROCHIP_OVAL,1,True,9998,0.014935037869184221,4,mid
MICROCHIP,MICROCHIP_OVAL,2,True,9997,0.0011671369320109606,4,mid
MICROCHIP,MICROCHIP_OVAL,3,True,9996,-0.010724918873070081,4,mid
MICROCHIP,MICROCHIP_OVAL,4,True,9995,0.0031947332033142135,4,mid
MICROCHIP,MICROCHIP_OVAL,5,True,9994,0.007213519910642098,4,mid
MICROCHIP,MICROCHIP_SQUARE,1,True,9998,0.009147721067164532,4,mid
MICROCHIP,MICROCHIP_SQUARE,2,True,9997,0.005499804751104319,4,mid
MICROCHIP,MICROCHIP_SQUARE,3,True,9996,0.004876936361946092,4,mid
MICROCHIP,MICROCHIP_SQUARE,4,True,9995,0.00830120231135816,4,mid
MICROCHIP,MICROCHIP_SQUARE,5,True,9994,0.008882008844986999,4,mid
MICROCHIP,MICROCHIP_RECTANGLE,1,True,9998,0.0011540998409093207,4,mid
MICROCHIP,MICROCHIP_RECTANGLE,2,True,9997,0.014577507277078705,4,mid
MICROCHIP,MICROCHIP_RECTANGLE,3,True,9996,-0.0009327533284343522,4,mid
MICROCHIP,MICROCHIP_RECTANGLE,4,True,9995,-0.005855646261298404,4,mid
MICROCHIP,MICROCHIP_RECTANGLE,5,True,9994,0.004180418215503583,4,mid
MICROCHIP,MICROCHIP_TRIANGLE,1,True,9998,0.0008392186738057665,4,mid
MICROCHIP,MICROCHIP_TRIANGLE,2,True,9997,-0.0038015817228597634,4,mid
MICROCHIP,MICROCHIP_TRIANGLE,3,True,9996,-0.005778929708618128,4,mid
MICROCHIP,MICROCHIP_TRIANGLE,4,True,9995,0.002866111192040111,4,mid
MICROCHIP,MICROCHIP_TRIANGLE,5,True,9994,-0.02200166598233829,4,mid
PEBBLES,PEBBLES_XS,1,True,9998,0.007943597096730443,4,mid
PEBBLES,PEBBLES_XS,2,True,9997,-0.008962906237155482,4,mid
PEBBLES,PEBBLES_XS,3,True,9996,-0.002300224778278893,4,mid
PEBBLES,PEBBLES_XS,4,True,9995,-0.007437789025922957,4,mid
PEBBLES,PEBBLES_XS,5,True,9994,-0.000796627138568763,4,mid
PEBBLES,PEBBLES_S,1,True,9998,-0.017243722392896847,4,mid
PEBBLES,PEBBLES_S,2,True,9997,-0.011297476097141122,4,mid
PEBBLES,PEBBLES_S,3,True,9996,0.0010192791600331542,4,mid
PEBBLES,PEBBLES_S,4,True,9995,-0.009730158226430015,4,mid
PEBBLES,PEBBLES_S,5,True,9994,0.002738398099792955,4,mid
PEBBLES,PEBBLES_M,1,True,9998,-0.0035809575127006667,4,mid
PEBBLES,PEBBLES_M,2,True,9997,-0.007864036546884449,4,mid
PEBBLES,PEBBLES_M,3,True,9996,0.008016264878659524,4,mid
PEBBLES,PEBBLES_M,4,True,9995,0.0043479933816072125,4,mid
PEBBLES,PEBBLES_M,5,True,9994,-0.012574428272068672,4,mid
PEBBLES,PEBBLES_L,1,True,9998,-0.019204659478457047,4,mid
PEBBLES,PEBBLES_L,2,True,9997,-0.007644538451983707,4,mid
PEBBLES,PEBBLES_L,3,True,9996,-0.008036311441970137,4,mid
PEBBLES,PEBBLES_L,4,True,9995,-0.011934242699021614,4,mid
PEBBLES,PEBBLES_L,5,True,9994,-0.000332795542222708,4,mid
PEBBLES,PEBBLES_XL,1,True,9998,-0.013937408383191161,4,mid
PEBBLES,PEBBLES_XL,2,True,9997,0.0021521817465433844,4,mid
PEBBLES,PEBBLES_XL,3,True,9996,-0.0008419595893606409,4,mid
PEBBLES,PEBBLES_XL,4,True,9995,-0.01644249120280076,4,mid
PEBBLES,PEBBLES_XL,5,True,9994,0.0022376813425194846,4,mid
ROBOT,ROBOT_VACUUMING,1,True,9998,-0.02190316585455469,4,mid
ROBOT,ROBOT_VACUUMING,2,True,9997,-0.003164061253741254,4,mid
ROBOT,ROBOT_VACUUMING,3,True,9996,-0.00064823032713331,4,mid
ROBOT,ROBOT_VACUUMING,4,True,9995,-0.009861136180792722,4,mid
ROBOT,ROBOT_VACUUMING,5,True,9994,0.00663417499356494,4,mid
ROBOT,ROBOT_MOPPING,1,True,9998,-0.009127887958143857,4,mid
ROBOT,ROBOT_MOPPING,2,True,9997,-0.0066908546293949454,4,mid
ROBOT,ROBOT_MOPPING,3,True,9996,-0.0011123905579328022,4,mid
ROBOT,ROBOT_MOPPING,4,True,9995,-0.005674334348760713,4,mid
ROBOT,ROBOT_MOPPING,5,True,9994,0.015952300647899282,4,mid
ROBOT,ROBOT_DISHES,1,True,9998,-0.001037111614673235,4,mid
ROBOT,ROBOT_DISHES,2,True,9997,-0.0029173929577276255,4,mid
ROBOT,ROBOT_DISHES,3,True,9996,0.004145763542516516,4,mid
ROBOT,ROBOT_DISHES,4,True,9995,-0.001858478100030266,4,mid
ROBOT,ROBOT_DISHES,5,True,9994,0.008802541732535082,4,mid
ROBOT,ROBOT_LAUNDRY,1,True,9998,0.0063006190010995375,4,mid
ROBOT,ROBOT_LAUNDRY,2,True,9997,-0.013078536095487384,4,mid
ROBOT,ROBOT_LAUNDRY,3,True,9996,0.0017723744154454861,4,mid
ROBOT,ROBOT_LAUNDRY,4,True,9995,1.1384677966651101e-05,4,mid
ROBOT,ROBOT_LAUNDRY,5,True,9994,-0.004546426003599833,4,mid
ROBOT,ROBOT_IRONING,1,True,9998,0.008096580775452574,4,mid
ROBOT,ROBOT_IRONING,2,True,9997,0.001097667614899495,4,mid
ROBOT,ROBOT_IRONING,3,True,9996,0.0009480682308078156,4,mid
ROBOT,ROBOT_IRONING,4,True,9995,-0.010489700839315037,4,mid
ROBOT,ROBOT_IRONING,5,True,9994,0.011845103936332244,4,mid
UV_VISOR,UV_VISOR_AMBER,1,True,9998,-0.015536077963173406,4,mid
UV_VISOR,UV_VISOR_AMBER,2,True,9997,0.005131504743605472,4,mid
UV_VISOR,UV_VISOR_AMBER,3,True,9996,0.0023439136277615324,4,mid
UV_VISOR,UV_VISOR_AMBER,4,True,9995,0.008669963416165367,4,mid
UV_VISOR,UV_VISOR_AMBER,5,True,9994,-0.012713180181248713,4,mid
UV_VISOR,UV_VISOR_MAGENTA,1,True,9998,0.0008395279703548373,4,mid
UV_VISOR,UV_VISOR_MAGENTA,2,True,9997,0.0018542378663194041,4,mid
UV_VISOR,UV_VISOR_MAGENTA,3,True,9996,0.0057517710634017215,4,mid
UV_VISOR,UV_VISOR_MAGENTA,4,True,9995,0.002679039995920232,4,mid
UV_VISOR,UV_VISOR_MAGENTA,5,True,9994,0.0042150291677174245,4,mid
UV_VISOR,UV_VISOR_ORANGE,1,True,9998,0.00276105845023513,4,mid
UV_VISOR,UV_VISOR_ORANGE,2,True,9997,0.005552544042546592,4,mid
UV_VISOR,UV_VISOR_ORANGE,3,True,9996,-0.00687384045987535,4,mid
UV_VISOR,UV_VISOR_ORANGE,4,True,9995,-0.00986714986419572,4,mid
UV_VISOR,UV_VISOR_ORANGE,5,True,9994,-0.009701420283077486,4,mid
UV_VISOR,UV_VISOR_RED,1,True,9998,-0.005094167275328655,4,mid
UV_VISOR,UV_VISOR_RED,2,True,9997,0.019995817715881763,4,mid
UV_VISOR,UV_VISOR_RED,3,True,9996,-0.013306011073629609,4,mid
UV_VISOR,UV_VISOR_RED,4,True,9995,-0.010065553533055192,4,mid
UV_VISOR,UV_VISOR_RED,5,True,9994,0.008760478861849347,4,mid
UV_VISOR,UV_VISOR_YELLOW,1,True,9998,-0.008812872746466822,4,mid
UV_VISOR,UV_VISOR_YELLOW,2,True,9997,-0.001889240453157071,4,mid
UV_VISOR,UV_VISOR_YELLOW,3,True,9996,0.0001486550549842222,4,mid
UV_VISOR,UV_VISOR_YELLOW,4,True,9995,0.0074745035272579695,4,mid
UV_VISOR,UV_VISOR_YELLOW,5,True,9994,-0.0009461631338432597,4,mid
TRANSLATOR,TRANSLATOR_ASTRO_BLACK,1,True,9998,-0.0036604001609853764,4,mid
TRANSLATOR,TRANSLATOR_ASTRO_BLACK,2,True,9997,0.00022270298489493172,4,mid
TRANSLATOR,TRANSLATOR_ASTRO_BLACK,3,True,9996,0.005589915102982868,4,mid
TRANSLATOR,TRANSLATOR_ASTRO_BLACK,4,True,9995,0.008441284772495629,4,mid
TRANSLATOR,TRANSLATOR_ASTRO_BLACK,5,True,9994,-0.014878911459383788,4,mid
TRANSLATOR,TRANSLATOR_ECLIPSE_CHARCOAL,1,True,9998,-0.004706560352443488,4,mid
TRANSLATOR,TRANSLATOR_ECLIPSE_CHARCOAL,2,True,9997,0.0034411218538808333,4,mid
TRANSLATOR,TRANSLATOR_ECLIPSE_CHARCOAL,3,True,9996,0.0037343307423380154,4,mid
TRANSLATOR,TRANSLATOR_ECLIPSE_CHARCOAL,4,True,9995,-0.010098373545115957,4,mid
TRANSLATOR,TRANSLATOR_ECLIPSE_CHARCOAL,5,True,9994,0.0010999865869159668,4,mid
TRANSLATOR,TRANSLATOR_GRAPHITE_MIST,1,True,9998,-0.017865965594196828,4,mid
TRANSLATOR,TRANSLATOR_GRAPHITE_MIST,2,True,9997,0.008467199185068613,4,mid
TRANSLATOR,TRANSLATOR_GRAPHITE_MIST,3,True,9996,0.012119151594145405,4,mid
TRANSLATOR,TRANSLATOR_GRAPHITE_MIST,4,True,9995,-0.002523002549643019,4,mid
TRANSLATOR,TRANSLATOR_GRAPHITE_MIST,5,True,9994,-0.003088594640598036,4,mid
TRANSLATOR,TRANSLATOR_SPACE_GRAY,1,True,9998,-0.03188235187689764,4,mid
TRANSLATOR,TRANSLATOR_SPACE_GRAY,2,True,9997,-0.014764501192534947,4,mid
TRANSLATOR,TRANSLATOR_SPACE_GRAY,3,True,9996,0.009105318799856587,4,mid
TRANSLATOR,TRANSLATOR_SPACE_GRAY,4,True,9995,0.01621547403945136,4,mid
TRANSLATOR,TRANSLATOR_SPACE_GRAY,5,True,9994,0.0020713651370941498,4,mid
TRANSLATOR,TRANSLATOR_VOID_BLUE,1,True,9998,-0.02216785284707895,4,mid
TRANSLATOR,TRANSLATOR_VOID_BLUE,2,True,9997,0.012179363269986095,4,mid
TRANSLATOR,TRANSLATOR_VOID_BLUE,3,True,9996,0.007195457783508208,4,mid
TRANSLATOR,TRANSLATOR_VOID_BLUE,4,True,9995,0.0017592984057927022,4,mid
TRANSLATOR,TRANSLATOR_VOID_BLUE,5,True,9994,-0.005306466166376595,4,mid
PANEL,PANEL_1X2,1,True,9998,-0.013109161180540896,4,mid
PANEL,PANEL_1X2,2,True,9997,0.009193197991639441,4,mid
PANEL,PANEL_1X2,3,True,9996,-0.01232203206049703,4,mid
PANEL,PANEL_1X2,4,True,9995,-0.0031207788008446244,4,mid
PANEL,PANEL_1X2,5,True,9994,0.011762696583741246,4,mid
PANEL,PANEL_1X4,1,True,9998,0.00034307953768180965,4,mid
PANEL,PANEL_1X4,2,True,9997,0.005955369486406891,4,mid
PANEL,PANEL_1X4,3,True,9996,-0.01016673001991828,4,mid
PANEL,PANEL_1X4,4,True,9995,-0.014533307376171256,4,mid
PANEL,PANEL_1X4,5,True,9994,0.00826773596027167,4,mid
PANEL,PANEL_2X2,1,True,9998,-0.008695764479207726,4,mid
PANEL,PANEL_2X2,2,True,9997,0.0015512239939565054,4,mid
PANEL,PANEL_2X2,3,True,9996,0.003991181668977729,4,mid
PANEL,PANEL_2X2,4,True,9995,0.008664550555230188,4,mid
PANEL,PANEL_2X2,5,True,9994,0.005847774014812012,4,mid
PANEL,PANEL_2X4,1,True,9998,-0.009214370995068805,4,mid
PANEL,PANEL_2X4,2,True,9997,-0.0110224055890478,4,mid
PANEL,PANEL_2X4,3,True,9996,-0.005694590015211048,4,mid
PANEL,PANEL_2X4,4,True,9995,0.0036200132039263234,4,mid
PANEL,PANEL_2X4,5,True,9994,0.015769595970487008,4,mid
PANEL,PANEL_4X4,1,True,9998,-0.00359875515679813,4,mid
PANEL,PANEL_4X4,2,True,9997,-0.013077110668613053,4,mid
PANEL,PANEL_4X4,3,True,9996,0.006339090288625077,4,mid
PANEL,PANEL_4X4,4,True,9995,-0.006313273882829839,4,mid
PANEL,PANEL_4X4,5,True,9994,-0.005643436558672006,4,mid
OXYGEN_SHAKE,OXYGEN_SHAKE_CHOCOLATE,1,True,9998,-0.012976645342842066,4,mid
OXYGEN_SHAKE,OXYGEN_SHAKE_CHOCOLATE,2,True,9997,0.006681533064892024,4,mid
OXYGEN_SHAKE,OXYGEN_SHAKE_CHOCOLATE,3,True,9996,-0.019231913900372474,4,mid
OXYGEN_SHAKE,OXYGEN_SHAKE_CHOCOLATE,4,True,9995,0.006413218824566524,4,mid
OXYGEN_SHAKE,OXYGEN_SHAKE_CHOCOLATE,5,True,9994,-0.0006977672690822933,4,mid
OXYGEN_SHAKE,OXYGEN_SHAKE_MINT,1,True,9998,-0.013347882256132782,4,mid
OXYGEN_SHAKE,OXYGEN_SHAKE_MINT,2,True,9997,0.006376496182416241,4,mid
OXYGEN_SHAKE,OXYGEN_SHAKE_MINT,3,True,9996,0.007781186513543065,4,mid
OXYGEN_SHAKE,OXYGEN_SHAKE_MINT,4,True,9995,0.0033728442909906255,4,mid
OXYGEN_SHAKE,OXYGEN_SHAKE_MINT,5,True,9994,0.004642327611254967,4,mid
OXYGEN_SHAKE,OXYGEN_SHAKE_GARLIC,1,True,9998,-0.007200383946546635,4,mid
OXYGEN_SHAKE,OXYGEN_SHAKE_GARLIC,2,True,9997,-0.0037889575582787877,4,mid
OXYGEN_SHAKE,OXYGEN_SHAKE_GARLIC,3,True,9996,0.00740683712081025,4,mid
OXYGEN_SHAKE,OXYGEN_SHAKE_GARLIC,4,True,9995,0.0036790661334190422,4,mid
OXYGEN_SHAKE,OXYGEN_SHAKE_GARLIC,5,True,9994,0.003725841920039162,4,mid
OXYGEN_SHAKE,OXYGEN_SHAKE_MORNING_BREATH,1,True,9998,0.0023715665550756715,4,mid
OXYGEN_SHAKE,OXYGEN_SHAKE_MORNING_BREATH,2,True,9997,0.008212717046992894,4,mid
OXYGEN_SHAKE,OXYGEN_SHAKE_MORNING_BREATH,3,True,9996,-0.001761176626553663,4,mid
OXYGEN_SHAKE,OXYGEN_SHAKE_MORNING_BREATH,4,True,9995,-0.01158045777400578,4,mid
OXYGEN_SHAKE,OXYGEN_SHAKE_MORNING_BREATH,5,True,9994,0.003665883385258577,4,mid
OXYGEN_SHAKE,OXYGEN_SHAKE_EVENING_BREATH,1,True,9998,-0.023082382257850927,4,mid
OXYGEN_SHAKE,OXYGEN_SHAKE_EVENING_BREATH,2,True,9997,0.0006025854338644913,4,mid
OXYGEN_SHAKE,OXYGEN_SHAKE_EVENING_BREATH,3,True,9996,-0.00810890001524833,4,mid
OXYGEN_SHAKE,OXYGEN_SHAKE_EVENING_BREATH,4,True,9995,0.011412983591579395,4,mid
OXYGEN_SHAKE,OXYGEN_SHAKE_EVENING_BREATH,5,True,9994,-0.020641190557967135,4,mid
SNACKPACK,SNACKPACK_CHOCOLATE,1,True,9998,-0.028725906439231234,4,mid
SNACKPACK,SNACKPACK_CHOCOLATE,2,True,9997,0.007649529960894472,4,mid
SNACKPACK,SNACKPACK_CHOCOLATE,3,True,9996,-0.006195077761142322,4,mid
SNACKPACK,SNACKPACK_CHOCOLATE,4,True,9995,-0.003838653124373927,4,mid
SNACKPACK,SNACKPACK_CHOCOLATE,5,True,9994,0.015489294378049412,4,mid
SNACKPACK,SNACKPACK_VANILLA,1,True,9998,-0.028681563433105968,4,mid
SNACKPACK,SNACKPACK_VANILLA,2,True,9997,0.008399251837591918,4,mid
SNACKPACK,SNACKPACK_VANILLA,3,True,9996,-0.0074032420345901085,4,mid
SNACKPACK,SNACKPACK_VANILLA,4,True,9995,0.01092705511934034,4,mid
SNACKPACK,SNACKPACK_VANILLA,5,True,9994,0.011373701249325274,4,mid
SNACKPACK,SNACKPACK_RASPBERRY,1,True,9998,-0.013378005675919395,4,mid
SNACKPACK,SNACKPACK_RASPBERRY,2,True,9997,-0.007971283677728699,4,mid
SNACKPACK,SNACKPACK_RASPBERRY,3,True,9996,-0.003953829844929425,4,mid
SNACKPACK,SNACKPACK_RASPBERRY,4,True,9995,0.016531523291010968,4,mid
SNACKPACK,SNACKPACK_RASPBERRY,5,True,9994,-0.0113176916770982,4,mid
SNACKPACK,SNACKPACK_STRAWBERRY,1,True,9998,-0.0520249051044612,4,mid
SNACKPACK,SNACKPACK_STRAWBERRY,2,True,9997,0.0020421575765857034,4,mid
SNACKPACK,SNACKPACK_STRAWBERRY,3,True,9996,0.015004128361334752,4,mid
SNACKPACK,SNACKPACK_STRAWBERRY,4,True,9995,0.010851330622233996,4,mid
SNACKPACK,SNACKPACK_STRAWBERRY,5,True,9994,0.01126668234293835,4,mid
SNACKPACK,SNACKPACK_PISTACHIO,1,True,9998,-0.07891137307183951,4,mid
SNACKPACK,SNACKPACK_PISTACHIO,2,True,9997,-0.0021804772938254454,4,mid
SNACKPACK,SNACKPACK_PISTACHIO,3,True,9996,0.010994361534533037,4,mid
SNACKPACK,SNACKPACK_PISTACHIO,4,True,9995,-0.006681767833755891,4,mid
SNACKPACK,SNACKPACK_PISTACHIO,5,True,9994,0.01998101552000648,4,mid
GALAXY_SOUNDS,GALAXY_SOUNDS_DARK_MATTER,1,True,9999,-0.004632878800539783,2,ofi
GALAXY_SOUNDS,GALAXY_SOUNDS_DARK_MATTER,2,True,9998,-0.010263628041482875,2,ofi
GALAXY_SOUNDS,GALAXY_SOUNDS_DARK_MATTER,3,True,9997,0.008888668355797626,2,ofi
GALAXY_SOUNDS,GALAXY_SOUNDS_DARK_MATTER,4,True,9996,0.011210220504628964,2,ofi
GALAXY_SOUNDS,GALAXY_SOUNDS_DARK_MATTER,5,True,9995,0.0037099477208465464,2,ofi
GALAXY_SOUNDS,GALAXY_SOUNDS_BLACK_HOLES,1,True,9999,0.008925379326829713,2,ofi
GALAXY_SOUNDS,GALAXY_SOUNDS_BLACK_HOLES,2,True,9998,-0.013454815263507896,2,ofi
GALAXY_SOUNDS,GALAXY_SOUNDS_BLACK_HOLES,3,True,9997,-0.003604657595620689,2,ofi
GALAXY_SOUNDS,GALAXY_SOUNDS_BLACK_HOLES,4,True,9996,0.004841753354748661,2,ofi
GALAXY_SOUNDS,GALAXY_SOUNDS_BLACK_HOLES,5,True,9995,0.02321974151261397,2,ofi
GALAXY_SOUNDS,GALAXY_SOUNDS_PLANETARY_RINGS,1,True,9999,-0.003994730861378475,2,ofi
GALAXY_SOUNDS,GALAXY_SOUNDS_PLANETARY_RINGS,2,True,9998,0.0004723417500846592,2,ofi
GALAXY_SOUNDS,GALAXY_SOUNDS_PLANETARY_RINGS,3,True,9997,-0.01530224281893696,2,ofi
GALAXY_SOUNDS,GALAXY_SOUNDS_PLANETARY_RINGS,4,True,9996,0.004225132148089274,2,ofi
GALAXY_SOUNDS,GALAXY_SOUNDS_PLANETARY_RINGS,5,True,9995,0.016271607839233263,2,ofi
GALAXY_SOUNDS,GALAXY_SOUNDS_SOLAR_WINDS,1,True,9999,-0.0019067959731044056,2,ofi
GALAXY_SOUNDS,GALAXY_SOUNDS_SOLAR_WINDS,2,True,9998,-0.010883982629350848,2,ofi
GALAXY_SOUNDS,GALAXY_SOUNDS_SOLAR_WINDS,3,True,9997,0.012923130011518394,2,ofi
GALAXY_SOUNDS,GALAXY_SOUNDS_SOLAR_WINDS,4,True,9996,-0.0018593609115798656,2,ofi
GALAXY_SOUNDS,GALAXY_SOUNDS_SOLAR_WINDS,5,True,9995,-0.012520489072259146,2,ofi
GALAXY_SOUNDS,GALAXY_SOUNDS_SOLAR_FLAMES,1,True,9999,-0.0005181513655963335,2,ofi
GALAXY_SOUNDS,GALAXY_SOUNDS_SOLAR_FLAMES,2,True,9998,0.011703692643052243,2,ofi
GALAXY_SOUNDS,GALAXY_SOUNDS_SOLAR_FLAMES,3,True,9997,0.008064764979129502,2,ofi
GALAXY_SOUNDS,GALAXY_SOUNDS_SOLAR_FLAMES,4,True,9996,0.0162499205970644,2,ofi
GALAXY_SOUNDS,GALAXY_SOUNDS_SOLAR_FLAMES,5,True,9995,-0.003239359082043811,2,ofi
SLEEP_POD,SLEEP_POD_SUEDE,1,True,9999,-0.015241557290219362,2,ofi
SLEEP_POD,SLEEP_POD_SUEDE,2,True,9998,-0.004406200596394601,2,ofi
SLEEP_POD,SLEEP_POD_SUEDE,3,True,9997,-0.003415995962663865,2,ofi
SLEEP_POD,SLEEP_POD_SUEDE,4,True,9996,0.00640530693248325,2,ofi
SLEEP_POD,SLEEP_POD_SUEDE,5,True,9995,0.007551195813281228,2,ofi
SLEEP_POD,SLEEP_POD_LAMB_WOOL,1,True,9999,-0.008912330884334413,2,ofi
SLEEP_POD,SLEEP_POD_LAMB_WOOL,2,True,9998,0.01813573869604301,2,ofi
SLEEP_POD,SLEEP_POD_LAMB_WOOL,3,True,9997,-0.00563363272578793,2,ofi
SLEEP_POD,SLEEP_POD_LAMB_WOOL,4,True,9996,0.002725468519389615,2,ofi
SLEEP_POD,SLEEP_POD_LAMB_WOOL,5,True,9995,0.003058361662278809,2,ofi
SLEEP_POD,SLEEP_POD_POLYESTER,1,True,9999,0.01585747166051922,2,ofi
SLEEP_POD,SLEEP_POD_POLYESTER,2,True,9998,0.001895343073000706,2,ofi
SLEEP_POD,SLEEP_POD_POLYESTER,3,True,9997,-0.0025239136760644024,2,ofi
SLEEP_POD,SLEEP_POD_POLYESTER,4,True,9996,0.003963390285845866,2,ofi
SLEEP_POD,SLEEP_POD_POLYESTER,5,True,9995,-0.005899641533297784,2,ofi
SLEEP_POD,SLEEP_POD_NYLON,1,True,9999,0.012459932577476296,2,ofi
SLEEP_POD,SLEEP_POD_NYLON,2,True,9998,-0.014017171834579387,2,ofi
SLEEP_POD,SLEEP_POD_NYLON,3,True,9997,0.007103531325658152,2,ofi
SLEEP_POD,SLEEP_POD_NYLON,4,True,9996,-0.0017629548758708279,2,ofi
SLEEP_POD,SLEEP_POD_NYLON,5,True,9995,0.0009691979713944273,2,ofi
SLEEP_POD,SLEEP_POD_COTTON,1,True,9999,-0.002062425392357276,2,ofi
SLEEP_POD,SLEEP_POD_COTTON,2,True,9998,0.006337351070614234,2,ofi
SLEEP_POD,SLEEP_POD_COTTON,3,True,9997,-0.010485082389718247,2,ofi
SLEEP_POD,SLEEP_POD_COTTON,4,True,9996,-0.011042845804933104,2,ofi
SLEEP_POD,SLEEP_POD_COTTON,5,True,9995,0.002558446896253342,2,ofi
MICROCHIP,MICROCHIP_CIRCLE,1,True,9999,-0.010181085170398695,2,ofi
MICROCHIP,MICROCHIP_CIRCLE,2,True,9998,0.0015390165880839034,2,ofi
MICROCHIP,MICROCHIP_CIRCLE,3,True,9997,-0.01647164919260818,2,ofi
MICROCHIP,MICROCHIP_CIRCLE,4,True,9996,-0.006391010278628243,2,ofi
MICROCHIP,MICROCHIP_CIRCLE,5,True,9995,0.0060567232092023655,2,ofi
MICROCHIP,MICROCHIP_OVAL,1,True,9999,-0.011221110021674974,2,ofi
MICROCHIP,MICROCHIP_OVAL,2,True,9998,0.012842305566831328,2,ofi
MICROCHIP,MICROCHIP_OVAL,3,True,9997,-0.0005373031367190382,2,ofi
MICROCHIP,MICROCHIP_OVAL,4,True,9996,0.005703114038800952,2,ofi
MICROCHIP,MICROCHIP_OVAL,5,True,9995,0.004041361371857724,2,ofi
MICROCHIP,MICROCHIP_SQUARE,1,True,9999,-0.015905183577248762,2,ofi
MICROCHIP,MICROCHIP_SQUARE,2,True,9998,0.006889604407911584,2,ofi
MICROCHIP,MICROCHIP_SQUARE,3,True,9997,-0.005246412145530317,2,ofi
MICROCHIP,MICROCHIP_SQUARE,4,True,9996,-0.00016681665966217357,2,ofi
MICROCHIP,MICROCHIP_SQUARE,5,True,9995,-0.004056156115813333,2,ofi
MICROCHIP,MICROCHIP_RECTANGLE,1,True,9999,-0.012316442277960757,2,ofi
MICROCHIP,MICROCHIP_RECTANGLE,2,True,9998,-0.00862715460054761,2,ofi
MICROCHIP,MICROCHIP_RECTANGLE,3,True,9997,0.005017297129182128,2,ofi
MICROCHIP,MICROCHIP_RECTANGLE,4,True,9996,0.019337008558967174,2,ofi
MICROCHIP,MICROCHIP_RECTANGLE,5,True,9995,0.005117359866504875,2,ofi
MICROCHIP,MICROCHIP_TRIANGLE,1,True,9999,-0.009188289298726945,2,ofi
MICROCHIP,MICROCHIP_TRIANGLE,2,True,9998,-0.010582781325801456,2,ofi
MICROCHIP,MICROCHIP_TRIANGLE,3,True,9997,0.0016750800050977714,2,ofi
MICROCHIP,MICROCHIP_TRIANGLE,4,True,9996,-0.007863967031103883,2,ofi
MICROCHIP,MICROCHIP_TRIANGLE,5,True,9995,0.00017498714584217326,2,ofi
PEBBLES,PEBBLES_XS,1,True,9999,0.004999406069275168,2,ofi
PEBBLES,PEBBLES_XS,2,True,9998,-0.001171731519075505,2,ofi
PEBBLES,PEBBLES_XS,3,True,9997,-0.0028383591469565645,2,ofi
PEBBLES,PEBBLES_XS,4,True,9996,-0.0033097510184035596,2,ofi
PEBBLES,PEBBLES_XS,5,True,9995,0.006429760544419051,2,ofi
PEBBLES,PEBBLES_S,1,True,9999,-0.006863018169336906,2,ofi
PEBBLES,PEBBLES_S,2,True,9998,-0.002782488565640141,2,ofi
PEBBLES,PEBBLES_S,3,True,9997,-0.0035963288591546305,2,ofi
PEBBLES,PEBBLES_S,4,True,9996,-0.002219296697271168,2,ofi
PEBBLES,PEBBLES_S,5,True,9995,0.006188711578580126,2,ofi
PEBBLES,PEBBLES_M,1,True,9999,0.014641865397121088,2,ofi
PEBBLES,PEBBLES_M,2,True,9998,-0.0063112568379465345,2,ofi
PEBBLES,PEBBLES_M,3,True,9997,-0.0010105753405582252,2,ofi
PEBBLES,PEBBLES_M,4,True,9996,0.002977469106617135,2,ofi
PEBBLES,PEBBLES_M,5,True,9995,0.02275486928278871,2,ofi
PEBBLES,PEBBLES_L,1,True,9999,0.00782501311715118,2,ofi
PEBBLES,PEBBLES_L,2,True,9998,0.0005217848768855243,2,ofi
PEBBLES,PEBBLES_L,3,True,9997,-0.009872244318832182,2,ofi
PEBBLES,PEBBLES_L,4,True,9996,-0.00678123356845408,2,ofi
PEBBLES,PEBBLES_L,5,True,9995,0.013057649312138628,2,ofi
PEBBLES,PEBBLES_XL,1,True,9999,-0.010805114623423508,2,ofi
PEBBLES,PEBBLES_XL,2,True,9998,0.006138593784932268,2,ofi
PEBBLES,PEBBLES_XL,3,True,9997,0.008269672182552028,2,ofi
PEBBLES,PEBBLES_XL,4,True,9996,0.002859126714841456,2,ofi
PEBBLES,PEBBLES_XL,5,True,9995,-0.02208974998964112,2,ofi
ROBOT,ROBOT_VACUUMING,1,True,9999,0.0007828889237041149,2,ofi
ROBOT,ROBOT_VACUUMING,2,True,9998,-0.00043986569751878525,2,ofi
ROBOT,ROBOT_VACUUMING,3,True,9997,0.00541028371528827,2,ofi
ROBOT,ROBOT_VACUUMING,4,True,9996,0.006255187082069809,2,ofi
ROBOT,ROBOT_VACUUMING,5,True,9995,2.6298431938750244e-05,2,ofi
ROBOT,ROBOT_MOPPING,1,True,9999,0.004276649859121129,2,ofi
ROBOT,ROBOT_MOPPING,2,True,9998,0.013816941053012595,2,ofi
ROBOT,ROBOT_MOPPING,3,True,9997,0.0004748230537190118,2,ofi
ROBOT,ROBOT_MOPPING,4,True,9996,0.014669620816305443,2,ofi
ROBOT,ROBOT_MOPPING,5,True,9995,-0.0021846941987722713,2,ofi
ROBOT,ROBOT_DISHES,1,True,9999,0.01609807100833197,2,ofi
ROBOT,ROBOT_DISHES,2,True,9998,-0.0010586094785347215,2,ofi
ROBOT,ROBOT_DISHES,3,True,9997,0.02600547340535668,2,ofi
ROBOT,ROBOT_DISHES,4,True,9996,0.016499708939148844,2,ofi
ROBOT,ROBOT_DISHES,5,True,9995,0.016043665573974433,2,ofi
ROBOT,ROBOT_LAUNDRY,1,True,9999,-0.010724547560266636,2,ofi
ROBOT,ROBOT_LAUNDRY,2,True,9998,0.0001836152515663027,2,ofi
ROBOT,ROBOT_LAUNDRY,3,True,9997,0.014344764296273413,2,ofi
ROBOT,ROBOT_LAUNDRY,4,True,9996,-0.011738962624674729,2,ofi
ROBOT,ROBOT_LAUNDRY,5,True,9995,-0.02971214447641145,2,ofi
ROBOT,ROBOT_IRONING,1,True,9999,-0.004887150893549077,2,ofi
ROBOT,ROBOT_IRONING,2,True,9998,-0.009816271252121834,2,ofi
ROBOT,ROBOT_IRONING,3,True,9997,-0.00144558045450191,2,ofi
ROBOT,ROBOT_IRONING,4,True,9996,0.014135703307828205,2,ofi
ROBOT,ROBOT_IRONING,5,True,9995,-0.013545624674119041,2,ofi
UV_VISOR,UV_VISOR_AMBER,1,True,9999,0.00629904211552498,2,ofi
UV_VISOR,UV_VISOR_AMBER,2,True,9998,0.007267449046408404,2,ofi
UV_VISOR,UV_VISOR_AMBER,3,True,9997,-0.010075541517029604,2,ofi
UV_VISOR,UV_VISOR_AMBER,4,True,9996,-0.004133204604697683,2,ofi
UV_VISOR,UV_VISOR_AMBER,5,True,9995,-0.00296414775582044,2,ofi
UV_VISOR,UV_VISOR_MAGENTA,1,True,9999,-0.006074208454160406,2,ofi
UV_VISOR,UV_VISOR_MAGENTA,2,True,9998,0.011730099905435554,2,ofi
UV_VISOR,UV_VISOR_MAGENTA,3,True,9997,0.006907301620262485,2,ofi
UV_VISOR,UV_VISOR_MAGENTA,4,True,9996,0.009014408172421867,2,ofi
UV_VISOR,UV_VISOR_MAGENTA,5,True,9995,0.00856997848312546,2,ofi
UV_VISOR,UV_VISOR_ORANGE,1,True,9999,0.01173310350482384,2,ofi
UV_VISOR,UV_VISOR_ORANGE,2,True,9998,0.005350536233741415,2,ofi
UV_VISOR,UV_VISOR_ORANGE,3,True,9997,0.008862676473609906,2,ofi
UV_VISOR,UV_VISOR_ORANGE,4,True,9996,-0.005949858020259613,2,ofi
UV_VISOR,UV_VISOR_ORANGE,5,True,9995,-0.00991817725996289,2,ofi
UV_VISOR,UV_VISOR_RED,1,True,9999,0.015087355491457843,2,ofi
UV_VISOR,UV_VISOR_RED,2,True,9998,0.008097751389313197,2,ofi
UV_VISOR,UV_VISOR_RED,3,True,9997,0.010135940259584395,2,ofi
UV_VISOR,UV_VISOR_RED,4,True,9996,0.007153258083819206,2,ofi
UV_VISOR,UV_VISOR_RED,5,True,9995,-0.015105753814740788,2,ofi
UV_VISOR,UV_VISOR_YELLOW,1,True,9999,0.011563293217289957,2,ofi
UV_VISOR,UV_VISOR_YELLOW,2,True,9998,-0.007912361279840407,2,ofi
UV_VISOR,UV_VISOR_YELLOW,3,True,9997,0.006703632843648707,2,ofi
UV_VISOR,UV_VISOR_YELLOW,4,True,9996,0.010457510047434757,2,ofi
UV_VISOR,UV_VISOR_YELLOW,5,True,9995,-0.016367541067084154,2,ofi
TRANSLATOR,TRANSLATOR_ASTRO_BLACK,1,True,9999,-0.003997447342916472,2,ofi
TRANSLATOR,TRANSLATOR_ASTRO_BLACK,2,True,9998,0.0029886381234409637,2,ofi
TRANSLATOR,TRANSLATOR_ASTRO_BLACK,3,True,9997,-0.008341574951905423,2,ofi
TRANSLATOR,TRANSLATOR_ASTRO_BLACK,4,True,9996,0.0036139045724835643,2,ofi
TRANSLATOR,TRANSLATOR_ASTRO_BLACK,5,True,9995,-0.0014902036910414151,2,ofi
TRANSLATOR,TRANSLATOR_ECLIPSE_CHARCOAL,1,True,9999,-0.003810921632235032,2,ofi
TRANSLATOR,TRANSLATOR_ECLIPSE_CHARCOAL,2,True,9998,0.0195078956658499,2,ofi
TRANSLATOR,TRANSLATOR_ECLIPSE_CHARCOAL,3,True,9997,0.0046115902570213665,2,ofi
TRANSLATOR,TRANSLATOR_ECLIPSE_CHARCOAL,4,True,9996,0.007309183505751987,2,ofi
TRANSLATOR,TRANSLATOR_ECLIPSE_CHARCOAL,5,True,9995,-0.015518763903185337,2,ofi
TRANSLATOR,TRANSLATOR_GRAPHITE_MIST,1,True,9999,-0.0033876372653228576,2,ofi
TRANSLATOR,TRANSLATOR_GRAPHITE_MIST,2,True,9998,0.0012911764532666473,2,ofi
TRANSLATOR,TRANSLATOR_GRAPHITE_MIST,3,True,9997,-0.0032748938862366774,2,ofi
TRANSLATOR,TRANSLATOR_GRAPHITE_MIST,4,True,9996,0.004226635409117942,2,ofi
TRANSLATOR,TRANSLATOR_GRAPHITE_MIST,5,True,9995,-0.017187517701717267,2,ofi
TRANSLATOR,TRANSLATOR_SPACE_GRAY,1,True,9999,-0.0028228233382692806,2,ofi
TRANSLATOR,TRANSLATOR_SPACE_GRAY,2,True,9998,-0.004019101657613984,2,ofi
TRANSLATOR,TRANSLATOR_SPACE_GRAY,3,True,9997,0.003540251643959507,2,ofi
TRANSLATOR,TRANSLATOR_SPACE_GRAY,4,True,9996,-0.012762288346349085,2,ofi
TRANSLATOR,TRANSLATOR_SPACE_GRAY,5,True,9995,-0.00692081699645527,2,ofi
TRANSLATOR,TRANSLATOR_VOID_BLUE,1,True,9999,-0.0004989673168816723,2,ofi
TRANSLATOR,TRANSLATOR_VOID_BLUE,2,True,9998,0.005510088342327628,2,ofi
TRANSLATOR,TRANSLATOR_VOID_BLUE,3,True,9997,-0.014355276608223886,2,ofi
TRANSLATOR,TRANSLATOR_VOID_BLUE,4,True,9996,0.005352848515697778,2,ofi
TRANSLATOR,TRANSLATOR_VOID_BLUE,5,True,9995,0.005352910412475051,2,ofi
PANEL,PANEL_1X2,1,True,9999,0.00015018566429787552,2,ofi
PANEL,PANEL_1X2,2,True,9998,-0.0008040429454671798,2,ofi
PANEL,PANEL_1X2,3,True,9997,-0.008490973609146562,2,ofi
PANEL,PANEL_1X2,4,True,9996,0.01910525366250097,2,ofi
PANEL,PANEL_1X2,5,True,9995,0.0056537077392016175,2,ofi
PANEL,PANEL_1X4,1,True,9999,-0.008583059737537197,2,ofi
PANEL,PANEL_1X4,2,True,9998,-0.004850706508938592,2,ofi
PANEL,PANEL_1X4,3,True,9997,0.005922304983489394,2,ofi
PANEL,PANEL_1X4,4,True,9996,0.00912160061914767,2,ofi
PANEL,PANEL_1X4,5,True,9995,0.002202233892182661,2,ofi
PANEL,PANEL_2X2,1,True,9999,0.009850640518378426,2,ofi
PANEL,PANEL_2X2,2,True,9998,0.018146622001677312,2,ofi
PANEL,PANEL_2X2,3,True,9997,-0.018256005987825983,2,ofi
PANEL,PANEL_2X2,4,True,9996,0.009943156856525361,2,ofi
PANEL,PANEL_2X2,5,True,9995,0.005053928323045479,2,ofi
PANEL,PANEL_2X4,1,True,9999,0.007710996394793041,2,ofi
PANEL,PANEL_2X4,2,True,9998,0.001527722229408653,2,ofi
PANEL,PANEL_2X4,3,True,9997,0.0005683412964273174,2,ofi
PANEL,PANEL_2X4,4,True,9996,-0.003060788253294988,2,ofi
PANEL,PANEL_2X4,5,True,9995,0.000603144650050636,2,ofi
PANEL,PANEL_4X4,1,True,9999,0.0055060405784149525,2,ofi
PANEL,PANEL_4X4,2,True,9998,-0.022980284154566304,2,ofi
PANEL,PANEL_4X4,3,True,9997,-0.012844928977373242,2,ofi
PANEL,PANEL_4X4,4,True,9996,-0.002805587499671943,2,ofi
PANEL,PANEL_4X4,5,True,9995,0.002050117379437837,2,ofi
OXYGEN_SHAKE,OXYGEN_SHAKE_CHOCOLATE,1,True,9999,0.007054694278095872,2,ofi
OXYGEN_SHAKE,OXYGEN_SHAKE_CHOCOLATE,2,True,9998,-0.0014590227099662374,2,ofi
OXYGEN_SHAKE,OXYGEN_SHAKE_CHOCOLATE,3,True,9997,-0.006774343683908575,2,ofi
OXYGEN_SHAKE,OXYGEN_SHAKE_CHOCOLATE,4,True,9996,-0.008246987413999074,2,ofi
OXYGEN_SHAKE,OXYGEN_SHAKE_CHOCOLATE,5,True,9995,-0.018026256849195996,2,ofi
OXYGEN_SHAKE,OXYGEN_SHAKE_MINT,1,True,9999,-0.0033792568165787107,2,ofi
OXYGEN_SHAKE,OXYGEN_SHAKE_MINT,2,True,9998,0.01957976932897245,2,ofi
OXYGEN_SHAKE,OXYGEN_SHAKE_MINT,3,True,9997,-0.0018571449191534693,2,ofi
OXYGEN_SHAKE,OXYGEN_SHAKE_MINT,4,True,9996,-0.004702509055466263,2,ofi
OXYGEN_SHAKE,OXYGEN_SHAKE_MINT,5,True,9995,-0.004041103575504027,2,ofi
OXYGEN_SHAKE,OXYGEN_SHAKE_GARLIC,1,True,9999,0.003555474104454169,2,ofi
OXYGEN_SHAKE,OXYGEN_SHAKE_GARLIC,2,True,9998,-0.002265037601516865,2,ofi
OXYGEN_SHAKE,OXYGEN_SHAKE_GARLIC,3,True,9997,0.01545035079068063,2,ofi
OXYGEN_SHAKE,OXYGEN_SHAKE_GARLIC,4,True,9996,-0.009147273037914324,2,ofi
OXYGEN_SHAKE,OXYGEN_SHAKE_GARLIC,5,True,9995,-0.001326617867541636,2,ofi
OXYGEN_SHAKE,OXYGEN_SHAKE_MORNING_BREATH,1,True,9999,-0.0054094992554833896,2,ofi
OXYGEN_SHAKE,OXYGEN_SHAKE_MORNING_BREATH,2,True,9998,0.004006117325691167,2,ofi
OXYGEN_SHAKE,OXYGEN_SHAKE_MORNING_BREATH,3,True,9997,-0.0012378919801237236,2,ofi
OXYGEN_SHAKE,OXYGEN_SHAKE_MORNING_BREATH,4,True,9996,0.001966223753426272,2,ofi
OXYGEN_SHAKE,OXYGEN_SHAKE_MORNING_BREATH,5,True,9995,-0.010700189035473661,2,ofi
OXYGEN_SHAKE,OXYGEN_SHAKE_EVENING_BREATH,1,True,9999,0.0010776295819699534,2,ofi
OXYGEN_SHAKE,OXYGEN_SHAKE_EVENING_BREATH,2,True,9998,0.022970381300375136,2,ofi
OXYGEN_SHAKE,OXYGEN_SHAKE_EVENING_BREATH,3,True,9997,0.0016736161060113956,2,ofi
OXYGEN_SHAKE,OXYGEN_SHAKE_EVENING_BREATH,4,True,9996,-0.014487689317085712,2,ofi
OXYGEN_SHAKE,OXYGEN_SHAKE_EVENING_BREATH,5,True,9995,-0.0036406464786203456,2,ofi
SNACKPACK,SNACKPACK_CHOCOLATE,1,True,9999,0.014531312966053107,2,ofi
SNACKPACK,SNACKPACK_CHOCOLATE,2,True,9998,-0.005723616494829775,2,ofi
SNACKPACK,SNACKPACK_CHOCOLATE,3,True,9997,0.006947995184251005,2,ofi
SNACKPACK,SNACKPACK_CHOCOLATE,4,True,9996,-0.006991000942272915,2,ofi
SNACKPACK,SNACKPACK_CHOCOLATE,5,True,9995,-0.0037671747256913194,2,ofi
SNACKPACK,SNACKPACK_VANILLA,1,True,9999,-0.011403144982568118,2,ofi
SNACKPACK,SNACKPACK_VANILLA,2,True,9998,0.0031157134732390426,2,ofi
SNACKPACK,SNACKPACK_VANILLA,3,True,9997,-0.003918829086846576,2,ofi
SNACKPACK,SNACKPACK_VANILLA,4,True,9996,-0.002286737000103376,2,ofi
SNACKPACK,SNACKPACK_VANILLA,5,True,9995,0.0065677165231161965,2,ofi
SNACKPACK,SNACKPACK_RASPBERRY,1,True,9999,-0.0059494906900881845,2,ofi
SNACKPACK,SNACKPACK_RASPBERRY,2,True,9998,-0.01164757858126205,2,ofi
SNACKPACK,SNACKPACK_RASPBERRY,3,True,9997,0.01990292417430313,2,ofi
SNACKPACK,SNACKPACK_RASPBERRY,4,True,9996,-0.0026464380173000994,2,ofi
SNACKPACK,SNACKPACK_RASPBERRY,5,True,9995,0.0015663955654916042,2,ofi
SNACKPACK,SNACKPACK_STRAWBERRY,1,True,9999,0.012056938444342679,2,ofi
SNACKPACK,SNACKPACK_STRAWBERRY,2,True,9998,0.0068104785602453545,2,ofi
SNACKPACK,SNACKPACK_STRAWBERRY,3,True,9997,-0.016921496687487315,2,ofi
SNACKPACK,SNACKPACK_STRAWBERRY,4,True,9996,-0.0020248333202333275,2,ofi
SNACKPACK,SNACKPACK_STRAWBERRY,5,True,9995,0.004474561582851312,2,ofi
SNACKPACK,SNACKPACK_PISTACHIO,1,True,9999,0.008953311917149537,2,ofi
SNACKPACK,SNACKPACK_PISTACHIO,2,True,9998,0.0029261024403200026,2,ofi
SNACKPACK,SNACKPACK_PISTACHIO,3,True,9997,-0.020952118178530946,2,ofi
SNACKPACK,SNACKPACK_PISTACHIO,4,True,9996,0.0014423840520953212,2,ofi
SNACKPACK,SNACKPACK_PISTACHIO,5,True,9995,0.0006779055005591494,2,ofi
GALAXY_SOUNDS,GALAXY_SOUNDS_DARK_MATTER,1,True,9999,-0.002210711390454241,3,ofi
GALAXY_SOUNDS,GALAXY_SOUNDS_DARK_MATTER,2,True,9998,0.006056831883354219,3,ofi
GALAXY_SOUNDS,GALAXY_SOUNDS_DARK_MATTER,3,True,9997,-0.01595756557603183,3,ofi
GALAXY_SOUNDS,GALAXY_SOUNDS_DARK_MATTER,4,True,9996,-0.005577726146005877,3,ofi
GALAXY_SOUNDS,GALAXY_SOUNDS_DARK_MATTER,5,True,9995,0.004549011036813767,3,ofi
GALAXY_SOUNDS,GALAXY_SOUNDS_BLACK_HOLES,1,True,9999,0.0027504903071029923,3,ofi
GALAXY_SOUNDS,GALAXY_SOUNDS_BLACK_HOLES,2,True,9998,-0.0022709004605575333,3,ofi
GALAXY_SOUNDS,GALAXY_SOUNDS_BLACK_HOLES,3,True,9997,0.003659910351488772,3,ofi
GALAXY_SOUNDS,GALAXY_SOUNDS_BLACK_HOLES,4,True,9996,0.004114652156714394,3,ofi
GALAXY_SOUNDS,GALAXY_SOUNDS_BLACK_HOLES,5,True,9995,-0.0015247943741838175,3,ofi
GALAXY_SOUNDS,GALAXY_SOUNDS_PLANETARY_RINGS,1,True,9999,0.010311049912055266,3,ofi
GALAXY_SOUNDS,GALAXY_SOUNDS_PLANETARY_RINGS,2,True,9998,-0.014469488848966618,3,ofi
GALAXY_SOUNDS,GALAXY_SOUNDS_PLANETARY_RINGS,3,True,9997,0.002273177336920645,3,ofi
GALAXY_SOUNDS,GALAXY_SOUNDS_PLANETARY_RINGS,4,True,9996,-0.014869745027982441,3,ofi
GALAXY_SOUNDS,GALAXY_SOUNDS_PLANETARY_RINGS,5,True,9995,0.005959777975764053,3,ofi
GALAXY_SOUNDS,GALAXY_SOUNDS_SOLAR_WINDS,1,True,9999,-0.0030324504697688682,3,ofi
GALAXY_SOUNDS,GALAXY_SOUNDS_SOLAR_WINDS,2,True,9998,-0.0051993562023111995,3,ofi
GALAXY_SOUNDS,GALAXY_SOUNDS_SOLAR_WINDS,3,True,9997,-0.013217639190072291,3,ofi
GALAXY_SOUNDS,GALAXY_SOUNDS_SOLAR_WINDS,4,True,9996,0.0023314699645487174,3,ofi
GALAXY_SOUNDS,GALAXY_SOUNDS_SOLAR_WINDS,5,True,9995,7.835817870647912e-05,3,ofi
GALAXY_SOUNDS,GALAXY_SOUNDS_SOLAR_FLAMES,1,True,9999,-0.023611976717077415,3,ofi
GALAXY_SOUNDS,GALAXY_SOUNDS_SOLAR_FLAMES,2,True,9998,-0.005319437576935415,3,ofi
GALAXY_SOUNDS,GALAXY_SOUNDS_SOLAR_FLAMES,3,True,9997,-0.0037274859360484163,3,ofi
GALAXY_SOUNDS,GALAXY_SOUNDS_SOLAR_FLAMES,4,True,9996,0.0022502337098868775,3,ofi
GALAXY_SOUNDS,GALAXY_SOUNDS_SOLAR_FLAMES,5,True,9995,0.009977105436076154,3,ofi
SLEEP_POD,SLEEP_POD_SUEDE,1,True,9999,0.012002773209120824,3,ofi
SLEEP_POD,SLEEP_POD_SUEDE,2,True,9998,0.007315623928419547,3,ofi
SLEEP_POD,SLEEP_POD_SUEDE,3,True,9997,0.0018419600651133014,3,ofi
SLEEP_POD,SLEEP_POD_SUEDE,4,True,9996,-0.003414192348167872,3,ofi
SLEEP_POD,SLEEP_POD_SUEDE,5,True,9995,0.006009970817112686,3,ofi
SLEEP_POD,SLEEP_POD_LAMB_WOOL,1,True,9999,-0.004903140291834103,3,ofi
SLEEP_POD,SLEEP_POD_LAMB_WOOL,2,True,9998,-0.005246964714718515,3,ofi
SLEEP_POD,SLEEP_POD_LAMB_WOOL,3,True,9997,-0.012629726890031437,3,ofi
SLEEP_POD,SLEEP_POD_LAMB_WOOL,4,True,9996,-0.0012386102774813472,3,ofi
SLEEP_POD,SLEEP_POD_LAMB_WOOL,5,True,9995,0.007945883148906924,3,ofi
SLEEP_POD,SLEEP_POD_POLYESTER,1,True,9999,-0.004521182703795126,3,ofi
SLEEP_POD,SLEEP_POD_POLYESTER,2,True,9998,-0.010422163915880179,3,ofi
SLEEP_POD,SLEEP_POD_POLYESTER,3,True,9997,-0.007364129024787172,3,ofi
SLEEP_POD,SLEEP_POD_POLYESTER,4,True,9996,0.004794063929702017,3,ofi
SLEEP_POD,SLEEP_POD_POLYESTER,5,True,9995,0.011267697188000645,3,ofi
SLEEP_POD,SLEEP_POD_NYLON,1,True,9999,-0.004031661991669262,3,ofi
SLEEP_POD,SLEEP_POD_NYLON,2,True,9998,0.02484218760434531,3,ofi
SLEEP_POD,SLEEP_POD_NYLON,3,True,9997,0.0009210433925876083,3,ofi
SLEEP_POD,SLEEP_POD_NYLON,4,True,9996,0.012192498021873319,3,ofi
SLEEP_POD,SLEEP_POD_NYLON,5,True,9995,-0.0075471327530736935,3,ofi
SLEEP_POD,SLEEP_POD_COTTON,1,True,9999,0.00423797311653045,3,ofi
SLEEP_POD,SLEEP_POD_COTTON,2,True,9998,-0.005789463188764967,3,ofi
SLEEP_POD,SLEEP_POD_COTTON,3,True,9997,-0.006693610628767177,3,ofi
SLEEP_POD,SLEEP_POD_COTTON,4,True,9996,0.0056513680829867055,3,ofi
SLEEP_POD,SLEEP_POD_COTTON,5,True,9995,0.0072431924466057306,3,ofi
MICROCHIP,MICROCHIP_CIRCLE,1,True,9999,0.00028546448516608404,3,ofi
MICROCHIP,MICROCHIP_CIRCLE,2,True,9998,-0.0027838939535485938,3,ofi
MICROCHIP,MICROCHIP_CIRCLE,3,True,9997,-0.007284946884475195,3,ofi
MICROCHIP,MICROCHIP_CIRCLE,4,True,9996,0.006554107353991766,3,ofi
MICROCHIP,MICROCHIP_CIRCLE,5,True,9995,0.0011081346925667518,3,ofi
MICROCHIP,MICROCHIP_OVAL,1,True,9999,0.0006994611248721093,3,ofi
MICROCHIP,MICROCHIP_OVAL,2,True,9998,0.003920101656206613,3,ofi
MICROCHIP,MICROCHIP_OVAL,3,True,9997,0.015871326041359355,3,ofi
MICROCHIP,MICROCHIP_OVAL,4,True,9996,-0.005173393354069889,3,ofi
MICROCHIP,MICROCHIP_OVAL,5,True,9995,0.007844884334176558,3,ofi
MICROCHIP,MICROCHIP_SQUARE,1,True,9999,0.003825192841002983,3,ofi
MICROCHIP,MICROCHIP_SQUARE,2,True,9998,0.004865070271752398,3,ofi
MICROCHIP,MICROCHIP_SQUARE,3,True,9997,-0.012383986723475387,3,ofi
MICROCHIP,MICROCHIP_SQUARE,4,True,9996,-0.020089042752035137,3,ofi
MICROCHIP,MICROCHIP_SQUARE,5,True,9995,-0.014197260885449535,3,ofi
MICROCHIP,MICROCHIP_RECTANGLE,1,True,9999,-0.001092843914611609,3,ofi
MICROCHIP,MICROCHIP_RECTANGLE,2,True,9998,-0.010842621420667463,3,ofi
MICROCHIP,MICROCHIP_RECTANGLE,3,True,9997,0.020553968384971668,3,ofi
MICROCHIP,MICROCHIP_RECTANGLE,4,True,9996,-0.0027412903832329614,3,ofi
MICROCHIP,MICROCHIP_RECTANGLE,5,True,9995,0.001659593087048168,3,ofi
MICROCHIP,MICROCHIP_TRIANGLE,1,True,9999,-0.008532104626628755,3,ofi
MICROCHIP,MICROCHIP_TRIANGLE,2,True,9998,-0.0023503495138043136,3,ofi
MICROCHIP,MICROCHIP_TRIANGLE,3,True,9997,0.008370526611796929,3,ofi
MICROCHIP,MICROCHIP_TRIANGLE,4,True,9996,0.008070140296443219,3,ofi
MICROCHIP,MICROCHIP_TRIANGLE,5,True,9995,0.0063850401547111526,3,ofi
PEBBLES,PEBBLES_XS,1,True,9999,-0.008157870408942423,3,ofi
PEBBLES,PEBBLES_XS,2,True,9998,-0.01063019578568082,3,ofi
PEBBLES,PEBBLES_XS,3,True,9997,-0.0004094118521614248,3,ofi
PEBBLES,PEBBLES_XS,4,True,9996,0.011860717869128238,3,ofi
PEBBLES,PEBBLES_XS,5,True,9995,0.009423196717235863,3,ofi
PEBBLES,PEBBLES_S,1,True,9999,-0.00447185374617916,3,ofi
PEBBLES,PEBBLES_S,2,True,9998,0.010040544887543962,3,ofi
PEBBLES,PEBBLES_S,3,True,9997,0.007175172267061127,3,ofi
PEBBLES,PEBBLES_S,4,True,9996,-0.0029034470105354366,3,ofi
PEBBLES,PEBBLES_S,5,True,9995,-0.0024652964076448004,3,ofi
PEBBLES,PEBBLES_M,1,True,9999,0.005549840724207865,3,ofi
PEBBLES,PEBBLES_M,2,True,9998,0.006876031103389816,3,ofi
PEBBLES,PEBBLES_M,3,True,9997,0.011566059871317688,3,ofi
PEBBLES,PEBBLES_M,4,True,9996,0.009927488119970622,3,ofi
PEBBLES,PEBBLES_M,5,True,9995,-0.0036504889372967783,3,ofi
PEBBLES,PEBBLES_L,1,True,9999,0.008532663560939529,3,ofi
PEBBLES,PEBBLES_L,2,True,9998,-0.007298472512618034,3,ofi
PEBBLES,PEBBLES_L,3,True,9997,-0.005757809285421761,3,ofi
PEBBLES,PEBBLES_L,4,True,9996,-0.012790343259757008,3,ofi
PEBBLES,PEBBLES_L,5,True,9995,0.01151620024398385,3,ofi
PEBBLES,PEBBLES_XL,1,True,9999,-0.0013462997703448149,3,ofi
PEBBLES,PEBBLES_XL,2,True,9998,0.0027423137828835363,3,ofi
PEBBLES,PEBBLES_XL,3,True,9997,-0.008407651043390372,3,ofi
PEBBLES,PEBBLES_XL,4,True,9996,-0.0028040869683934985,3,ofi
PEBBLES,PEBBLES_XL,5,True,9995,-0.007513799781899144,3,ofi
ROBOT,ROBOT_VACUUMING,1,True,9999,0.00014957744476000703,3,ofi
ROBOT,ROBOT_VACUUMING,2,True,9998,-0.0035054482507854354,3,ofi
ROBOT,ROBOT_VACUUMING,3,True,9997,0.004967252697585523,3,ofi
ROBOT,ROBOT_VACUUMING,4,True,9996,-0.013322268088380133,3,ofi
ROBOT,ROBOT_VACUUMING,5,True,9995,0.015333428481853505,3,ofi
ROBOT,ROBOT_MOPPING,1,True,9999,8.325794566883306e-05,3,ofi
ROBOT,ROBOT_MOPPING,2,True,9998,0.0037027226403302783,3,ofi
ROBOT,ROBOT_MOPPING,3,True,9997,0.011134071006311376,3,ofi
ROBOT,ROBOT_MOPPING,4,True,9996,0.007039222753021036,3,ofi
ROBOT,ROBOT_MOPPING,5,True,9995,0.003191138786718405,3,ofi
ROBOT,ROBOT_DISHES,1,True,9999,-0.007485466997297856,3,ofi
ROBOT,ROBOT_DISHES,2,True,9998,0.008212982572085225,3,ofi
ROBOT,ROBOT_DISHES,3,True,9997,-0.010214872963720341,3,ofi
ROBOT,ROBOT_DISHES,4,True,9996,0.0022617317141928692,3,ofi
ROBOT,ROBOT_DISHES,5,True,9995,-0.01274105109379201,3,ofi
ROBOT,ROBOT_LAUNDRY,1,True,9999,0.002605127653007589,3,ofi
ROBOT,ROBOT_LAUNDRY,2,True,9998,-0.0026352462293450615,3,ofi
ROBOT,ROBOT_LAUNDRY,3,True,9997,0.006028802834054298,3,ofi
ROBOT,ROBOT_LAUNDRY,4,True,9996,0.00974266429276189,3,ofi
ROBOT,ROBOT_LAUNDRY,5,True,9995,-0.0019676086666057645,3,ofi
ROBOT,ROBOT_IRONING,1,True,9999,-0.0031368772244136185,3,ofi
ROBOT,ROBOT_IRONING,2,True,9998,-0.005113614731416701,3,ofi
ROBOT,ROBOT_IRONING,3,True,9997,-0.0034228608447541796,3,ofi
ROBOT,ROBOT_IRONING,4,True,9996,0.011919622893980185,3,ofi
ROBOT,ROBOT_IRONING,5,True,9995,-0.012010488122711896,3,ofi
UV_VISOR,UV_VISOR_AMBER,1,True,9999,-0.009713634226825274,3,ofi
UV_VISOR,UV_VISOR_AMBER,2,True,9998,-0.005111828054022836,3,ofi
UV_VISOR,UV_VISOR_AMBER,3,True,9997,0.008885822526765926,3,ofi
UV_VISOR,UV_VISOR_AMBER,4,True,9996,0.003933211086421034,3,ofi
UV_VISOR,UV_VISOR_AMBER,5,True,9995,-0.0009669376322656122,3,ofi
UV_VISOR,UV_VISOR_MAGENTA,1,True,9999,0.0007021332056019138,3,ofi
UV_VISOR,UV_VISOR_MAGENTA,2,True,9998,-0.004724691457442525,3,ofi
UV_VISOR,UV_VISOR_MAGENTA,3,True,9997,0.005469718889435505,3,ofi
UV_VISOR,UV_VISOR_MAGENTA,4,True,9996,-0.0022439869685108205,3,ofi
UV_VISOR,UV_VISOR_MAGENTA,5,True,9995,0.020964255882792833,3,ofi
UV_VISOR,UV_VISOR_ORANGE,1,True,9999,-0.009932733715421098,3,ofi
UV_VISOR,UV_VISOR_ORANGE,2,True,9998,0.008258307166186741,3,ofi
UV_VISOR,UV_VISOR_ORANGE,3,True,9997,-0.004471120945270212,3,ofi
UV_VISOR,UV_VISOR_ORANGE,4,True,9996,0.0017236873498894193,3,ofi
UV_VISOR,UV_VISOR_ORANGE,5,True,9995,-0.003700968949677237,3,ofi
UV_VISOR,UV_VISOR_RED,1,True,9999,0.008867885384575652,3,ofi
UV_VISOR,UV_VISOR_RED,2,True,9998,0.02522482618868832,3,ofi
UV_VISOR,UV_VISOR_RED,3,True,9997,-0.00519519849081351,3,ofi
UV_VISOR,UV_VISOR_RED,4,True,9996,0.009125591481181526,3,ofi
UV_VISOR,UV_VISOR_RED,5,True,9995,-0.006876565491287892,3,ofi
UV_VISOR,UV_VISOR_YELLOW,1,True,9999,0.013278974703667517,3,ofi
UV_VISOR,UV_VISOR_YELLOW,2,True,9998,-0.004526174630104264,3,ofi
UV_VISOR,UV_VISOR_YELLOW,3,True,9997,-0.000391732464286547,3,ofi
UV_VISOR,UV_VISOR_YELLOW,4,True,9996,0.004123050238239738,3,ofi
UV_VISOR,UV_VISOR_YELLOW,5,True,9995,0.027937660495408013,3,ofi
TRANSLATOR,TRANSLATOR_ASTRO_BLACK,1,True,9999,0.00037477702813330094,3,ofi
TRANSLATOR,TRANSLATOR_ASTRO_BLACK,2,True,9998,0.005468038826737001,3,ofi
TRANSLATOR,TRANSLATOR_ASTRO_BLACK,3,True,9997,0.008934755163643946,3,ofi
TRANSLATOR,TRANSLATOR_ASTRO_BLACK,4,True,9996,-0.0063085071526047115,3,ofi
TRANSLATOR,TRANSLATOR_ASTRO_BLACK,5,True,9995,0.009580001797391487,3,ofi
TRANSLATOR,TRANSLATOR_ECLIPSE_CHARCOAL,1,True,9999,0.011793567595390355,3,ofi
TRANSLATOR,TRANSLATOR_ECLIPSE_CHARCOAL,2,True,9998,0.007092578401618992,3,ofi
TRANSLATOR,TRANSLATOR_ECLIPSE_CHARCOAL,3,True,9997,0.0110249522549053,3,ofi
TRANSLATOR,TRANSLATOR_ECLIPSE_CHARCOAL,4,True,9996,0.0045792562467887295,3,ofi
TRANSLATOR,TRANSLATOR_ECLIPSE_CHARCOAL,5,True,9995,-0.007522437939152546,3,ofi
TRANSLATOR,TRANSLATOR_GRAPHITE_MIST,1,True,9999,0.007872216605129356,3,ofi
TRANSLATOR,TRANSLATOR_GRAPHITE_MIST,2,True,9998,0.021982129072981787,3,ofi
TRANSLATOR,TRANSLATOR_GRAPHITE_MIST,3,True,9997,-0.012059752207975874,3,ofi
TRANSLATOR,TRANSLATOR_GRAPHITE_MIST,4,True,9996,-0.0037054394532088568,3,ofi
TRANSLATOR,TRANSLATOR_GRAPHITE_MIST,5,True,9995,0.00014370729855911306,3,ofi
TRANSLATOR,TRANSLATOR_SPACE_GRAY,1,True,9999,-0.008115992007730102,3,ofi
TRANSLATOR,TRANSLATOR_SPACE_GRAY,2,True,9998,0.0027354549070676103,3,ofi
TRANSLATOR,TRANSLATOR_SPACE_GRAY,3,True,9997,-0.012339723287980987,3,ofi
TRANSLATOR,TRANSLATOR_SPACE_GRAY,4,True,9996,0.006524942919419685,3,ofi
TRANSLATOR,TRANSLATOR_SPACE_GRAY,5,True,9995,-0.0008878095099449544,3,ofi
TRANSLATOR,TRANSLATOR_VOID_BLUE,1,True,9999,-0.0018743520837203264,3,ofi
TRANSLATOR,TRANSLATOR_VOID_BLUE,2,True,9998,0.014559918861564715,3,ofi
TRANSLATOR,TRANSLATOR_VOID_BLUE,3,True,9997,0.010411432443822055,3,ofi
TRANSLATOR,TRANSLATOR_VOID_BLUE,4,True,9996,0.0014027853594595233,3,ofi
TRANSLATOR,TRANSLATOR_VOID_BLUE,5,True,9995,-0.002663118069035995,3,ofi
PANEL,PANEL_1X2,1,True,9999,0.017249594318640343,3,ofi
PANEL,PANEL_1X2,2,True,9998,0.008241200309631111,3,ofi
PANEL,PANEL_1X2,3,True,9997,-0.003220597367864924,3,ofi
PANEL,PANEL_1X2,4,True,9996,-0.0008616818993871135,3,ofi
PANEL,PANEL_1X2,5,True,9995,0.007073167505095983,3,ofi
PANEL,PANEL_1X4,1,True,9999,0.002349733364298584,3,ofi
PANEL,PANEL_1X4,2,True,9998,-0.01363353321288578,3,ofi
PANEL,PANEL_1X4,3,True,9997,-0.012396871168067435,3,ofi
PANEL,PANEL_1X4,4,True,9996,-0.0012661904187040568,3,ofi
PANEL,PANEL_1X4,5,True,9995,0.00046169125454781346,3,ofi
PANEL,PANEL_2X2,1,True,9999,0.002159520136005528,3,ofi
PANEL,PANEL_2X2,2,True,9998,-0.01572801452138951,3,ofi
PANEL,PANEL_2X2,3,True,9997,0.008557506400280331,3,ofi
PANEL,PANEL_2X2,4,True,9996,-0.004461773308829467,3,ofi
PANEL,PANEL_2X2,5,True,9995,-0.016154535475016534,3,ofi
PANEL,PANEL_2X4,1,True,9999,0.010125847197412614,3,ofi
PANEL,PANEL_2X4,2,True,9998,0.007963231558129431,3,ofi
PANEL,PANEL_2X4,3,True,9997,-0.002139355379884734,3,ofi
PANEL,PANEL_2X4,4,True,9996,0.007812999235954146,3,ofi
PANEL,PANEL_2X4,5,True,9995,0.008049969819858721,3,ofi
PANEL,PANEL_4X4,1,True,9999,-0.003616401105115212,3,ofi
PANEL,PANEL_4X4,2,True,9998,-0.007070439617471585,3,ofi
PANEL,PANEL_4X4,3,True,9997,-0.009908294872965335,3,ofi
PANEL,PANEL_4X4,4,True,9996,-0.023213202016242548,3,ofi
PANEL,PANEL_4X4,5,True,9995,0.013624121306686398,3,ofi
OXYGEN_SHAKE,OXYGEN_SHAKE_CHOCOLATE,1,True,9999,0.009048626431766094,3,ofi
OXYGEN_SHAKE,OXYGEN_SHAKE_CHOCOLATE,2,True,9998,-0.004402206850049931,3,ofi
OXYGEN_SHAKE,OXYGEN_SHAKE_CHOCOLATE,3,True,9997,0.001935378414109435,3,ofi
OXYGEN_SHAKE,OXYGEN_SHAKE_CHOCOLATE,4,True,9996,-0.019720326964133197,3,ofi
OXYGEN_SHAKE,OXYGEN_SHAKE_CHOCOLATE,5,True,9995,-0.0019487417228024764,3,ofi
OXYGEN_SHAKE,OXYGEN_SHAKE_MINT,1,True,9999,0.0032170108450138334,3,ofi
OXYGEN_SHAKE,OXYGEN_SHAKE_MINT,2,True,9998,0.01346034482574956,3,ofi
OXYGEN_SHAKE,OXYGEN_SHAKE_MINT,3,True,9997,-0.0016255245695593421,3,ofi
OXYGEN_SHAKE,OXYGEN_SHAKE_MINT,4,True,9996,-0.00932309409710204,3,ofi
OXYGEN_SHAKE,OXYGEN_SHAKE_MINT,5,True,9995,-0.0012887898205738264,3,ofi
OXYGEN_SHAKE,OXYGEN_SHAKE_GARLIC,1,True,9999,0.011994130304053,3,ofi
OXYGEN_SHAKE,OXYGEN_SHAKE_GARLIC,2,True,9998,0.02230014070601556,3,ofi
OXYGEN_SHAKE,OXYGEN_SHAKE_GARLIC,3,True,9997,0.007858655151870488,3,ofi
OXYGEN_SHAKE,OXYGEN_SHAKE_GARLIC,4,True,9996,-0.020904438536698825,3,ofi
OXYGEN_SHAKE,OXYGEN_SHAKE_GARLIC,5,True,9995,-0.02786929036121681,3,ofi
OXYGEN_SHAKE,OXYGEN_SHAKE_MORNING_BREATH,1,True,9999,-0.005530813382284708,3,ofi
OXYGEN_SHAKE,OXYGEN_SHAKE_MORNING_BREATH,2,True,9998,-0.000421180979188826,3,ofi
OXYGEN_SHAKE,OXYGEN_SHAKE_MORNING_BREATH,3,True,9997,0.011633916427822626,3,ofi
OXYGEN_SHAKE,OXYGEN_SHAKE_MORNING_BREATH,4,True,9996,0.01342319041360502,3,ofi
OXYGEN_SHAKE,OXYGEN_SHAKE_MORNING_BREATH,5,True,9995,0.004396166368793811,3,ofi
OXYGEN_SHAKE,OXYGEN_SHAKE_EVENING_BREATH,1,True,9999,-0.0014530362656443373,3,ofi
OXYGEN_SHAKE,OXYGEN_SHAKE_EVENING_BREATH,2,True,9998,-0.009979994234623736,3,ofi
OXYGEN_SHAKE,OXYGEN_SHAKE_EVENING_BREATH,3,True,9997,-0.0036188332491601067,3,ofi
OXYGEN_SHAKE,OXYGEN_SHAKE_EVENING_BREATH,4,True,9996,0.012207646794917017,3,ofi
OXYGEN_SHAKE,OXYGEN_SHAKE_EVENING_BREATH,5,True,9995,-0.015634160971157378,3,ofi
SNACKPACK,SNACKPACK_CHOCOLATE,1,True,9999,0.008076924089801651,3,ofi
SNACKPACK,SNACKPACK_CHOCOLATE,2,True,9998,-0.003589267048282379,3,ofi
SNACKPACK,SNACKPACK_CHOCOLATE,3,True,9997,-0.0034877263855746126,3,ofi
SNACKPACK,SNACKPACK_CHOCOLATE,4,True,9996,0.009838298920847106,3,ofi
SNACKPACK,SNACKPACK_CHOCOLATE,5,True,9995,0.01447771918921558,3,ofi
SNACKPACK,SNACKPACK_VANILLA,1,True,9999,-0.005010165195463523,3,ofi
SNACKPACK,SNACKPACK_VANILLA,2,True,9998,0.005233748954342291,3,ofi
SNACKPACK,SNACKPACK_VANILLA,3,True,9997,0.0035879062840677455,3,ofi
SNACKPACK,SNACKPACK_VANILLA,4,True,9996,-0.009986350001627205,3,ofi
SNACKPACK,SNACKPACK_VANILLA,5,True,9995,-0.015458962185490956,3,ofi
SNACKPACK,SNACKPACK_RASPBERRY,1,True,9999,0.008747229573624922,3,ofi
SNACKPACK,SNACKPACK_RASPBERRY,2,True,9998,-0.0033947004801423842,3,ofi
SNACKPACK,SNACKPACK_RASPBERRY,3,True,9997,0.0038185071123303525,3,ofi
SNACKPACK,SNACKPACK_RASPBERRY,4,True,9996,0.0010218045360188427,3,ofi
SNACKPACK,SNACKPACK_RASPBERRY,5,True,9995,-0.0027682959877798237,3,ofi
SNACKPACK,SNACKPACK_STRAWBERRY,1,True,9999,-0.007608466981995418,3,ofi
SNACKPACK,SNACKPACK_STRAWBERRY,2,True,9998,0.0023643568865737855,3,ofi
SNACKPACK,SNACKPACK_STRAWBERRY,3,True,9997,-0.011506814986113093,3,ofi
SNACKPACK,SNACKPACK_STRAWBERRY,4,True,9996,-0.0006246458784611237,3,ofi
SNACKPACK,SNACKPACK_STRAWBERRY,5,True,9995,0.002633069506165048,3,ofi
SNACKPACK,SNACKPACK_PISTACHIO,1,True,9999,-0.013580711853759782,3,ofi
SNACKPACK,SNACKPACK_PISTACHIO,2,True,9998,-0.0010127968685170608,3,ofi
SNACKPACK,SNACKPACK_PISTACHIO,3,True,9997,-0.003093126443359755,3,ofi
SNACKPACK,SNACKPACK_PISTACHIO,4,True,9996,0.00033857892760378737,3,ofi
SNACKPACK,SNACKPACK_PISTACHIO,5,True,9995,-0.001036216162001817,3,ofi
GALAXY_SOUNDS,GALAXY_SOUNDS_DARK_MATTER,1,True,9999,-0.0018221604805623356,4,ofi
GALAXY_SOUNDS,GALAXY_SOUNDS_DARK_MATTER,2,True,9998,0.005162933071399707,4,ofi
GALAXY_SOUNDS,GALAXY_SOUNDS_DARK_MATTER,3,True,9997,0.0029096829844086234,4,ofi
GALAXY_SOUNDS,GALAXY_SOUNDS_DARK_MATTER,4,True,9996,0.005529454450936072,4,ofi
GALAXY_SOUNDS,GALAXY_SOUNDS_DARK_MATTER,5,True,9995,-0.00963392154851037,4,ofi
GALAXY_SOUNDS,GALAXY_SOUNDS_BLACK_HOLES,1,True,9999,-0.0225894777667345,4,ofi
GALAXY_SOUNDS,GALAXY_SOUNDS_BLACK_HOLES,2,True,9998,0.005080278266821893,4,ofi
GALAXY_SOUNDS,GALAXY_SOUNDS_BLACK_HOLES,3,True,9997,0.000852630984817074,4,ofi
GALAXY_SOUNDS,GALAXY_SOUNDS_BLACK_HOLES,4,True,9996,0.005232644574437906,4,ofi
GALAXY_SOUNDS,GALAXY_SOUNDS_BLACK_HOLES,5,True,9995,-0.009650964211598423,4,ofi
GALAXY_SOUNDS,GALAXY_SOUNDS_PLANETARY_RINGS,1,True,9999,-0.008938141087805147,4,ofi
GALAXY_SOUNDS,GALAXY_SOUNDS_PLANETARY_RINGS,2,True,9998,-0.01499431909070631,4,ofi
GALAXY_SOUNDS,GALAXY_SOUNDS_PLANETARY_RINGS,3,True,9997,0.01998417328802181,4,ofi
GALAXY_SOUNDS,GALAXY_SOUNDS_PLANETARY_RINGS,4,True,9996,-0.0025260380900715886,4,ofi
GALAXY_SOUNDS,GALAXY_SOUNDS_PLANETARY_RINGS,5,True,9995,0.004945198916973176,4,ofi
GALAXY_SOUNDS,GALAXY_SOUNDS_SOLAR_WINDS,1,True,9999,-0.005341776579785035,4,ofi
GALAXY_SOUNDS,GALAXY_SOUNDS_SOLAR_WINDS,2,True,9998,-0.004598821203366554,4,ofi
GALAXY_SOUNDS,GALAXY_SOUNDS_SOLAR_WINDS,3,True,9997,0.00989053805087168,4,ofi
GALAXY_SOUNDS,GALAXY_SOUNDS_SOLAR_WINDS,4,True,9996,-0.0011458719856791838,4,ofi
GALAXY_SOUNDS,GALAXY_SOUNDS_SOLAR_WINDS,5,True,9995,-0.010435419670594834,4,ofi
GALAXY_SOUNDS,GALAXY_SOUNDS_SOLAR_FLAMES,1,True,9999,0.0060525783255193305,4,ofi
GALAXY_SOUNDS,GALAXY_SOUNDS_SOLAR_FLAMES,2,True,9998,-0.01701560800755192,4,ofi
GALAXY_SOUNDS,GALAXY_SOUNDS_SOLAR_FLAMES,3,True,9997,-8.718056864910558e-05,4,ofi
GALAXY_SOUNDS,GALAXY_SOUNDS_SOLAR_FLAMES,4,True,9996,0.006317460799231581,4,ofi
GALAXY_SOUNDS,GALAXY_SOUNDS_SOLAR_FLAMES,5,True,9995,-0.005668426410248749,4,ofi
SLEEP_POD,SLEEP_POD_SUEDE,1,True,9999,-0.0032957388598609328,4,ofi
SLEEP_POD,SLEEP_POD_SUEDE,2,True,9998,0.010132029688859349,4,ofi
SLEEP_POD,SLEEP_POD_SUEDE,3,True,9997,-0.001212176430190776,4,ofi
SLEEP_POD,SLEEP_POD_SUEDE,4,True,9996,0.01385188865675243,4,ofi
SLEEP_POD,SLEEP_POD_SUEDE,5,True,9995,-0.005584833710378663,4,ofi
SLEEP_POD,SLEEP_POD_LAMB_WOOL,1,True,9999,0.0029972654737021637,4,ofi
SLEEP_POD,SLEEP_POD_LAMB_WOOL,2,True,9998,-0.010935041534801742,4,ofi
SLEEP_POD,SLEEP_POD_LAMB_WOOL,3,True,9997,0.005631004788273888,4,ofi
SLEEP_POD,SLEEP_POD_LAMB_WOOL,4,True,9996,0.008518291097663992,4,ofi
SLEEP_POD,SLEEP_POD_LAMB_WOOL,5,True,9995,-0.0037891523000975944,4,ofi
SLEEP_POD,SLEEP_POD_POLYESTER,1,True,9999,-0.023320227880987043,4,ofi
SLEEP_POD,SLEEP_POD_POLYESTER,2,True,9998,0.020206726316822975,4,ofi
SLEEP_POD,SLEEP_POD_POLYESTER,3,True,9997,-0.013264428026491118,4,ofi
SLEEP_POD,SLEEP_POD_POLYESTER,4,True,9996,0.002913880869223507,4,ofi
SLEEP_POD,SLEEP_POD_POLYESTER,5,True,9995,0.008620289763623024,4,ofi
SLEEP_POD,SLEEP_POD_NYLON,1,True,9999,0.0028804206398480334,4,ofi
SLEEP_POD,SLEEP_POD_NYLON,2,True,9998,0.007349336433361341,4,ofi
SLEEP_POD,SLEEP_POD_NYLON,3,True,9997,-0.020261500930793142,4,ofi
SLEEP_POD,SLEEP_POD_NYLON,4,True,9996,-0.012730075105465354,4,ofi
SLEEP_POD,SLEEP_POD_NYLON,5,True,9995,-0.01935760662592204,4,ofi
SLEEP_POD,SLEEP_POD_COTTON,1,True,9999,-0.01374090148976488,4,ofi
SLEEP_POD,SLEEP_POD_COTTON,2,True,9998,-0.004633212493536607,4,ofi
SLEEP_POD,SLEEP_POD_COTTON,3,True,9997,-0.010720681576351141,4,ofi
SLEEP_POD,SLEEP_POD_COTTON,4,True,9996,0.008936069959997113,4,ofi
SLEEP_POD,SLEEP_POD_COTTON,5,True,9995,-0.009584284735676107,4,ofi
MICROCHIP,MICROCHIP_CIRCLE,1,True,9999,0.009021940743881263,4,ofi
MICROCHIP,MICROCHIP_CIRCLE,2,True,9998,0.015022588685598779,4,ofi
MICROCHIP,MICROCHIP_CIRCLE,3,True,9997,-0.005220144191541136,4,ofi
MICROCHIP,MICROCHIP_CIRCLE,4,True,9996,0.0025049525207037422,4,ofi
MICROCHIP,MICROCHIP_CIRCLE,5,True,9995,-0.011101406061344972,4,ofi
MICROCHIP,MICROCHIP_OVAL,1,True,9999,-0.015685583866646046,4,ofi
MICROCHIP,MICROCHIP_OVAL,2,True,9998,-0.0010876619941648492,4,ofi
MICROCHIP,MICROCHIP_OVAL,3,True,9997,-0.005404119056551141,4,ofi
MICROCHIP,MICROCHIP_OVAL,4,True,9996,0.002962392466476478,4,ofi
MICROCHIP,MICROCHIP_OVAL,5,True,9995,-0.01313300430378276,4,ofi
MICROCHIP,MICROCHIP_SQUARE,1,True,9999,0.01730950969550931,4,ofi
MICROCHIP,MICROCHIP_SQUARE,2,True,9998,-0.0045082779327801845,4,ofi
MICROCHIP,MICROCHIP_SQUARE,3,True,9997,0.0012525582929963997,4,ofi
MICROCHIP,MICROCHIP_SQUARE,4,True,9996,0.0028357054365711096,4,ofi
MICROCHIP,MICROCHIP_SQUARE,5,True,9995,-0.015561253176471035,4,ofi
MICROCHIP,MICROCHIP_RECTANGLE,1,True,9999,0.017018299948188428,4,ofi
MICROCHIP,MICROCHIP_RECTANGLE,2,True,9998,-0.006155689690084372,4,ofi
MICROCHIP,MICROCHIP_RECTANGLE,3,True,9997,-0.004171595529403808,4,ofi
MICROCHIP,MICROCHIP_RECTANGLE,4,True,9996,0.019518700688376286,4,ofi
MICROCHIP,MICROCHIP_RECTANGLE,5,True,9995,-0.009740355937886417,4,ofi
MICROCHIP,MICROCHIP_TRIANGLE,1,True,9999,-9.774955853675057e-05,4,ofi
MICROCHIP,MICROCHIP_TRIANGLE,2,True,9998,0.004370965618906641,4,ofi
MICROCHIP,MICROCHIP_TRIANGLE,3,True,9997,0.006812087681133023,4,ofi
MICROCHIP,MICROCHIP_TRIANGLE,4,True,9996,-0.017731607490008197,4,ofi
MICROCHIP,MICROCHIP_TRIANGLE,5,True,9995,-0.0035729835548752916,4,ofi
PEBBLES,PEBBLES_XS,1,True,9999,-0.01161331441279255,4,ofi
PEBBLES,PEBBLES_XS,2,True,9998,0.01014466686737153,4,ofi
PEBBLES,PEBBLES_XS,3,True,9997,-0.014247303436991262,4,ofi
PEBBLES,PEBBLES_XS,4,True,9996,-0.002109276961455177,4,ofi
PEBBLES,PEBBLES_XS,5,True,9995,0.004115558622581954,4,ofi
PEBBLES,PEBBLES_S,1,True,9999,-0.001970849653481522,4,ofi
PEBBLES,PEBBLES_S,2,True,9998,-0.0035656912462364524,4,ofi
PEBBLES,PEBBLES_S,3,True,9997,-0.00818829325230166,4,ofi
PEBBLES,PEBBLES_S,4,True,9996,0.0003695681160109578,4,ofi
PEBBLES,PEBBLES_S,5,True,9995,-0.00556387916855704,4,ofi
PEBBLES,PEBBLES_M,1,True,9999,0.008960674087963801,4,ofi
PEBBLES,PEBBLES_M,2,True,9998,0.004914227875020322,4,ofi
PEBBLES,PEBBLES_M,3,True,9997,0.01131486515085539,4,ofi
PEBBLES,PEBBLES_M,4,True,9996,0.013556153912138656,4,ofi
PEBBLES,PEBBLES_M,5,True,9995,-0.006459532899105287,4,ofi
PEBBLES,PEBBLES_L,1,True,9999,0.00801554774184915,4,ofi
PEBBLES,PEBBLES_L,2,True,9998,0.014829446689294392,4,ofi
PEBBLES,PEBBLES_L,3,True,9997,0.008308254720523498,4,ofi
PEBBLES,PEBBLES_L,4,True,9996,0.009072431232664574,4,ofi
PEBBLES,PEBBLES_L,5,True,9995,-0.00032359432709133255,4,ofi
PEBBLES,PEBBLES_XL,1,True,9999,-0.002418647702545425,4,ofi
PEBBLES,PEBBLES_XL,2,True,9998,-0.010415170236303818,4,ofi
PEBBLES,PEBBLES_XL,3,True,9997,0.00014660919080483365,4,ofi
PEBBLES,PEBBLES_XL,4,True,9996,-0.010504368184669101,4,ofi
PEBBLES,PEBBLES_XL,5,True,9995,0.003945187903925819,4,ofi
ROBOT,ROBOT_VACUUMING,1,True,9999,0.0063381721922654575,4,ofi
ROBOT,ROBOT_VACUUMING,2,True,9998,0.021782160173670278,4,ofi
ROBOT,ROBOT_VACUUMING,3,True,9997,0.0012440803895022619,4,ofi
ROBOT,ROBOT_VACUUMING,4,True,9996,-0.009936926607227036,4,ofi
ROBOT,ROBOT_VACUUMING,5,True,9995,0.010922968544437976,4,ofi
ROBOT,ROBOT_MOPPING,1,True,9999,0.008224062109563023,4,ofi
ROBOT,ROBOT_MOPPING,2,True,9998,-0.0005031213910023434,4,ofi
ROBOT,ROBOT_MOPPING,3,True,9997,-0.002130477368203328,4,ofi
ROBOT,ROBOT_MOPPING,4,True,9996,0.0005921228441175747,4,ofi
ROBOT,ROBOT_MOPPING,5,True,9995,0.004328203151632152,4,ofi
ROBOT,ROBOT_DISHES,1,True,9999,-0.0008088576134430989,4,ofi
ROBOT,ROBOT_DISHES,2,True,9998,0.00025803617086099387,4,ofi
ROBOT,ROBOT_DISHES,3,True,9997,-0.004114897714210756,4,ofi
ROBOT,ROBOT_DISHES,4,True,9996,0.017649297523963037,4,ofi
ROBOT,ROBOT_DISHES,5,True,9995,-0.004079910004887956,4,ofi
ROBOT,ROBOT_LAUNDRY,1,True,9999,-0.009190234164430551,4,ofi
ROBOT,ROBOT_LAUNDRY,2,True,9998,-0.00668527513197056,4,ofi
ROBOT,ROBOT_LAUNDRY,3,True,9997,-0.011886507458991719,4,ofi
ROBOT,ROBOT_LAUNDRY,4,True,9996,-0.013248839230523337,4,ofi
ROBOT,ROBOT_LAUNDRY,5,True,9995,-0.0018181578278343004,4,ofi
ROBOT,ROBOT_IRONING,1,True,9999,-0.00630055416764811,4,ofi
ROBOT,ROBOT_IRONING,2,True,9998,0.003593124947346931,4,ofi
ROBOT,ROBOT_IRONING,3,True,9997,0.0034010172694021097,4,ofi
ROBOT,ROBOT_IRONING,4,True,9996,0.008917327744630476,4,ofi
ROBOT,ROBOT_IRONING,5,True,9995,0.017386886990833086,4,ofi
UV_VISOR,UV_VISOR_AMBER,1,True,9999,0.0002844454409391401,4,ofi
UV_VISOR,UV_VISOR_AMBER,2,True,9998,-0.0022207700782563614,4,ofi
UV_VISOR,UV_VISOR_AMBER,3,True,9997,-0.006186228729626168,4,ofi
UV_VISOR,UV_VISOR_AMBER,4,True,9996,-0.009138931283612468,4,ofi
UV_VISOR,UV_VISOR_AMBER,5,True,9995,-0.007886697140951523,4,ofi
UV_VISOR,UV_VISOR_MAGENTA,1,True,9999,0.0023747050815325806,4,ofi
UV_VISOR,UV_VISOR_MAGENTA,2,True,9998,0.00310850264522575,4,ofi
UV_VISOR,UV_VISOR_MAGENTA,3,True,9997,0.002931058545841638,4,ofi
UV_VISOR,UV_VISOR_MAGENTA,4,True,9996,-0.0029446962004276043,4,ofi
UV_VISOR,UV_VISOR_MAGENTA,5,True,9995,0.01000464297684368,4,ofi
UV_VISOR,UV_VISOR_ORANGE,1,True,9999,-0.012400388313566097,4,ofi
UV_VISOR,UV_VISOR_ORANGE,2,True,9998,0.011082078966666742,4,ofi
UV_VISOR,UV_VISOR_ORANGE,3,True,9997,0.007724109038679092,4,ofi
UV_VISOR,UV_VISOR_ORANGE,4,True,9996,-0.004907374831814603,4,ofi
UV_VISOR,UV_VISOR_ORANGE,5,True,9995,-0.002460966358654625,4,ofi
UV_VISOR,UV_VISOR_RED,1,True,9999,-0.006711360753237397,4,ofi
UV_VISOR,UV_VISOR_RED,2,True,9998,0.00033621633019537725,4,ofi
UV_VISOR,UV_VISOR_RED,3,True,9997,-0.0032697307159109405,4,ofi
UV_VISOR,UV_VISOR_RED,4,True,9996,-0.0005127628863945153,4,ofi
UV_VISOR,UV_VISOR_RED,5,True,9995,0.009231996255926836,4,ofi
UV_VISOR,UV_VISOR_YELLOW,1,True,9999,0.014247788870181476,4,ofi
UV_VISOR,UV_VISOR_YELLOW,2,True,9998,-0.007530314854087154,4,ofi
UV_VISOR,UV_VISOR_YELLOW,3,True,9997,0.0017406331861485132,4,ofi
UV_VISOR,UV_VISOR_YELLOW,4,True,9996,0.00910109494663125,4,ofi
UV_VISOR,UV_VISOR_YELLOW,5,True,9995,0.011854215159141347,4,ofi
TRANSLATOR,TRANSLATOR_ASTRO_BLACK,1,True,9999,0.005929953785225678,4,ofi
TRANSLATOR,TRANSLATOR_ASTRO_BLACK,2,True,9998,-0.018955285042972985,4,ofi
TRANSLATOR,TRANSLATOR_ASTRO_BLACK,3,True,9997,-0.00912711059828973,4,ofi
TRANSLATOR,TRANSLATOR_ASTRO_BLACK,4,True,9996,-0.009087968450758151,4,ofi
TRANSLATOR,TRANSLATOR_ASTRO_BLACK,5,True,9995,0.0022134590047140777,4,ofi
TRANSLATOR,TRANSLATOR_ECLIPSE_CHARCOAL,1,True,9999,-0.007991399930329286,4,ofi
TRANSLATOR,TRANSLATOR_ECLIPSE_CHARCOAL,2,True,9998,0.01276916912540221,4,ofi
TRANSLATOR,TRANSLATOR_ECLIPSE_CHARCOAL,3,True,9997,0.0015828357324072712,4,ofi
TRANSLATOR,TRANSLATOR_ECLIPSE_CHARCOAL,4,True,9996,0.0020703832503690595,4,ofi
TRANSLATOR,TRANSLATOR_ECLIPSE_CHARCOAL,5,True,9995,0.004256768472383534,4,ofi
TRANSLATOR,TRANSLATOR_GRAPHITE_MIST,1,True,9999,0.012539529272709298,4,ofi
TRANSLATOR,TRANSLATOR_GRAPHITE_MIST,2,True,9998,0.003348127502101118,4,ofi
TRANSLATOR,TRANSLATOR_GRAPHITE_MIST,3,True,9997,0.0008858512412128079,4,ofi
TRANSLATOR,TRANSLATOR_GRAPHITE_MIST,4,True,9996,-0.006582607917849382,4,ofi
TRANSLATOR,TRANSLATOR_GRAPHITE_MIST,5,True,9995,0.006423901731549851,4,ofi
TRANSLATOR,TRANSLATOR_SPACE_GRAY,1,True,9999,0.0020466724926511723,4,ofi
TRANSLATOR,TRANSLATOR_SPACE_GRAY,2,True,9998,0.014710133009552791,4,ofi
TRANSLATOR,TRANSLATOR_SPACE_GRAY,3,True,9997,-0.009177983770066163,4,ofi
TRANSLATOR,TRANSLATOR_SPACE_GRAY,4,True,9996,0.0014346878559622898,4,ofi
TRANSLATOR,TRANSLATOR_SPACE_GRAY,5,True,9995,0.0005019642321324458,4,ofi
TRANSLATOR,TRANSLATOR_VOID_BLUE,1,True,9999,-0.0014042157136420924,4,ofi
TRANSLATOR,TRANSLATOR_VOID_BLUE,2,True,9998,0.02556840366685433,4,ofi
TRANSLATOR,TRANSLATOR_VOID_BLUE,3,True,9997,0.0024172598033192273,4,ofi
TRANSLATOR,TRANSLATOR_VOID_BLUE,4,True,9996,-0.0009686438788303203,4,ofi
TRANSLATOR,TRANSLATOR_VOID_BLUE,5,True,9995,-0.0067755468764738695,4,ofi
PANEL,PANEL_1X2,1,True,9999,-0.00834499078427436,4,ofi
PANEL,PANEL_1X2,2,True,9998,-0.004071453378293962,4,ofi
PANEL,PANEL_1X2,3,True,9997,0.010281892526368927,4,ofi
PANEL,PANEL_1X2,4,True,9996,0.019962492984599182,4,ofi
PANEL,PANEL_1X2,5,True,9995,0.005146299679975901,4,ofi
PANEL,PANEL_1X4,1,True,9999,0.0017581784832286552,4,ofi
PANEL,PANEL_1X4,2,True,9998,-0.011049050253486818,4,ofi
PANEL,PANEL_1X4,3,True,9997,-0.015290036953992317,4,ofi
PANEL,PANEL_1X4,4,True,9996,-0.003608839008489884,4,ofi
PANEL,PANEL_1X4,5,True,9995,0.010468926928662293,4,ofi
PANEL,PANEL_2X2,1,True,9999,0.004228614981643846,4,ofi
PANEL,PANEL_2X2,2,True,9998,-0.03653051752510611,4,ofi
PANEL,PANEL_2X2,3,True,9997,0.00012514612698177207,4,ofi
PANEL,PANEL_2X2,4,True,9996,0.01057206583050593,4,ofi
PANEL,PANEL_2X2,5,True,9995,0.007136205138815863,4,ofi
PANEL,PANEL_2X4,1,True,9999,-0.0072810681307673665,4,ofi
PANEL,PANEL_2X4,2,True,9998,0.003495915489016028,4,ofi
PANEL,PANEL_2X4,3,True,9997,0.003205497974957679,4,ofi
PANEL,PANEL_2X4,4,True,9996,-0.010454554283469019,4,ofi
PANEL,PANEL_2X4,5,True,9995,0.003998501125852165,4,ofi
PANEL,PANEL_4X4,1,True,9999,0.010696562618648276,4,ofi
PANEL,PANEL_4X4,2,True,9998,-0.001361172064575619,4,ofi
PANEL,PANEL_4X4,3,True,9997,0.004280427424661887,4,ofi
PANEL,PANEL_4X4,4,True,9996,-0.016383628029709253,4,ofi
PANEL,PANEL_4X4,5,True,9995,-0.008730081937258173,4,ofi
OXYGEN_SHAKE,OXYGEN_SHAKE_CHOCOLATE,1,True,9999,-0.0040582054609605255,4,ofi
OXYGEN_SHAKE,OXYGEN_SHAKE_CHOCOLATE,2,True,9998,0.004479429941732157,4,ofi
OXYGEN_SHAKE,OXYGEN_SHAKE_CHOCOLATE,3,True,9997,0.007649529319371896,4,ofi
OXYGEN_SHAKE,OXYGEN_SHAKE_CHOCOLATE,4,True,9996,-0.008095302548179145,4,ofi
OXYGEN_SHAKE,OXYGEN_SHAKE_CHOCOLATE,5,True,9995,0.016350383928985038,4,ofi
OXYGEN_SHAKE,OXYGEN_SHAKE_MINT,1,True,9999,-0.004801090277021498,4,ofi
OXYGEN_SHAKE,OXYGEN_SHAKE_MINT,2,True,9998,0.01201069256162852,4,ofi
OXYGEN_SHAKE,OXYGEN_SHAKE_MINT,3,True,9997,-0.006243190521107713,4,ofi
OXYGEN_SHAKE,OXYGEN_SHAKE_MINT,4,True,9996,-0.005977752410723282,4,ofi
OXYGEN_SHAKE,OXYGEN_SHAKE_MINT,5,True,9995,-0.00554751089220345,4,ofi
OXYGEN_SHAKE,OXYGEN_SHAKE_GARLIC,1,True,9999,0.0010512032212437728,4,ofi
OXYGEN_SHAKE,OXYGEN_SHAKE_GARLIC,2,True,9998,-0.0006707167689769542,4,ofi
OXYGEN_SHAKE,OXYGEN_SHAKE_GARLIC,3,True,9997,0.005145015754567388,4,ofi
OXYGEN_SHAKE,OXYGEN_SHAKE_GARLIC,4,True,9996,-0.0037506849121493498,4,ofi
OXYGEN_SHAKE,OXYGEN_SHAKE_GARLIC,5,True,9995,0.023041031179082832,4,ofi
OXYGEN_SHAKE,OXYGEN_SHAKE_MORNING_BREATH,1,True,9999,0.008206019674847544,4,ofi
OXYGEN_SHAKE,OXYGEN_SHAKE_MORNING_BREATH,2,True,9998,0.0002531238803483537,4,ofi
OXYGEN_SHAKE,OXYGEN_SHAKE_MORNING_BREATH,3,True,9997,0.011893242054108345,4,ofi
OXYGEN_SHAKE,OXYGEN_SHAKE_MORNING_BREATH,4,True,9996,0.005727538082881045,4,ofi
OXYGEN_SHAKE,OXYGEN_SHAKE_MORNING_BREATH,5,True,9995,0.015670215612381803,4,ofi
OXYGEN_SHAKE,OXYGEN_SHAKE_EVENING_BREATH,1,True,9999,-0.012092096012303486,4,ofi
OXYGEN_SHAKE,OXYGEN_SHAKE_EVENING_BREATH,2,True,9998,0.009747292197768927,4,ofi
OXYGEN_SHAKE,OXYGEN_SHAKE_EVENING_BREATH,3,True,9997,-0.024467906507852587,4,ofi
OXYGEN_SHAKE,OXYGEN_SHAKE_EVENING_BREATH,4,True,9996,0.0032013719005743067,4,ofi
OXYGEN_SHAKE,OXYGEN_SHAKE_EVENING_BREATH,5,True,9995,-0.006617508236439894,4,ofi
SNACKPACK,SNACKPACK_CHOCOLATE,1,True,9999,0.007119745362956056,4,ofi
SNACKPACK,SNACKPACK_CHOCOLATE,2,True,9998,0.006715792453120838,4,ofi
SNACKPACK,SNACKPACK_CHOCOLATE,3,True,9997,0.005284593188015368,4,ofi
SNACKPACK,SNACKPACK_CHOCOLATE,4,True,9996,0.00877665872385066,4,ofi
SNACKPACK,SNACKPACK_CHOCOLATE,5,True,9995,-0.016704420526141687,4,ofi
SNACKPACK,SNACKPACK_VANILLA,1,True,9999,-0.005662422783247812,4,ofi
SNACKPACK,SNACKPACK_VANILLA,2,True,9998,-0.008564709214594336,4,ofi
SNACKPACK,SNACKPACK_VANILLA,3,True,9997,-0.012373049617404545,4,ofi
SNACKPACK,SNACKPACK_VANILLA,4,True,9996,-0.0013571262240115753,4,ofi
SNACKPACK,SNACKPACK_VANILLA,5,True,9995,0.017486484186605797,4,ofi
SNACKPACK,SNACKPACK_RASPBERRY,1,True,9999,-0.01183186267703469,4,ofi
SNACKPACK,SNACKPACK_RASPBERRY,2,True,9998,0.010188819131680323,4,ofi
SNACKPACK,SNACKPACK_RASPBERRY,3,True,9997,-0.0009399234770025889,4,ofi
SNACKPACK,SNACKPACK_RASPBERRY,4,True,9996,0.014211106614504636,4,ofi
SNACKPACK,SNACKPACK_RASPBERRY,5,True,9995,-0.005605207353868765,4,ofi
SNACKPACK,SNACKPACK_STRAWBERRY,1,True,9999,0.013533982825387912,4,ofi
SNACKPACK,SNACKPACK_STRAWBERRY,2,True,9998,-0.011823502517210814,4,ofi
SNACKPACK,SNACKPACK_STRAWBERRY,3,True,9997,-0.005300325836479915,4,ofi
SNACKPACK,SNACKPACK_STRAWBERRY,4,True,9996,-0.015691429935514693,4,ofi
SNACKPACK,SNACKPACK_STRAWBERRY,5,True,9995,0.011888732260979194,4,ofi
SNACKPACK,SNACKPACK_PISTACHIO,1,True,9999,0.018191893979007997,4,ofi
SNACKPACK,SNACKPACK_PISTACHIO,2,True,9998,-0.0073372020924430525,4,ofi
SNACKPACK,SNACKPACK_PISTACHIO,3,True,9997,-0.004153091424968392,4,ofi
SNACKPACK,SNACKPACK_PISTACHIO,4,True,9996,-0.01652386172728119,4,ofi
SNACKPACK,SNACKPACK_PISTACHIO,5,True,9995,0.01666381386758899,4,ofi
