leader,follower,lag,mean_corr,min_corr,max_corr,n_days,sign_stable,abs_mean
UV_VISOR_MAGENTA,GALAXY_SOUNDS_SOLAR_FLAMES,2,0.026448896801265543,0.008502333686487564,0.037903029603385256,3,True,0.026448896801265543
PANEL_4X4,SLEEP_POD_NYLON,1,-0.02326255571409415,-0.04107086237834968,-0.009685242496803892,3,True,0.02326255571409415
UV_VISOR_ORANGE,MICROCHIP_SQUARE,1,-0.022725649783871777,-0.03467221948623322,-0.007617338422129082,3,True,0.022725649783871777
MICROCHIP_RECTANGLE,SLEEP_POD_SUEDE,1,0.022557603040651894,0.01598543988176183,0.029086843401389346,3,True,0.022557603040651894
GALAXY_SOUNDS_DARK_MATTER,SNACKPACK_PISTACHIO,1,-0.022255672330968257,-0.03464980446011411,-0.015985472876445025,3,True,0.022255672330968257
TRANSLATOR_ECLIPSE_CHARCOAL,TRANSLATOR_SPACE_GRAY,1,-0.02190496004414298,-0.033971210656722504,-0.012138245350464698,3,True,0.02190496004414298
UV_VISOR_ORANGE,OXYGEN_SHAKE_EVENING_BREATH,1,-0.021375411649953834,-0.04125629335572134,0.0010570285669028578,3,False,0.021375411649953834
SNACKPACK_STRAWBERRY,PEBBLES_S,5,0.02111317966460365,0.015675771876970935,0.02961304196129875,3,True,0.02111317966460365
SNACKPACK_RASPBERRY,PANEL_4X4,1,-0.021077696833328826,-0.029662004368458294,-0.007578468698047646,3,True,0.021077696833328826
SNACKPACK_VANILLA,SNACKPACK_PISTACHIO,1,-0.021069251832158742,-0.0357377798348373,-0.006655175105318342,3,True,0.021069251832158742
MICROCHIP_CIRCLE,MICROCHIP_OVAL,5,0.020911868087963442,0.011742619809725232,0.029229873546301462,3,True,0.020911868087963442
TRANSLATOR_SPACE_GRAY,SNACKPACK_CHOCOLATE,2,-0.020858298443478546,-0.02880654533755671,-0.0087851941326524,3,True,0.020858298443478546
GALAXY_SOUNDS_DARK_MATTER,SNACKPACK_STRAWBERRY,1,-0.02063446917846502,-0.03418374871574077,-0.013850189208871806,3,True,0.02063446917846502
OXYGEN_SHAKE_MORNING_BREATH,PANEL_1X2,1,-0.02051212679585758,-0.024477517194452524,-0.01571531883615354,3,True,0.02051212679585758
SNACKPACK_RASPBERRY,GALAXY_SOUNDS_SOLAR_FLAMES,1,-0.020419070669801618,-0.02856229399740591,-0.015351708376134329,3,True,0.020419070669801618
PEBBLES_XS,OXYGEN_SHAKE_CHOCOLATE,1,0.019822206452126335,0.0005620891652175736,0.03516944272940554,3,True,0.019822206452126335
ROBOT_MOPPING,MICROCHIP_SQUARE,2,-0.01968619782263086,-0.02548061622062668,-0.013540754934922558,3,True,0.01968619782263086
OXYGEN_SHAKE_EVENING_BREATH,UV_VISOR_RED,2,0.019594249645023556,0.008766348582702296,0.027956878432650392,3,True,0.019594249645023556
OXYGEN_SHAKE_EVENING_BREATH,SNACKPACK_PISTACHIO,1,-0.01929137254986793,-0.033967226324883096,-0.007369212898934612,3,True,0.01929137254986793
TRANSLATOR_GRAPHITE_MIST,GALAXY_SOUNDS_BLACK_HOLES,1,-0.01901807728481641,-0.02605424764995542,-0.010080896602723122,3,True,0.01901807728481641
SNACKPACK_VANILLA,SNACKPACK_STRAWBERRY,1,-0.018941025722556654,-0.02333170286554459,-0.011029674964656747,3,True,0.018941025722556654
ROBOT_LAUNDRY,PEBBLES_L,3,-0.018888553752829055,-0.02020811104621672,-0.01714001385794987,3,True,0.018888553752829055
SNACKPACK_STRAWBERRY,SNACKPACK_PISTACHIO,1,-0.018881251695724334,-0.02496669009176776,-0.009461755000332533,3,True,0.018881251695724334
TRANSLATOR_ECLIPSE_CHARCOAL,MICROCHIP_RECTANGLE,1,-0.018876708921932158,-0.020653438694454032,-0.01610617133377366,3,True,0.018876708921932158
TRANSLATOR_GRAPHITE_MIST,PANEL_1X2,4,-0.0188626102201736,-0.02233048138459365,-0.014676538107683969,3,True,0.0188626102201736
PEBBLES_S,OXYGEN_SHAKE_CHOCOLATE,3,0.01884269076362974,0.0108018885991834,0.024250153046007007,3,True,0.01884269076362974
OXYGEN_SHAKE_EVENING_BREATH,SNACKPACK_STRAWBERRY,1,-0.018770661931463265,-0.027729017778293275,-0.008969269903221017,3,True,0.018770661931463265
UV_VISOR_MAGENTA,TRANSLATOR_ECLIPSE_CHARCOAL,2,0.018767270131072034,0.009710867008078852,0.031229769309927352,3,True,0.018767270131072034
PANEL_4X4,GALAXY_SOUNDS_PLANETARY_RINGS,3,-0.018719690773837203,-0.02404065381681736,-0.011672195505916671,3,True,0.018719690773837203
SNACKPACK_PISTACHIO,PEBBLES_S,5,0.01858090801766029,0.012478537178426728,0.026500672474075233,3,True,0.01858090801766029
SNACKPACK_PISTACHIO,SNACKPACK_VANILLA,1,-0.018540877075051435,-0.024821135336409342,-0.010059830635478897,3,True,0.018540877075051435
PEBBLES_S,TRANSLATOR_SPACE_GRAY,2,-0.018402763274011972,-0.027063394869399484,-0.01182846678439345,3,True,0.018402763274011972
PANEL_1X4,PEBBLES_S,1,-0.018401963716869297,-0.02428194979174997,-0.01089244937062376,3,True,0.018401963716869297
TRANSLATOR_VOID_BLUE,SNACKPACK_PISTACHIO,1,-0.018314902031777953,-0.026290204045007027,-0.010586076385970018,3,True,0.018314902031777953
OXYGEN_SHAKE_EVENING_BREATH,PANEL_1X2,1,-0.018307558051349402,-0.023909220341332887,-0.007814763717292311,3,True,0.018307558051349402
OXYGEN_SHAKE_EVENING_BREATH,OXYGEN_SHAKE_MORNING_BREATH,5,-0.018265359928662316,-0.02472388233496646,-0.011930363021213568,3,True,0.018265359928662316
TRANSLATOR_VOID_BLUE,SLEEP_POD_COTTON,2,-0.018249023526672774,-0.02469798119364272,-0.011252615307942321,3,True,0.018249023526672774
PANEL_1X4,ROBOT_VACUUMING,1,-0.01815005884363188,-0.03421228730796854,-0.007783196743347615,3,True,0.01815005884363188
SNACKPACK_VANILLA,SLEEP_POD_NYLON,2,0.018109861309435225,0.013430716738763632,0.025932210321874438,3,True,0.018109861309435225
SNACKPACK_CHOCOLATE,OXYGEN_SHAKE_EVENING_BREATH,1,-0.017954203253976505,-0.0294950105077989,-0.009599340617711045,3,True,0.017954203253976505
TRANSLATOR_ASTRO_BLACK,SNACKPACK_VANILLA,1,-0.01794729057672766,-0.022027609343754945,-0.01334943193550135,3,True,0.01794729057672766
SNACKPACK_CHOCOLATE,SLEEP_POD_SUEDE,1,-0.017932584425788423,-0.025332183570031024,-0.01045577033930391,3,True,0.017932584425788423
ROBOT_VACUUMING,ROBOT_MOPPING,3,-0.01788079252519748,-0.03456704880829079,-0.0005303345656321927,3,True,0.01788079252519748
OXYGEN_SHAKE_CHOCOLATE,GALAXY_SOUNDS_PLANETARY_RINGS,1,-0.017677300754043935,-0.026543799058597103,-0.006904610660424453,3,True,0.017677300754043935
MICROCHIP_CIRCLE,UV_VISOR_YELLOW,1,-0.017669345626719814,-0.022109060652758417,-0.010464772845733966,3,True,0.017669345626719814
SNACKPACK_RASPBERRY,UV_VISOR_AMBER,4,-0.017646290297710896,-0.0240648853824112,-0.013249924558982263,3,True,0.017646290297710896
MICROCHIP_SQUARE,SNACKPACK_RASPBERRY,1,0.017627745303021886,0.009305909362608495,0.0220567476181261,3,True,0.017627745303021886
PEBBLES_M,PEBBLES_XL,5,-0.017601642846258536,-0.0276322193541349,-0.009973783101860716,3,True,0.017601642846258536
SLEEP_POD_POLYESTER,TRANSLATOR_ECLIPSE_CHARCOAL,5,0.01758558696689297,0.011225338795288734,0.0282200730299756,3,True,0.01758558696689297
PEBBLES_S,SNACKPACK_PISTACHIO,3,-0.017578037204055725,-0.02564419209075167,-0.011586390465641258,3,True,0.017578037204055725
OXYGEN_SHAKE_EVENING_BREATH,PEBBLES_XL,1,-0.017560844330797246,-0.028153826474616804,-0.0045178082830814375,3,True,0.017560844330797246
UV_VISOR_AMBER,SNACKPACK_VANILLA,2,-0.01753706899088701,-0.02410077996743549,-0.012022069446365644,3,True,0.01753706899088701
PANEL_4X4,GALAXY_SOUNDS_SOLAR_WINDS,1,-0.017465343056479364,-0.030515550885550448,-0.0052434192277364304,3,True,0.017465343056479364
UV_VISOR_RED,GALAXY_SOUNDS_PLANETARY_RINGS,3,-0.01744373705410479,-0.017875394636463718,-0.01671298079006089,3,True,0.01744373705410479
SNACKPACK_CHOCOLATE,OXYGEN_SHAKE_MINT,1,-0.01741989877900713,-0.023539223423317455,-0.010728832631288144,3,True,0.01741989877900713
GALAXY_SOUNDS_SOLAR_WINDS,TRANSLATOR_ASTRO_BLACK,5,-0.017409834413323323,-0.02226399387990399,-0.008319126778745493,3,True,0.017409834413323323
UV_VISOR_AMBER,SNACKPACK_CHOCOLATE,2,0.017318309367075468,0.013727828655909248,0.021905993024678425,3,True,0.017318309367075468
ROBOT_VACUUMING,GALAXY_SOUNDS_SOLAR_FLAMES,3,-0.017294072144324813,-0.024234430444338838,-0.011492358804075621,3,True,0.017294072144324813
GALAXY_SOUNDS_SOLAR_FLAMES,GALAXY_SOUNDS_PLANETARY_RINGS,2,-0.01727691853529751,-0.024510246943700905,-0.011634418381102964,3,True,0.01727691853529751
SLEEP_POD_LAMB_WOOL,GALAXY_SOUNDS_PLANETARY_RINGS,5,-0.017265323375902517,-0.025083091809995895,-0.004456959838730419,3,True,0.017265323375902517
TRANSLATOR_SPACE_GRAY,GALAXY_SOUNDS_SOLAR_WINDS,2,0.01726202285939594,-0.0008635160511076833,0.034934463047101,3,False,0.01726202285939594
SNACKPACK_PISTACHIO,UV_VISOR_MAGENTA,1,-0.017241937612137413,-0.03332333107206416,-0.004778612900181752,3,True,0.017241937612137413
SNACKPACK_CHOCOLATE,SNACKPACK_RASPBERRY,1,-0.0171020229032678,-0.019145217252460486,-0.01522225938490376,3,True,0.0171020229032678
ROBOT_VACUUMING,MICROCHIP_TRIANGLE,1,-0.017064769782884834,-0.031162241747879706,-0.0019710536801564606,3,True,0.017064769782884834
PANEL_1X4,ROBOT_LAUNDRY,4,-0.017027550276837774,-0.0224324016105604,-0.014219127449074,3,True,0.017027550276837774
GALAXY_SOUNDS_BLACK_HOLES,MICROCHIP_TRIANGLE,5,0.016980729616528627,0.011759863698291047,0.02523483891270454,3,True,0.016980729616528627
MICROCHIP_SQUARE,SNACKPACK_STRAWBERRY,1,-0.01696451310702262,-0.02057464072039131,-0.014053903145688476,3,True,0.01696451310702262
TRANSLATOR_GRAPHITE_MIST,TRANSLATOR_ASTRO_BLACK,4,0.016916734321144322,0.008394546966957942,0.027132366359205087,3,True,0.016916734321144322
TRANSLATOR_SPACE_GRAY,SNACKPACK_VANILLA,2,0.016916240333235976,0.005105537609829839,0.02382114475888973,3,True,0.016916240333235976
OXYGEN_SHAKE_EVENING_BREATH,OXYGEN_SHAKE_GARLIC,1,-0.016870947697180262,-0.026305778082917248,-0.0004113247549986909,3,True,0.016870947697180262
PEBBLES_XL,OXYGEN_SHAKE_CHOCOLATE,1,-0.016869621334723434,-0.02743426813062112,-0.007605407436315841,3,True,0.016869621334723434
PANEL_1X2,ROBOT_IRONING,2,-0.016841991127787722,-0.033549188928067616,-0.00617238465785608,3,True,0.016841991127787722
MICROCHIP_RECTANGLE,ROBOT_DISHES,4,0.01679357275759957,0.008557463254101477,0.024642089259459855,3,True,0.01679357275759957
PEBBLES_S,SNACKPACK_STRAWBERRY,5,-0.01675492346789874,-0.019793018031081452,-0.014673677985857938,3,True,0.01675492346789874
ROBOT_DISHES,SLEEP_POD_POLYESTER,5,-0.016747415154216464,-0.023833307008438505,-0.010839034547580215,3,True,0.016747415154216464
PEBBLES_L,SLEEP_POD_NYLON,4,0.01673992950680453,0.004617496451156849,0.03682323901228023,3,True,0.01673992950680453
UV_VISOR_YELLOW,MICROCHIP_SQUARE,1,0.016713423124333004,0.012544589477790356,0.02245032649811912,3,True,0.016713423124333004
PANEL_2X4,ROBOT_DISHES,5,0.01666364616339055,0.012310686673717807,0.0200694908979924,3,True,0.01666364616339055
ROBOT_LAUNDRY,PEBBLES_S,5,0.016622740501235148,0.009616887978472204,0.02085065912382552,3,True,0.016622740501235148
GALAXY_SOUNDS_SOLAR_WINDS,GALAXY_SOUNDS_DARK_MATTER,1,-0.016549962208435205,-0.04109154752558842,0.002267918913774189,3,False,0.016549962208435205
OXYGEN_SHAKE_GARLIC,UV_VISOR_AMBER,1,-0.016540202826541114,-0.02119120601862171,-0.009951058071462524,3,True,0.016540202826541114
SNACKPACK_PISTACHIO,SNACKPACK_RASPBERRY,2,-0.016531435847548608,-0.02567656925332352,-0.01052317598605544,3,True,0.016531435847548608
GALAXY_SOUNDS_SOLAR_FLAMES,PANEL_2X4,1,-0.016489529545081153,-0.023278457455701992,-0.00900504051806659,3,True,0.016489529545081153
TRANSLATOR_VOID_BLUE,SNACKPACK_STRAWBERRY,1,-0.016483436051231645,-0.025536820471174816,-0.007632973295942962,3,True,0.016483436051231645
GALAXY_SOUNDS_SOLAR_FLAMES,OXYGEN_SHAKE_MORNING_BREATH,1,-0.016456862429073793,-0.02086214880206257,-0.01397927072692498,3,True,0.016456862429073793
PEBBLES_XS,MICROCHIP_CIRCLE,2,0.01645306485660168,0.012342118426209792,0.02139093843084495,3,True,0.01645306485660168
SNACKPACK_CHOCOLATE,UV_VISOR_ORANGE,1,-0.016425071483067353,-0.02923809502646924,-0.009017437766578937,3,True,0.016425071483067353
SNACKPACK_STRAWBERRY,UV_VISOR_AMBER,4,0.016421786593688033,0.006649735583261064,0.027934922591592883,3,True,0.016421786593688033
PANEL_1X2,GALAXY_SOUNDS_DARK_MATTER,1,-0.016412600409314877,-0.02271883093754227,-0.01318498796252347,3,True,0.016412600409314877
MICROCHIP_RECTANGLE,OXYGEN_SHAKE_CHOCOLATE,1,0.016409923556224892,0.014525452594684837,0.019167398351964668,3,True,0.016409923556224892
GALAXY_SOUNDS_BLACK_HOLES,OXYGEN_SHAKE_CHOCOLATE,3,0.01640701749184298,0.010130679069587806,0.01989025553120165,3,True,0.01640701749184298
UV_VISOR_RED,MICROCHIP_RECTANGLE,4,0.016403912925299583,0.006238622077155287,0.02693160765542449,3,True,0.016403912925299583
OXYGEN_SHAKE_MORNING_BREATH,ROBOT_IRONING,2,0.016398839812222486,0.010619126685657638,0.021610773704658404,3,True,0.016398839812222486
GALAXY_SOUNDS_SOLAR_WINDS,TRANSLATOR_SPACE_GRAY,4,0.01634717698781125,0.009340115476919566,0.023844284382189326,3,True,0.01634717698781125
TRANSLATOR_GRAPHITE_MIST,SNACKPACK_CHOCOLATE,1,-0.016303147298706015,-0.028982963094946447,-0.006652516666002568,3,True,0.016303147298706015
MICROCHIP_SQUARE,OXYGEN_SHAKE_GARLIC,4,0.01628497089003972,0.0060829073444751205,0.029668194953461572,3,True,0.01628497089003972
PEBBLES_S,SNACKPACK_RASPBERRY,5,0.016260000947156406,0.010845366785628493,0.022634769928176045,3,True,0.016260000947156406
PANEL_1X2,SNACKPACK_CHOCOLATE,1,-0.016258420313523952,-0.028938338834142166,-0.005956109494750021,3,True,0.016258420313523952
SLEEP_POD_POLYESTER,PEBBLES_L,4,0.016245930257058724,0.008935710468864875,0.024290986375677216,3,True,0.016245930257058724
SNACKPACK_RASPBERRY,PEBBLES_S,5,-0.01623277715251985,-0.02297584221048212,-0.0126521404650053,3,True,0.01623277715251985
OXYGEN_SHAKE_MORNING_BREATH,SLEEP_POD_POLYESTER,1,-0.01621935844846226,-0.02560956438068081,-0.011409374859005415,3,True,0.01621935844846226
TRANSLATOR_ECLIPSE_CHARCOAL,MICROCHIP_SQUARE,3,-0.01621687039168031,-0.01870441233561072,-0.012720096028232757,3,True,0.01621687039168031
SNACKPACK_CHOCOLATE,SLEEP_POD_NYLON,2,-0.0161961960941467,-0.025058553663095246,-0.006506618703785945,3,True,0.0161961960941467
SNACKPACK_PISTACHIO,SNACKPACK_STRAWBERRY,1,-0.016180244132250835,-0.018366867726179757,-0.013218083410018979,3,True,0.016180244132250835
ROBOT_DISHES,SNACKPACK_PISTACHIO,1,-0.01615154814985249,-0.02121665139679666,-0.006448472143668121,3,True,0.01615154814985249
PANEL_1X4,SNACKPACK_STRAWBERRY,1,-0.016116927688842243,-0.019849536774924084,-0.011977854167125735,3,True,0.016116927688842243
TRANSLATOR_VOID_BLUE,PEBBLES_S,5,0.016109258697898515,0.006168946809217491,0.027153239162932396,3,True,0.016109258697898515
SLEEP_POD_SUEDE,UV_VISOR_RED,1,-0.01607756542164307,-0.023373962896300872,-0.006297191754852509,3,True,0.01607756542164307
MICROCHIP_OVAL,PANEL_2X2,1,0.016021145601390504,0.0014460837579813408,0.03345765418079357,3,True,0.016021145601390504
OXYGEN_SHAKE_GARLIC,PEBBLES_M,5,0.016019550488194177,0.002953339472694776,0.02943157878054045,3,True,0.016019550488194177
UV_VISOR_AMBER,PANEL_1X4,4,0.01599904431548362,0.008462186683179797,0.02606977866079736,3,True,0.01599904431548362
MICROCHIP_CIRCLE,PEBBLES_L,3,0.0159709845953682,0.01280367161416055,0.018687984527481653,3,True,0.0159709845953682
SLEEP_POD_NYLON,OXYGEN_SHAKE_EVENING_BREATH,1,-0.015937427074574514,-0.02254315234700445,-0.006280260942067613,3,True,0.015937427074574514
MICROCHIP_RECTANGLE,ROBOT_IRONING,3,0.015934273953407255,0.008675330311575656,0.02252270831824989,3,True,0.015934273953407255
GALAXY_SOUNDS_SOLAR_FLAMES,SNACKPACK_RASPBERRY,1,-0.01586438754373425,-0.01956287081901316,-0.013354469439114969,3,True,0.01586438754373425
UV_VISOR_ORANGE,MICROCHIP_RECTANGLE,1,-0.015830283592883174,-0.03419145723786932,-0.005007309346164407,3,True,0.015830283592883174
MICROCHIP_RECTANGLE,PANEL_4X4,5,-0.015784289314729003,-0.028124949697505394,0.0033501872425214024,3,False,0.015784289314729003
GALAXY_SOUNDS_SOLAR_WINDS,SNACKPACK_CHOCOLATE,1,-0.015778986071940133,-0.020399302343506724,-0.010960987466579945,3,True,0.015778986071940133
UV_VISOR_AMBER,TRANSLATOR_GRAPHITE_MIST,3,-0.01572951822623826,-0.030031898285451296,-0.005713452280919328,3,True,0.01572951822623826
UV_VISOR_RED,SLEEP_POD_SUEDE,4,0.015712377734734363,0.010606407246504315,0.020986932286185988,3,True,0.015712377734734363
MICROCHIP_RECTANGLE,MICROCHIP_OVAL,1,0.01570973824070354,0.0036475422361445958,0.02402556282874645,3,True,0.01570973824070354
MICROCHIP_SQUARE,SNACKPACK_PISTACHIO,1,-0.01570041190408389,-0.016874040380734864,-0.01498757924590549,3,True,0.01570041190408389
GALAXY_SOUNDS_SOLAR_WINDS,SLEEP_POD_NYLON,1,-0.015700330378002624,-0.03382819327537405,-0.006125988717059695,3,True,0.015700330378002624
UV_VISOR_YELLOW,SNACKPACK_RASPBERRY,5,0.015694685001190912,0.0009666576863721002,0.030028505964893735,3,True,0.015694685001190912
UV_VISOR_MAGENTA,SNACKPACK_VANILLA,3,-0.015684497288547854,-0.02430425036589478,-0.00010429209318730851,3,True,0.015684497288547854
GALAXY_SOUNDS_PLANETARY_RINGS,PEBBLES_L,3,-0.0156806350624884,-0.01957310436678736,-0.012631300381428049,3,True,0.0156806350624884
ROBOT_LAUNDRY,UV_VISOR_MAGENTA,2,-0.01565607814158741,-0.022807909994239012,-0.004561213827267412,3,True,0.01565607814158741
SLEEP_POD_NYLON,PEBBLES_L,4,0.015622589880298599,0.010471006157700212,0.019961340217745312,3,True,0.015622589880298599
SNACKPACK_CHOCOLATE,TRANSLATOR_ASTRO_BLACK,1,-0.015618662134692178,-0.027087010508166,-0.00623711675565654,3,True,0.015618662134692178
OXYGEN_SHAKE_GARLIC,MICROCHIP_SQUARE,4,-0.015597268945304325,-0.023802278453968585,-0.011208280194674753,3,True,0.015597268945304325
GALAXY_SOUNDS_BLACK_HOLES,PANEL_2X4,5,0.015578871791785234,0.014652253262679962,0.01612076158446368,3,True,0.015578871791785234
MICROCHIP_OVAL,UV_VISOR_RED,2,-0.01555895381791835,-0.026074359780617038,-0.006373701244226758,3,True,0.01555895381791835
SNACKPACK_VANILLA,UV_VISOR_YELLOW,1,-0.015533124882549676,-0.021757147897311344,-0.010012922554781645,3,True,0.015533124882549676
PANEL_2X4,OXYGEN_SHAKE_MINT,4,0.015530933908932216,0.013884792972057426,0.016764191075156545,3,True,0.015530933908932216
PEBBLES_M,GALAXY_SOUNDS_SOLAR_WINDS,4,0.015511740551343127,0.008113947839881468,0.02833664417585186,3,True,0.015511740551343127
OXYGEN_SHAKE_GARLIC,UV_VISOR_YELLOW,2,0.01548410345767332,0.0093019472895604,0.020925192391657438,3,True,0.01548410345767332
PANEL_2X4,SLEEP_POD_COTTON,2,-0.015474960001588158,-0.02765030122605833,-0.005832083986938263,3,True,0.015474960001588158
SNACKPACK_CHOCOLATE,TRANSLATOR_GRAPHITE_MIST,4,0.015457690297851287,0.012013442663177377,0.02195442554033656,3,True,0.015457690297851287
TRANSLATOR_ASTRO_BLACK,PANEL_1X4,4,-0.015454914015744033,-0.026157219845571192,-0.008387997299449522,3,True,0.015454914015744033
PANEL_1X2,PANEL_4X4,4,0.015444598142439474,0.011205297448070162,0.019032436222624745,3,True,0.015444598142439474
GALAXY_SOUNDS_SOLAR_FLAMES,GALAXY_SOUNDS_SOLAR_WINDS,4,-0.015422532707932297,-0.025317618756734155,-0.006248083736774871,3,True,0.015422532707932297
UV_VISOR_RED,MICROCHIP_TRIANGLE,5,-0.015421823188660906,-0.021304783555641745,-0.008072619339744768,3,True,0.015421823188660906
ROBOT_IRONING,OXYGEN_SHAKE_MORNING_BREATH,3,-0.01537854011438163,-0.026761596214132523,-0.006667269263757393,3,True,0.01537854011438163
PANEL_1X4,GALAXY_SOUNDS_SOLAR_WINDS,5,0.015377086457442181,0.0014778015540091163,0.02493753122571341,3,True,0.015377086457442181
TRANSLATOR_ECLIPSE_CHARCOAL,TRANSLATOR_VOID_BLUE,3,-0.015376298191164465,-0.036907815542746934,-1.7755271305349807e-05,3,True,0.015376298191164465
SLEEP_POD_LAMB_WOOL,PANEL_4X4,2,0.015370462591979843,0.006526067504420649,0.02255471151018707,3,True,0.015370462591979843
SLEEP_POD_COTTON,PANEL_4X4,2,0.015336800769870517,0.010657562877311014,0.018863715802836436,3,True,0.015336800769870517
TRANSLATOR_VOID_BLUE,OXYGEN_SHAKE_EVENING_BREATH,3,0.015293428186330131,0.004531112694165497,0.03261679525763239,3,True,0.015293428186330131
OXYGEN_SHAKE_GARLIC,PANEL_1X2,1,-0.015283795394591277,-0.025905065560306192,-0.007319116565342038,3,True,0.015283795394591277
PANEL_1X2,PEBBLES_XL,2,0.015265157495029588,0.010672490469456878,0.018338418272649717,3,True,0.015265157495029588
PEBBLES_S,MICROCHIP_RECTANGLE,1,-0.015238738073778055,-0.02293782186541632,-0.0022601228181250116,3,True,0.015238738073778055
SLEEP_POD_COTTON,SLEEP_POD_LAMB_WOOL,4,-0.015220426731188173,-0.022659384529627284,-0.0089475279695871,3,True,0.015220426731188173
GALAXY_SOUNDS_BLACK_HOLES,GALAXY_SOUNDS_SOLAR_FLAMES,4,0.015220410918852066,0.003352005999766955,0.02263947180449352,3,True,0.015220410918852066
SNACKPACK_PISTACHIO,PANEL_4X4,1,0.015219368606721234,0.004540723630709547,0.023873257020639464,3,True,0.015219368606721234
PANEL_1X4,MICROCHIP_OVAL,5,-0.015212821324333235,-0.021435564463089963,-0.004103242758407024,3,True,0.015212821324333235
OXYGEN_SHAKE_EVENING_BREATH,SLEEP_POD_LAMB_WOOL,1,-0.015206553763885897,-0.022216176616266566,-0.009692421695275498,3,True,0.015206553763885897
UV_VISOR_MAGENTA,ROBOT_IRONING,5,0.01519903992085874,0.0020699268393734116,0.02515756894677199,3,True,0.01519903992085874
SNACKPACK_PISTACHIO,OXYGEN_SHAKE_MINT,2,-0.015169346654328134,-0.023408142960235277,-0.00929841312284557,3,True,0.015169346654328134
OXYGEN_SHAKE_MORNING_BREATH,OXYGEN_SHAKE_EVENING_BREATH,1,-0.01516851788440939,-0.017529861313596323,-0.010635461138704234,3,True,0.01516851788440939
SLEEP_POD_POLYESTER,UV_VISOR_AMBER,1,0.015156864316422769,0.008288710714579093,0.028005253330525434,3,True,0.015156864316422769
SLEEP_POD_LAMB_WOOL,GALAXY_SOUNDS_DARK_MATTER,5,-0.01514813494253176,-0.029874397594871073,0.0031233500126673216,3,False,0.01514813494253176
OXYGEN_SHAKE_MORNING_BREATH,SNACKPACK_RASPBERRY,1,-0.015086752196395417,-0.026971863466611543,-0.00865658362158156,3,True,0.015086752196395417
PANEL_2X4,OXYGEN_SHAKE_GARLIC,2,0.015073400060116572,0.01336246829786116,0.016346753785022327,3,True,0.015073400060116572
PANEL_1X2,UV_VISOR_YELLOW,1,-0.015071484707092568,-0.02315000489518812,-0.0051086762197186724,3,True,0.015071484707092568
PEBBLES_L,SLEEP_POD_POLYESTER,4,0.015057983640586026,0.0028875620273552003,0.02131439562330368,3,True,0.015057983640586026
TRANSLATOR_ASTRO_BLACK,GALAXY_SOUNDS_BLACK_HOLES,1,-0.015048440281936864,-0.020294715714449612,-0.012197260921687296,3,True,0.015048440281936864
MICROCHIP_RECTANGLE,UV_VISOR_ORANGE,5,0.015014461971495002,0.004647262831803795,0.020892521328634405,3,True,0.015014461971495002
OXYGEN_SHAKE_MINT,UV_VISOR_AMBER,1,-0.014989207295891439,-0.02635701275823354,-0.005457328590691281,3,True,0.014989207295891439
UV_VISOR_ORANGE,SLEEP_POD_POLYESTER,1,-0.014977813142268656,-0.027860101090667253,-0.00604667575769985,3,True,0.014977813142268656
UV_VISOR_AMBER,ROBOT_MOPPING,5,-0.01491400096962516,-0.02459908320593652,-0.007673402445845916,3,True,0.01491400096962516
SLEEP_POD_POLYESTER,SNACKPACK_VANILLA,5,-0.014893937579827835,-0.02634805477005234,-0.006830846663740167,3,True,0.014893937579827835
PEBBLES_XL,SNACKPACK_STRAWBERRY,5,0.014872188042664347,0.00623234023337797,0.01937438776079529,3,True,0.014872188042664347
MICROCHIP_RECTANGLE,OXYGEN_SHAKE_EVENING_BREATH,2,0.014864939929742638,0.0037035708365978923,0.02797412619607485,3,True,0.014864939929742638
PEBBLES_L,ROBOT_VACUUMING,5,0.014829849850831979,0.007628189612570272,0.024837491885978304,3,True,0.014829849850831979
TRANSLATOR_VOID_BLUE,GALAXY_SOUNDS_BLACK_HOLES,1,-0.014824879554570384,-0.025756565216699383,-0.005199368605791153,3,True,0.014824879554570384
TRANSLATOR_ASTRO_BLACK,PANEL_4X4,4,-0.01475311359275779,-0.017893886896707192,-0.01203637416149415,3,True,0.01475311359275779
SNACKPACK_CHOCOLATE,GALAXY_SOUNDS_SOLAR_WINDS,1,-0.014738235627037773,-0.016039129498007242,-0.013858003359953366,3,True,0.014738235627037773
GALAXY_SOUNDS_SOLAR_WINDS,TRANSLATOR_VOID_BLUE,4,-0.01470904132532253,-0.020124758416914017,-0.010763596135517712,3,True,0.01470904132532253
SNACKPACK_PISTACHIO,PEBBLES_M,3,0.014708851147281042,0.0032053226975222978,0.02067011473071219,3,True,0.014708851147281042
SNACKPACK_CHOCOLATE,OXYGEN_SHAKE_GARLIC,1,-0.014690940067892394,-0.03275595354322804,-0.0002858186216345246,3,True,0.014690940067892394
UV_VISOR_ORANGE,UV_VISOR_RED,1,-0.014672423810890851,-0.016653267709844936,-0.012121558476542461,3,True,0.014672423810890851
PANEL_4X4,PEBBLES_XS,1,-0.014661622776259481,-0.016698694515116384,-0.011293600733134514,3,True,0.014661622776259481
ROBOT_IRONING,MICROCHIP_RECTANGLE,4,0.01465898800079469,0.007962304362970813,0.018200922743597987,3,True,0.01465898800079469
UV_VISOR_YELLOW,PANEL_2X4,4,-0.01465457126378053,-0.024065561318639177,-0.006992137488786951,3,True,0.01465457126378053
OXYGEN_SHAKE_EVENING_BREATH,PEBBLES_XS,1,0.014651551725320686,0.013286325373369084,0.016865857671401936,3,True,0.014651551725320686
PANEL_4X4,SLEEP_POD_SUEDE,2,0.014645735557798375,0.009225919213627073,0.017391063945012008,3,True,0.014645735557798375
ROBOT_DISHES,SLEEP_POD_COTTON,1,-0.014619583713217093,-0.01864146636961841,-0.008630816709843857,3,True,0.014619583713217093
TRANSLATOR_GRAPHITE_MIST,SNACKPACK_VANILLA,5,-0.014617755870530836,-0.024916670568020948,-0.007670287951236066,3,True,0.014617755870530836
TRANSLATOR_ECLIPSE_CHARCOAL,OXYGEN_SHAKE_MINT,5,-0.014616895169040496,-0.02205024539139592,-0.008244153325793823,3,True,0.014616895169040496
ROBOT_LAUNDRY,GALAXY_SOUNDS_DARK_MATTER,4,-0.014611140912313575,-0.024689885354884637,0.0019086297100211864,3,False,0.014611140912313575
MICROCHIP_OVAL,OXYGEN_SHAKE_GARLIC,3,0.014606468078964423,0.006213825226568963,0.02227577337327102,3,True,0.014606468078964423
PEBBLES_M,TRANSLATOR_ECLIPSE_CHARCOAL,5,0.014588628126757328,0.0034890270682750558,0.021751070299467806,3,True,0.014588628126757328
OXYGEN_SHAKE_EVENING_BREATH,SLEEP_POD_COTTON,3,-0.014575149984668634,-0.01825032453097986,-0.008887313865684216,3,True,0.014575149984668634
MICROCHIP_OVAL,SLEEP_POD_LAMB_WOOL,2,0.014549905948251446,0.010470537358036316,0.017008362255869408,3,True,0.014549905948251446
PEBBLES_XL,SNACKPACK_RASPBERRY,5,-0.014549311077576163,-0.01962508855819553,-0.00657616890386184,3,True,0.014549311077576163
MICROCHIP_SQUARE,OXYGEN_SHAKE_MINT,1,0.014545161362821765,0.007337677550916931,0.022751563912599124,3,True,0.014545161362821765
SLEEP_POD_LAMB_WOOL,OXYGEN_SHAKE_GARLIC,1,-0.014541110746890925,-0.0249580025587801,-0.006760725898451243,3,True,0.014541110746890925
PANEL_2X4,OXYGEN_SHAKE_CHOCOLATE,2,-0.014512152980225977,-0.023754268494055018,-0.009175169238022177,3,True,0.014512152980225977
PANEL_1X4,SNACKPACK_PISTACHIO,1,-0.014494310677895883,-0.018506386560582726,-0.010403897534916036,3,True,0.014494310677895883
SNACKPACK_STRAWBERRY,ROBOT_DISHES,2,0.014479892726205873,-0.007540584134467874,0.028210134008769264,3,False,0.014479892726205873
SNACKPACK_CHOCOLATE,SNACKPACK_STRAWBERRY,5,0.01446604238586747,0.008649351492583774,0.020345773205545,3,True,0.01446604238586747
PEBBLES_XS,PANEL_2X4,2,-0.014464264615365346,-0.023775773361029064,-0.002805707241114603,3,True,0.014464264615365346
PEBBLES_XL,MICROCHIP_TRIANGLE,3,0.014427012545143407,0.006914986411567141,0.026268810643877337,3,True,0.014427012545143407
TRANSLATOR_SPACE_GRAY,PEBBLES_XL,2,0.01441800315264647,0.009443081091807866,0.02177558965618712,3,True,0.01441800315264647
OXYGEN_SHAKE_CHOCOLATE,OXYGEN_SHAKE_EVENING_BREATH,2,-0.0144043109005789,-0.034588760892196445,0.006543742420958658,3,False,0.0144043109005789
PEBBLES_XL,TRANSLATOR_GRAPHITE_MIST,2,0.014379287427259642,0.005319610414989413,0.02622680275916418,3,True,0.014379287427259642
SNACKPACK_VANILLA,SLEEP_POD_POLYESTER,1,-0.014379028800808895,-0.031020219242791795,-0.004199265007887009,3,True,0.014379028800808895
SNACKPACK_VANILLA,OXYGEN_SHAKE_MORNING_BREATH,1,-0.014365832710686166,-0.026681810220120596,0.002004810096142041,3,False,0.014365832710686166
ROBOT_MOPPING,UV_VISOR_RED,4,0.01434278317213874,0.012419348920143805,0.0181833187862524,3,True,0.01434278317213874
TRANSLATOR_ASTRO_BLACK,UV_VISOR_RED,1,-0.014336746467501498,-0.02013572055755872,-0.008034321919942055,3,True,0.014336746467501498
MICROCHIP_TRIANGLE,GALAXY_SOUNDS_DARK_MATTER,5,0.014326467257630671,0.01176166464144628,0.016903769364108145,3,True,0.014326467257630671
PANEL_1X2,UV_VISOR_AMBER,4,-0.01431468484746641,-0.023429418154955174,-0.004208010051300218,3,True,0.01431468484746641
UV_VISOR_ORANGE,UV_VISOR_YELLOW,2,-0.01427438405100538,-0.0247844244365917,-0.0009178919677139687,3,True,0.01427438405100538
MICROCHIP_OVAL,PANEL_4X4,3,0.01425099214710719,0.0005080579554491193,0.02306436710909055,3,True,0.01425099214710719
OXYGEN_SHAKE_MINT,ROBOT_DISHES,3,-0.014248839426649238,-0.02282298929702943,-0.004689051869066566,3,True,0.014248839426649238
TRANSLATOR_SPACE_GRAY,UV_VISOR_ORANGE,4,0.014245054648667465,-0.0039692929130997106,0.028634533311988414,3,False,0.014245054648667465
UV_VISOR_MAGENTA,OXYGEN_SHAKE_GARLIC,3,0.01424327329909157,0.0063815775806550165,0.02150366826179353,3,True,0.01424327329909157
OXYGEN_SHAKE_CHOCOLATE,PANEL_1X4,3,0.014221080587202636,0.013024937145519949,0.01486388569342929,3,True,0.014221080587202636
MICROCHIP_TRIANGLE,UV_VISOR_ORANGE,1,-0.014216921239461507,-0.021128578683175917,-0.0014805698308078582,3,True,0.014216921239461507
OXYGEN_SHAKE_GARLIC,UV_VISOR_ORANGE,5,-0.014216632332792717,-0.022682982516393124,-0.0011131495616124205,3,True,0.014216632332792717
SNACKPACK_PISTACHIO,MICROCHIP_CIRCLE,1,-0.014201427723435299,-0.023543830763256193,-0.00572731655019175,3,True,0.014201427723435299
PEBBLES_M,TRANSLATOR_GRAPHITE_MIST,2,-0.014176066297276378,-0.025266488220174747,0.0008353199655707591,3,False,0.014176066297276378
ROBOT_VACUUMING,UV_VISOR_ORANGE,5,-0.01416042985035386,-0.026795943511561286,-0.007696010092134501,3,True,0.01416042985035386
SLEEP_POD_POLYESTER,ROBOT_DISHES,1,-0.014160378989103677,-0.030795518219616146,-0.00045775378310636446,3,True,0.014160378989103677
TRANSLATOR_SPACE_GRAY,MICROCHIP_OVAL,5,-0.014152915608642062,-0.02352426673762378,-0.006969168245139008,3,True,0.014152915608642062
SNACKPACK_RASPBERRY,ROBOT_DISHES,2,-0.014131500161562222,-0.029181981718950173,0.006851074560424851,3,False,0.014131500161562222
SNACKPACK_PISTACHIO,GALAXY_SOUNDS_SOLAR_WINDS,5,-0.01412326111840428,-0.02340785844210136,-0.006238322310460267,3,True,0.01412326111840428
UV_VISOR_ORANGE,GALAXY_SOUNDS_BLACK_HOLES,4,0.01409958318837625,0.006767663313849016,0.02741726176441232,3,True,0.01409958318837625
GALAXY_SOUNDS_DARK_MATTER,MICROCHIP_RECTANGLE,2,0.014072196396622274,0.010153157117227874,0.01965086920178171,3,True,0.014072196396622274
GALAXY_SOUNDS_BLACK_HOLES,PEBBLES_XL,4,-0.014071898316717223,-0.03041262130262753,0.015628100296220672,3,False,0.014071898316717223
OXYGEN_SHAKE_MORNING_BREATH,OXYGEN_SHAKE_GARLIC,5,0.014062839542569795,0.002109622332321008,0.026657730210715623,3,True,0.014062839542569795
SLEEP_POD_LAMB_WOOL,PEBBLES_L,1,0.014041912785537883,0.009851513848029668,0.01961298315950062,3,True,0.014041912785537883
SLEEP_POD_LAMB_WOOL,OXYGEN_SHAKE_CHOCOLATE,4,0.014032110912778744,0.008403796607782066,0.02305348362198725,3,True,0.014032110912778744
UV_VISOR_YELLOW,ROBOT_VACUUMING,3,0.014024051045009667,0.006026183043803015,0.02196219680518465,3,True,0.014024051045009667
SNACKPACK_RASPBERRY,SNACKPACK_CHOCOLATE,1,-0.01402168910784019,-0.025551851911869622,-0.0008489048003330924,3,True,0.01402168910784019
UV_VISOR_MAGENTA,PANEL_2X4,3,-0.014015748391906889,-0.019917822754902986,-0.00860647162370464,3,True,0.014015748391906889
PANEL_1X4,OXYGEN_SHAKE_GARLIC,1,-0.014011574481275893,-0.021934293683365625,-0.0009766816326542418,3,True,0.014011574481275893
ROBOT_MOPPING,PANEL_1X2,4,-0.01400822430882276,-0.015999050719334218,-0.012651819314151809,3,True,0.01400822430882276
GALAXY_SOUNDS_BLACK_HOLES,OXYGEN_SHAKE_EVENING_BREATH,4,-0.013999725916647674,-0.020339287248185105,-0.005242339217023599,3,True,0.013999725916647674
SLEEP_POD_SUEDE,PEBBLES_M,1,-0.013993475269564813,-0.0173754068276947,-0.010394059351300507,3,True,0.013993475269564813
PEBBLES_S,ROBOT_VACUUMING,2,0.013984425734696654,0.008149456865645228,0.02345662462352859,3,True,0.013984425734696654
ROBOT_MOPPING,TRANSLATOR_GRAPHITE_MIST,2,-0.013982586033129143,-0.01794079363997091,-0.0078790807247716,3,True,0.013982586033129143
SNACKPACK_RASPBERRY,UV_VISOR_YELLOW,1,-0.013965433620924712,-0.025994484022184974,-0.002959399525765661,3,True,0.013965433620924712
SNACKPACK_RASPBERRY,OXYGEN_SHAKE_CHOCOLATE,2,-0.01396306825619601,-0.01776262709373231,-0.010735588696784617,3,True,0.01396306825619601
TRANSLATOR_SPACE_GRAY,PEBBLES_XS,2,-0.01396182364565795,-0.02484452112765063,-0.005519027793243879,3,True,0.01396182364565795
PANEL_2X4,UV_VISOR_RED,5,0.013959847487902197,-0.011490237896120655,0.036067017313536884,3,False,0.013959847487902197
PANEL_2X4,UV_VISOR_YELLOW,4,0.013949238759126245,0.00271601726059134,0.02107338564342794,3,True,0.013949238759126245
PANEL_1X4,UV_VISOR_MAGENTA,4,-0.013922187897907794,-0.0209496739968475,-0.009118078337870735,3,True,0.013922187897907794
SLEEP_POD_LAMB_WOOL,SNACKPACK_CHOCOLATE,1,-0.013910713729163077,-0.022631784705558114,-0.0011580539983202937,3,True,0.013910713729163077
SLEEP_POD_NYLON,ROBOT_LAUNDRY,4,-0.013895641007927327,-0.019840844872672778,-0.004321669634701196,3,True,0.013895641007927327
GALAXY_SOUNDS_DARK_MATTER,SNACKPACK_CHOCOLATE,1,-0.013889393010678902,-0.020079120099462926,-0.010155381408717802,3,True,0.013889393010678902
UV_VISOR_MAGENTA,SNACKPACK_CHOCOLATE,3,0.013868270322322586,-0.007118824458102079,0.02658710983738799,3,False,0.013868270322322586
SLEEP_POD_LAMB_WOOL,PANEL_2X4,1,-0.013865459628583675,-0.026820422934182672,0.0011431035419957563,3,False,0.013865459628583675
TRANSLATOR_VOID_BLUE,MICROCHIP_OVAL,4,0.013862236358174983,0.008715990647917398,0.01848580109578195,3,True,0.013862236358174983
PANEL_2X4,PEBBLES_L,5,-0.013853502264813675,-0.027460625131985602,-0.0025094325776385427,3,True,0.013853502264813675
OXYGEN_SHAKE_GARLIC,PANEL_2X2,2,-0.013834372215173038,-0.019476692576248136,-0.006015244901824205,3,True,0.013834372215173038
PANEL_2X2,ROBOT_DISHES,3,-0.013827195779649686,-0.021256134759220176,-0.004763854406852338,3,True,0.013827195779649686
OXYGEN_SHAKE_MORNING_BREATH,UV_VISOR_MAGENTA,5,0.013821312974792957,0.007718308968831008,0.023819813009325546,3,True,0.013821312974792957
SNACKPACK_VANILLA,MICROCHIP_SQUARE,4,0.013818660633698248,-0.0005820312848023715,0.027612393844939603,3,False,0.013818660633698248
PEBBLES_XL,SLEEP_POD_COTTON,4,0.013797945066408234,0.0048359427064478145,0.03139330543244711,3,True,0.013797945066408234
OXYGEN_SHAKE_MINT,UV_VISOR_ORANGE,1,-0.013794535410012382,-0.020689109469254428,-0.0025082034976026254,3,True,0.013794535410012382
MICROCHIP_CIRCLE,UV_VISOR_RED,2,0.013765375743393066,0.012348137939742834,0.014590950246548549,3,True,0.013765375743393066
TRANSLATOR_VOID_BLUE,OXYGEN_SHAKE_MINT,1,0.013765364637449469,-0.0034633605104845934,0.03375895509732248,3,False,0.013765364637449469
PEBBLES_XS,PANEL_1X4,5,-0.013764284869769675,-0.022035990946925987,-0.004048371719984174,3,True,0.013764284869769675
GALAXY_SOUNDS_SOLAR_WINDS,PANEL_1X2,4,0.013757368790941936,0.004342208033113449,0.028162050687681107,3,True,0.013757368790941936
PEBBLES_L,ROBOT_DISHES,4,0.013747955934951617,0.007290863845027504,0.02182925987001222,3,True,0.013747955934951617
PANEL_2X4,OXYGEN_SHAKE_EVENING_BREATH,5,0.013743185783162888,0.010184035790878981,0.019878485956700265,3,True,0.013743185783162888
MICROCHIP_TRIANGLE,SNACKPACK_STRAWBERRY,5,0.013733757610272408,-0.0020518226461163523,0.022108841542975294,3,False,0.013733757610272408
PANEL_1X4,ROBOT_MOPPING,2,-0.013724575633614107,-0.03202425870601451,-0.0006446145474512927,3,True,0.013724575633614107
MICROCHIP_RECTANGLE,TRANSLATOR_VOID_BLUE,1,0.013704980912574246,0.0027288899907238536,0.02443261385012966,3,True,0.013704980912574246
SLEEP_POD_LAMB_WOOL,UV_VISOR_AMBER,3,-0.013698415385887381,-0.018821334364701837,-0.011014816011502048,3,True,0.013698415385887381
GALAXY_SOUNDS_PLANETARY_RINGS,PEBBLES_XL,3,0.013675447237659172,0.007267755439919037,0.02434566397190573,3,True,0.013675447237659172
MICROCHIP_SQUARE,TRANSLATOR_ASTRO_BLACK,1,0.013668411144371242,0.006192587710150455,0.02259755067965185,3,True,0.013668411144371242
OXYGEN_SHAKE_MORNING_BREATH,PEBBLES_L,1,-0.01366579043038627,-0.021409425123129794,-0.0025290163617978055,3,True,0.01366579043038627
OXYGEN_SHAKE_MINT,ROBOT_IRONING,1,-0.013663058124485143,-0.01916050682576831,-0.0068504271851914066,3,True,0.013663058124485143
TRANSLATOR_VOID_BLUE,UV_VISOR_MAGENTA,4,-0.013649940365417612,-0.03649623968033578,-0.0006527146268886642,3,True,0.013649940365417612
SLEEP_POD_POLYESTER,OXYGEN_SHAKE_CHOCOLATE,3,-0.013643526245584826,-0.0217778969550265,-0.0048364092579870985,3,True,0.013643526245584826
PEBBLES_S,SLEEP_POD_SUEDE,4,0.013617874772428208,-0.001383524441673041,0.03854418964849367,3,False,0.013617874772428208
UV_VISOR_YELLOW,SNACKPACK_STRAWBERRY,5,-0.013605620300891344,-0.028633041829220628,-0.0026701379330984825,3,True,0.013605620300891344
SLEEP_POD_NYLON,PEBBLES_XL,2,0.013595832468148153,0.004950952448981415,0.02070427104172297,3,True,0.013595832468148153
OXYGEN_SHAKE_MORNING_BREATH,TRANSLATOR_SPACE_GRAY,4,-0.013595719620016563,-0.03951659240705658,0.0006676858347247337,3,False,0.013595719620016563
PANEL_1X2,GALAXY_SOUNDS_SOLAR_WINDS,1,-0.013589687636644143,-0.02422881417941549,-0.0022558320408240136,3,True,0.013589687636644143
SNACKPACK_PISTACHIO,ROBOT_DISHES,2,0.013577232116353267,-0.005322754950315725,0.023622549359226086,3,False,0.013577232116353267
OXYGEN_SHAKE_EVENING_BREATH,MICROCHIP_SQUARE,4,0.013564584910643095,0.006102435192939806,0.019969959687720938,3,True,0.013564584910643095
ROBOT_IRONING,MICROCHIP_SQUARE,2,-0.013564306264096512,-0.02516737586641482,-0.0042210340475156306,3,True,0.013564306264096512
SNACKPACK_VANILLA,PANEL_4X4,3,-0.013557707928673822,-0.019431450755280053,-0.006870418826562513,3,True,0.013557707928673822
ROBOT_MOPPING,OXYGEN_SHAKE_GARLIC,1,-0.013546681910027223,-0.02425805234579848,0.006154736330982512,3,False,0.013546681910027223
ROBOT_DISHES,GALAXY_SOUNDS_SOLAR_WINDS,3,-0.013540794940733606,-0.0157800053675346,-0.010476608390070793,3,True,0.013540794940733606
GALAXY_SOUNDS_SOLAR_WINDS,OXYGEN_SHAKE_EVENING_BREATH,4,0.013527756561255315,0.0040272643813274965,0.023075859275057578,3,True,0.013527756561255315
GALAXY_SOUNDS_BLACK_HOLES,TRANSLATOR_ASTRO_BLACK,1,-0.013496310198418253,-0.02148170333515877,-0.003956676480810736,3,True,0.013496310198418253
UV_VISOR_RED,TRANSLATOR_GRAPHITE_MIST,3,0.013482981567365297,0.0033177506873700194,0.026827188666819452,3,True,0.013482981567365297
UV_VISOR_AMBER,UV_VISOR_MAGENTA,3,-0.013480003885680924,-0.018251376198825834,-0.009560737729207767,3,True,0.013480003885680924
PANEL_4X4,OXYGEN_SHAKE_EVENING_BREATH,5,0.013473495807498752,0.010169889862493998,0.016099296645053888,3,True,0.013473495807498752
ROBOT_IRONING,ROBOT_MOPPING,3,0.013465099532365223,0.00927205109061518,0.01594303705472319,3,True,0.013465099532365223
PEBBLES_L,GALAXY_SOUNDS_DARK_MATTER,1,0.01345994678049847,0.0049274806608646336,0.028191845681218932,3,True,0.01345994678049847
UV_VISOR_MAGENTA,PEBBLES_L,5,-0.013454711708347911,-0.01860269875410903,-0.009053910012805678,3,True,0.013454711708347911
SNACKPACK_CHOCOLATE,PEBBLES_XL,3,0.013449281473514105,0.00538891435859646,0.023348039472022297,3,True,0.013449281473514105
TRANSLATOR_VOID_BLUE,TRANSLATOR_ASTRO_BLACK,5,-0.013421164478743705,-0.02376680257798286,0.004175089940780987,3,False,0.013421164478743705
ROBOT_MOPPING,GALAXY_SOUNDS_BLACK_HOLES,4,-0.013416415911924483,-0.014438068146164735,-0.012689785853541247,3,True,0.013416415911924483
TRANSLATOR_VOID_BLUE,MICROCHIP_SQUARE,3,-0.01341365692990968,-0.019033013018350708,-0.006890780784739755,3,True,0.01341365692990968
PEBBLES_XL,TRANSLATOR_SPACE_GRAY,2,0.013411169274332878,0.01262516644628047,0.013951306195424597,3,True,0.013411169274332878
GALAXY_SOUNDS_SOLAR_FLAMES,SNACKPACK_VANILLA,1,-0.013405746210559408,-0.020818415470806963,-0.0088347867283363,3,True,0.013405746210559408
MICROCHIP_OVAL,ROBOT_LAUNDRY,4,-0.013405337809868467,-0.0178591071113783,-0.009270346056010488,3,True,0.013405337809868467
PEBBLES_XS,OXYGEN_SHAKE_GARLIC,2,0.013398940439543441,0.008662242760257436,0.021818227895833955,3,True,0.013398940439543441
MICROCHIP_CIRCLE,PEBBLES_S,2,-0.013391625493274694,-0.02177235227027651,-0.006886314804226483,3,True,0.013391625493274694
SNACKPACK_PISTACHIO,TRANSLATOR_ASTRO_BLACK,1,-0.013388858387384657,-0.02747434096050797,-0.005511276757136906,3,True,0.013388858387384657
GALAXY_SOUNDS_PLANETARY_RINGS,SNACKPACK_RASPBERRY,1,-0.013380586701445374,-0.03322419112893825,0.0059821053404109726,3,False,0.013380586701445374
SLEEP_POD_SUEDE,MICROCHIP_OVAL,5,0.01336812241563984,0.003043895995454303,0.02006620487377083,3,True,0.01336812241563984
TRANSLATOR_GRAPHITE_MIST,SNACKPACK_PISTACHIO,1,-0.013367208353103363,-0.017200962429742367,-0.006934089273532158,3,True,0.013367208353103363
PANEL_4X4,OXYGEN_SHAKE_CHOCOLATE,1,-0.013366123556888673,-0.016867369207048385,-0.007675604326156904,3,True,0.013366123556888673
UV_VISOR_YELLOW,ROBOT_IRONING,5,-0.013359413360969833,-0.021468221696795797,-0.00813464910655271,3,True,0.013359413360969833
TRANSLATOR_ECLIPSE_CHARCOAL,PANEL_1X4,5,-0.013356340786894766,-0.016615797396821924,-0.007144514294094515,3,True,0.013356340786894766
MICROCHIP_SQUARE,TRANSLATOR_GRAPHITE_MIST,3,-0.013356090676704064,-0.015464394792713792,-0.00973335255685385,3,True,0.013356090676704064
OXYGEN_SHAKE_EVENING_BREATH,TRANSLATOR_VOID_BLUE,4,0.013349590851415937,0.00565866448450779,0.019113874944255246,3,True,0.013349590851415937
ROBOT_IRONING,UV_VISOR_YELLOW,2,-0.01332361549527041,-0.0165135941758843,-0.010968790686186943,3,True,0.01332361549527041
TRANSLATOR_ECLIPSE_CHARCOAL,UV_VISOR_RED,5,-0.013313383353496543,-0.02122020270241289,-0.005348569388785363,3,True,0.013313383353496543
GALAXY_SOUNDS_DARK_MATTER,SLEEP_POD_POLYESTER,5,-0.01330110994759223,-0.02566904693697311,-0.0018950920562143508,3,True,0.01330110994759223
UV_VISOR_YELLOW,TRANSLATOR_ASTRO_BLACK,3,-0.013285276112698044,-0.02771486932756261,-0.005085082860413034,3,True,0.013285276112698044
PANEL_1X4,PANEL_2X2,2,-0.013273669633796925,-0.02221868223876406,-0.005823591454119966,3,True,0.013273669633796925
MICROCHIP_OVAL,SLEEP_POD_NYLON,2,0.013271323995709934,0.0003737869118067892,0.025649801707618713,3,True,0.013271323995709934
SNACKPACK_STRAWBERRY,MICROCHIP_CIRCLE,1,-0.013262220576479246,-0.018229899790137654,-0.004022414715115241,3,True,0.013262220576479246
MICROCHIP_TRIANGLE,TRANSLATOR_VOID_BLUE,3,0.013247337862076339,0.00727630439413094,0.016489213580980024,3,True,0.013247337862076339
ROBOT_LAUNDRY,SLEEP_POD_SUEDE,5,-0.013244228657059638,-0.0300218815934826,-0.0017127210589014306,3,True,0.013244228657059638
PEBBLES_XS,TRANSLATOR_SPACE_GRAY,2,-0.013237313914376705,-0.01835731103641527,-0.009840990250382906,3,True,0.013237313914376705
PEBBLES_L,OXYGEN_SHAKE_MORNING_BREATH,4,-0.013231345291177503,-0.022423802119222003,-0.002574401564341775,3,True,0.013231345291177503
SNACKPACK_PISTACHIO,OXYGEN_SHAKE_CHOCOLATE,1,-0.013224005306294815,-0.019918173052974483,-0.007617668348691091,3,True,0.013224005306294815
PEBBLES_XS,SLEEP_POD_COTTON,4,-0.013176315758322295,-0.025104764081657953,-0.006216162917743049,3,True,0.013176315758322295
PEBBLES_S,ROBOT_DISHES,3,0.013168039466977722,0.0044634676567478285,0.0186897447629783,3,True,0.013168039466977722
PANEL_1X2,GALAXY_SOUNDS_SOLAR_FLAMES,4,-0.013166558606320168,-0.014217294245033632,-0.012613688784274385,3,True,0.013166558606320168
SLEEP_POD_NYLON,TRANSLATOR_GRAPHITE_MIST,2,-0.013165583573978859,-0.019807991639351354,-0.006405664813098994,3,True,0.013165583573978859
ROBOT_DISHES,PEBBLES_M,4,0.013164625640987013,0.0070429632644136465,0.02055070183273927,3,True,0.013164625640987013
SNACKPACK_PISTACHIO,MICROCHIP_SQUARE,5,-0.013157099963958883,-0.019669909799539736,-0.009610121843239323,3,True,0.013157099963958883
GALAXY_SOUNDS_SOLAR_FLAMES,ROBOT_IRONING,2,-0.013151707176454404,-0.01453462835309634,-0.011606485021641636,3,True,0.013151707176454404
SLEEP_POD_SUEDE,UV_VISOR_MAGENTA,4,0.013148085267419044,0.00946677391170997,0.01763875565174143,3,True,0.013148085267419044
MICROCHIP_OVAL,UV_VISOR_AMBER,3,0.01314189065407987,0.005665455771521594,0.02405198072312832,3,True,0.01314189065407987
TRANSLATOR_SPACE_GRAY,OXYGEN_SHAKE_CHOCOLATE,4,-0.01313708341073521,-0.01616631787352223,-0.00931239175233455,3,True,0.01313708341073521
SNACKPACK_CHOCOLATE,MICROCHIP_SQUARE,4,-0.013132014801132262,-0.025524088778669705,-0.001188605735572443,3,True,0.013132014801132262
SNACKPACK_PISTACHIO,SLEEP_POD_POLYESTER,5,-0.013124690445124305,-0.021348860605984277,-0.007964699001020772,3,True,0.013124690445124305
OXYGEN_SHAKE_MORNING_BREATH,MICROCHIP_SQUARE,5,-0.013123283556807528,-0.020442101896086137,-0.007851513175470151,3,True,0.013123283556807528
TRANSLATOR_GRAPHITE_MIST,SLEEP_POD_NYLON,5,-0.013102631993188979,-0.018136696258875724,-0.0087470193424095,3,True,0.013102631993188979
SNACKPACK_RASPBERRY,MICROCHIP_TRIANGLE,5,-0.013099382515356348,-0.02483280468995393,-0.003174069972876671,3,True,0.013099382515356348
SNACKPACK_CHOCOLATE,SNACKPACK_PISTACHIO,5,0.013081315638216835,0.006106062766135691,0.018465164854810815,3,True,0.013081315638216835
SNACKPACK_STRAWBERRY,SLEEP_POD_POLYESTER,3,0.013072520927251668,0.004194138778434658,0.020105772859393745,3,True,0.013072520927251668
TRANSLATOR_GRAPHITE_MIST,PANEL_2X2,1,0.01304661806297882,0.0011187599154379281,0.022338299808621433,3,True,0.01304661806297882
PANEL_4X4,TRANSLATOR_GRAPHITE_MIST,4,0.013046554307175903,0.0026558432427275873,0.018981733970805582,3,True,0.013046554307175903
TRANSLATOR_GRAPHITE_MIST,OXYGEN_SHAKE_MORNING_BREATH,3,0.013045587032702149,0.009498326633285377,0.017820252276979278,3,True,0.013045587032702149
PEBBLES_S,MICROCHIP_SQUARE,2,0.013040977174365762,0.009399111851241019,0.015717987216449295,3,True,0.013040977174365762
UV_VISOR_RED,ROBOT_DISHES,1,0.013036340687009396,0.007394130007490426,0.018486238197301073,3,True,0.013036340687009396
GALAXY_SOUNDS_PLANETARY_RINGS,PEBBLES_M,3,-0.013031120671282861,-0.016215638168544485,-0.009079136646684333,3,True,0.013031120671282861
TRANSLATOR_GRAPHITE_MIST,PANEL_4X4,4,0.013023244808724304,0.010524573607731588,0.01802047530133901,3,True,0.013023244808724304
ROBOT_VACUUMING,GALAXY_SOUNDS_SOLAR_WINDS,2,-0.01300734009266447,-0.020171714827430277,-0.0055335736142021275,3,True,0.01300734009266447
SNACKPACK_VANILLA,PANEL_1X2,1,-0.013003602682533899,-0.02068831473704825,-0.004011721212263232,3,True,0.013003602682533899
OXYGEN_SHAKE_CHOCOLATE,SNACKPACK_PISTACHIO,5,-0.012998215510474725,-0.02550581607912945,-0.0028057711910177393,3,True,0.012998215510474725
TRANSLATOR_ASTRO_BLACK,OXYGEN_SHAKE_EVENING_BREATH,5,-0.012996735567210581,-0.0253238416830719,-0.0013140537705954426,3,True,0.012996735567210581
PEBBLES_L,ROBOT_MOPPING,1,-0.012985483078666612,-0.025228741199602868,-0.0022001504741248844,3,True,0.012985483078666612
UV_VISOR_RED,OXYGEN_SHAKE_EVENING_BREATH,4,0.01298150887650136,0.0034053490112284997,0.028435632094171968,3,True,0.01298150887650136
SLEEP_POD_POLYESTER,SNACKPACK_PISTACHIO,1,-0.012978152043669288,-0.025327977795281516,0.005585940809932767,3,False,0.012978152043669288
SNACKPACK_CHOCOLATE,TRANSLATOR_ECLIPSE_CHARCOAL,2,0.012972696859952748,0.009615562991359147,0.019525832239216282,3,True,0.012972696859952748
OXYGEN_SHAKE_GARLIC,GALAXY_SOUNDS_DARK_MATTER,5,-0.012971125487816445,-0.028113648888232236,0.0006058867577558937,3,False,0.012971125487816445
MICROCHIP_SQUARE,MICROCHIP_CIRCLE,1,-0.012965021740394775,-0.01944432479933547,-0.0008899243753671806,3,True,0.012965021740394775
GALAXY_SOUNDS_PLANETARY_RINGS,OXYGEN_SHAKE_MORNING_BREATH,1,-0.01293157419907385,-0.02454753223675274,0.0024117908002941483,3,False,0.01293157419907385
UV_VISOR_MAGENTA,TRANSLATOR_VOID_BLUE,2,0.012918092217046234,0.006366289719980413,0.02037137129983079,3,True,0.012918092217046234
SLEEP_POD_SUEDE,OXYGEN_SHAKE_CHOCOLATE,1,0.012914894925945308,0.007048404016436383,0.019061769757624757,3,True,0.012914894925945308
PANEL_2X4,PEBBLES_M,4,0.012907866214829908,0.009946965338222872,0.016104152094211656,3,True,0.012907866214829908
PANEL_2X4,GALAXY_SOUNDS_SOLAR_WINDS,1,-0.012894714695805408,-0.018622381757932658,-0.003744294783822939,3,True,0.012894714695805408
ROBOT_VACUUMING,ROBOT_LAUNDRY,5,-0.01288952803617681,-0.027911320464670892,-0.004616846902312196,3,True,0.01288952803617681
TRANSLATOR_ASTRO_BLACK,PANEL_1X2,4,0.012886006526667824,-0.0048854524375469095,0.02552203327952944,3,False,0.012886006526667824
PANEL_1X4,GALAXY_SOUNDS_BLACK_HOLES,4,-0.012875294661389952,-0.021878026803122556,-0.001672976149585318,3,True,0.012875294661389952
PEBBLES_L,ROBOT_LAUNDRY,5,0.012874390652806815,-0.00022567951349241415,0.027304726522353,3,False,0.012874390652806815
PEBBLES_L,PEBBLES_M,1,0.012869452565939785,-0.0067281046833320484,0.02947964102314739,3,False,0.012869452565939785
PEBBLES_XS,UV_VISOR_ORANGE,3,-0.012865063060075165,-0.026475871598107874,-0.0031766910326051206,3,True,0.012865063060075165
SNACKPACK_RASPBERRY,SLEEP_POD_POLYESTER,3,-0.012859652929225876,-0.01783211144714936,-0.008844388121759611,3,True,0.012859652929225876
PANEL_2X4,TRANSLATOR_ECLIPSE_CHARCOAL,4,-0.012849256549564194,-0.02238562812837233,-0.005219742754292501,3,True,0.012849256549564194
PEBBLES_XS,PEBBLES_M,4,0.01283174345071697,0.009937583645730814,0.018491053702387843,3,True,0.01283174345071697
ROBOT_DISHES,MICROCHIP_RECTANGLE,3,0.01283080364983914,0.0006112159907459068,0.01933728871264604,3,True,0.01283080364983914
UV_VISOR_RED,ROBOT_IRONING,1,0.012828669571505358,0.004246962710513465,0.029124143754542982,3,True,0.012828669571505358
UV_VISOR_RED,OXYGEN_SHAKE_GARLIC,1,-0.012828534232662498,-0.025029960406800788,-0.003529590859418218,3,True,0.012828534232662498
PANEL_2X2,PEBBLES_M,3,0.012827062262472913,0.005006665513110401,0.020343024807881055,3,True,0.012827062262472913
TRANSLATOR_ECLIPSE_CHARCOAL,SNACKPACK_RASPBERRY,1,-0.012814877317831574,-0.021228154375905958,-0.005873124581011782,3,True,0.012814877317831574
UV_VISOR_RED,PANEL_2X2,1,-0.012810516934849976,-0.017395702922026798,-0.007160017375979871,3,True,0.012810516934849976
SNACKPACK_STRAWBERRY,PANEL_4X4,1,0.012805801061438199,0.0031535587750482364,0.019375344619030312,3,True,0.012805801061438199
PEBBLES_XL,GALAXY_SOUNDS_BLACK_HOLES,5,-0.012800689035586323,-0.022748762283502495,-0.0021560462608644537,3,True,0.012800689035586323
SNACKPACK_STRAWBERRY,UV_VISOR_MAGENTA,1,-0.012785204050750771,-0.025669393939182397,-0.004694160995010553,3,True,0.012785204050750771
UV_VISOR_MAGENTA,SLEEP_POD_POLYESTER,2,0.0127762219490963,0.00819163611664266,0.0153940827140067,3,True,0.0127762219490963
MICROCHIP_SQUARE,SLEEP_POD_POLYESTER,4,-0.012766598449344224,-0.022895986377564667,-0.00137215952557228,3,True,0.012766598449344224
PEBBLES_XL,MICROCHIP_OVAL,1,0.01276467489732184,0.001172136757747879,0.019305523639572313,3,True,0.01276467489732184
ROBOT_MOPPING,GALAXY_SOUNDS_SOLAR_FLAMES,4,0.012745136472183463,0.003081177275608687,0.026102716960272505,3,True,0.012745136472183463
OXYGEN_SHAKE_MINT,GALAXY_SOUNDS_BLACK_HOLES,1,-0.01274180322532061,-0.020029725692536138,-0.006635426913722713,3,True,0.01274180322532061
OXYGEN_SHAKE_CHOCOLATE,UV_VISOR_MAGENTA,2,0.012733929177852646,0.009714024351965394,0.016264219770268096,3,True,0.012733929177852646
PANEL_4X4,PANEL_2X4,4,-0.012727093620673915,-0.014999053820238728,-0.009656131774753888,3,True,0.012727093620673915
SLEEP_POD_POLYESTER,TRANSLATOR_GRAPHITE_MIST,5,0.012694848603347096,0.011421813819722204,0.013751703947848993,3,True,0.012694848603347096
TRANSLATOR_SPACE_GRAY,OXYGEN_SHAKE_EVENING_BREATH,1,-0.012688226309980432,-0.019594447615109842,-0.0048399051980404124,3,True,0.012688226309980432
PANEL_1X4,ROBOT_IRONING,4,0.012687875925678042,0.0036739122919474568,0.02484687966262785,3,True,0.012687875925678042
TRANSLATOR_GRAPHITE_MIST,UV_VISOR_ORANGE,4,0.012686552280799282,-0.005415296662478306,0.022662510900275525,3,False,0.012686552280799282
PEBBLES_S,PEBBLES_XS,4,-0.012682487187364174,-0.024228067277060835,0.0025551459077060197,3,False,0.012682487187364174
PANEL_4X4,MICROCHIP_RECTANGLE,2,0.012668313376902695,0.01033353004443575,0.014576842695944149,3,True,0.012668313376902695
SLEEP_POD_LAMB_WOOL,TRANSLATOR_SPACE_GRAY,2,0.012659003662414951,0.0005370302494884853,0.033150687031348894,3,True,0.012659003662414951
SLEEP_POD_SUEDE,PEBBLES_XL,4,0.012654604124642158,0.0049278290175177614,0.027301339975516623,3,True,0.012654604124642158
PEBBLES_XS,UV_VISOR_RED,5,0.012651542611323266,-0.00024247303867156207,0.025983611960868024,3,False,0.012651542611323266
SNACKPACK_RASPBERRY,OXYGEN_SHAKE_GARLIC,1,-0.01264143969959211,-0.016959645685038924,-0.004548713946625001,3,True,0.01264143969959211
TRANSLATOR_SPACE_GRAY,ROBOT_IRONING,2,-0.012634579408779892,-0.024662531725156936,0.001078534440093699,3,False,0.012634579408779892
OXYGEN_SHAKE_MINT,GALAXY_SOUNDS_SOLAR_FLAMES,1,-0.012624209275588716,-0.018687986290735266,-0.004609821638902331,3,True,0.012624209275588716
PANEL_2X2,UV_VISOR_YELLOW,5,-0.012617278947460573,-0.020903134391332318,-0.004997056270378312,3,True,0.012617278947460573
GALAXY_SOUNDS_PLANETARY_RINGS,UV_VISOR_AMBER,2,0.01261010515420547,0.009001505184279958,0.018221521317983536,3,True,0.01261010515420547
PANEL_2X2,GALAXY_SOUNDS_SOLAR_WINDS,4,0.012607844939019267,0.008103044164776326,0.01897828916627326,3,True,0.012607844939019267
MICROCHIP_SQUARE,ROBOT_IRONING,5,0.012586949949792486,0.005139443911480433,0.021495931724984534,3,True,0.012586949949792486
PEBBLES_L,TRANSLATOR_VOID_BLUE,3,-0.012573535722316015,-0.015541935604649781,-0.007523744639541365,3,True,0.012573535722316015
SLEEP_POD_SUEDE,ROBOT_MOPPING,1,-0.012571918411767089,-0.023384333772012572,0.005110276177893672,3,False,0.012571918411767089
OXYGEN_SHAKE_CHOCOLATE,ROBOT_LAUNDRY,1,0.012571057576130832,0.009843208716198513,0.01778646930759185,3,True,0.012571057576130832
GALAXY_SOUNDS_SOLAR_WINDS,SNACKPACK_STRAWBERRY,4,-0.012570100522844052,-0.029013242579213394,-0.0041319370793809485,3,True,0.012570100522844052
SLEEP_POD_COTTON,OXYGEN_SHAKE_MORNING_BREATH,4,-0.012570037133997389,-0.021652984770475774,-0.003627979743938256,3,True,0.012570037133997389
OXYGEN_SHAKE_MORNING_BREATH,SNACKPACK_VANILLA,1,-0.012555585912093131,-0.0271112271124766,0.006199023319640132,3,False,0.012555585912093131
TRANSLATOR_VOID_BLUE,ROBOT_MOPPING,4,0.012540483338551187,0.0017978529110641386,0.03350957504600752,3,True,0.012540483338551187
GALAXY_SOUNDS_PLANETARY_RINGS,TRANSLATOR_GRAPHITE_MIST,3,0.012535816020445774,0.008688637547994323,0.01794370889902953,3,True,0.012535816020445774
PEBBLES_XS,TRANSLATOR_GRAPHITE_MIST,5,0.012531834038372614,0.007715561314256712,0.017363241950527148,3,True,0.012531834038372614
TRANSLATOR_SPACE_GRAY,MICROCHIP_TRIANGLE,4,-0.01252621816683677,-0.02115195256319257,-0.0031430658460388236,3,True,0.01252621816683677
GALAXY_SOUNDS_DARK_MATTER,PEBBLES_XL,1,-0.012522600845729509,-0.02847638827769745,0.002843156954338076,3,False,0.012522600845729509
ROBOT_VACUUMING,MICROCHIP_OVAL,2,0.012522556913517042,-0.010259937123711772,0.026843507176815634,3,False,0.012522556913517042
OXYGEN_SHAKE_EVENING_BREATH,SLEEP_POD_NYLON,1,-0.01252018120930796,-0.02237406974872121,-0.007057315250917222,3,True,0.01252018120930796
TRANSLATOR_VOID_BLUE,PANEL_2X4,1,-0.01250852901664541,-0.027514605294201935,0.00627767487288899,3,False,0.01250852901664541
SNACKPACK_RASPBERRY,GALAXY_SOUNDS_DARK_MATTER,1,-0.012498777459230991,-0.0178327443565844,-0.005615535286058541,3,True,0.012498777459230991
OXYGEN_SHAKE_EVENING_BREATH,TRANSLATOR_ECLIPSE_CHARCOAL,1,-0.012497834154379628,-0.017914251195762444,-0.00921333488053776,3,True,0.012497834154379628
OXYGEN_SHAKE_GARLIC,SNACKPACK_CHOCOLATE,1,-0.012488589116891718,-0.020588604330941427,-0.00783264123291661,3,True,0.012488589116891718
MICROCHIP_CIRCLE,PANEL_2X4,1,0.012486597645057019,0.006629151557709166,0.019275540568593593,3,True,0.012486597645057019
GALAXY_SOUNDS_PLANETARY_RINGS,ROBOT_MOPPING,1,-0.012482365850198239,-0.019575194944751743,-0.0011636424465552436,3,True,0.012482365850198239
PEBBLES_S,PANEL_1X4,4,-0.0124705211162864,-0.021885891967845867,-0.006714902930406558,3,True,0.0124705211162864
GALAXY_SOUNDS_SOLAR_WINDS,MICROCHIP_TRIANGLE,2,-0.01245806793287993,-0.020174136352362464,-0.007478727954587119,3,True,0.01245806793287993
ROBOT_DISHES,GALAXY_SOUNDS_PLANETARY_RINGS,1,-0.012456887757455232,-0.019971856707211896,-0.006573257382189346,3,True,0.012456887757455232
OXYGEN_SHAKE_CHOCOLATE,UV_VISOR_AMBER,2,0.012447650887264447,0.00874312568110666,0.017663024563054304,3,True,0.012447650887264447
OXYGEN_SHAKE_MINT,PANEL_1X4,4,0.012439725676434305,0.008453429634567708,0.01938508803116825,3,True,0.012439725676434305
PEBBLES_M,PEBBLES_S,5,0.012436341038770256,-0.0009027451099160792,0.02544722721339561,3,False,0.012436341038770256
GALAXY_SOUNDS_BLACK_HOLES,UV_VISOR_ORANGE,3,-0.01242619947555037,-0.013924634366163554,-0.011314518623291383,3,True,0.01242619947555037
SNACKPACK_STRAWBERRY,ROBOT_LAUNDRY,4,-0.012425025848766405,-0.019807451435608994,-0.0035788867615187273,3,True,0.012425025848766405
SNACKPACK_STRAWBERRY,GALAXY_SOUNDS_SOLAR_WINDS,5,-0.012424990774978113,-0.020273400764555912,-0.003414711907197016,3,True,0.012424990774978113
GALAXY_SOUNDS_SOLAR_FLAMES,SLEEP_POD_COTTON,4,0.012418701449903063,0.007871879766238812,0.014842812695857742,3,True,0.012418701449903063
PANEL_1X4,PANEL_1X2,5,-0.012414616350505453,-0.014685873832320727,-0.010365377627823023,3,True,0.012414616350505453
OXYGEN_SHAKE_MINT,PEBBLES_L,5,0.012399119903158057,0.0073070522743011535,0.01567629454230933,3,True,0.012399119903158057
PEBBLES_M,GALAXY_SOUNDS_DARK_MATTER,3,-0.012397851704375946,-0.025038773773561375,-0.00048364916780913183,3,True,0.012397851704375946
PANEL_2X4,SLEEP_POD_NYLON,5,0.012397516657957497,0.0029215124137072983,0.023829559107892834,3,True,0.012397516657957497
PEBBLES_XS,PEBBLES_XL,5,-0.012396673923785684,-0.026979116220218806,0.004390655178724147,3,False,0.012396673923785684
UV_VISOR_ORANGE,UV_VISOR_AMBER,5,-0.012394376686763067,-0.02246263862818125,0.0007734843227604584,3,False,0.012394376686763067
SNACKPACK_RASPBERRY,UV_VISOR_RED,4,-0.012384683444830166,-0.02218706892731966,-0.005181240886206252,3,True,0.012384683444830166
PEBBLES_XL,TRANSLATOR_ECLIPSE_CHARCOAL,1,0.012368777464380759,0.006067987932319965,0.018245222290537464,3,True,0.012368777464380759
ROBOT_IRONING,MICROCHIP_TRIANGLE,5,0.012361829542223757,0.00445802043470674,0.019249173449816945,3,True,0.012361829542223757
PANEL_2X2,SLEEP_POD_NYLON,1,0.012358819018170928,0.009752399025505924,0.014885042511380626,3,True,0.012358819018170928
SNACKPACK_STRAWBERRY,PEBBLES_XL,5,-0.01235854438869619,-0.01902570021435054,-0.004186344325426361,3,True,0.01235854438869619
PEBBLES_M,UV_VISOR_MAGENTA,5,0.012356213820219368,-0.0025633128387590734,0.0260380692011555,3,False,0.012356213820219368
ROBOT_IRONING,OXYGEN_SHAKE_EVENING_BREATH,5,-0.01235111286271774,-0.03292265779667078,0.017700819172659026,3,False,0.01235111286271774
ROBOT_IRONING,UV_VISOR_MAGENTA,3,-0.01235081513616354,-0.015230413580540182,-0.00955557582736326,3,True,0.01235081513616354
MICROCHIP_CIRCLE,PEBBLES_XL,1,0.01234815618372509,-0.0005534437978249997,0.02000068151140732,3,False,0.01234815618372509
PEBBLES_S,TRANSLATOR_VOID_BLUE,2,-0.012332667842827971,-0.01895649653434922,-0.002697371134377833,3,True,0.012332667842827971
PEBBLES_M,PEBBLES_XS,1,0.012329438994788307,0.007604961113882349,0.021667604433899132,3,True,0.012329438994788307
MICROCHIP_OVAL,UV_VISOR_MAGENTA,1,-0.012326980031385366,-0.018344935638325687,-0.008053968562561832,3,True,0.012326980031385366
SLEEP_POD_LAMB_WOOL,PANEL_2X2,5,-0.012313110863776164,-0.014764442641028415,-0.010363190634028954,3,True,0.012313110863776164
TRANSLATOR_ECLIPSE_CHARCOAL,GALAXY_SOUNDS_SOLAR_FLAMES,3,-0.012310245314860788,-0.01824680505332351,-0.008271403847126447,3,True,0.012310245314860788
GALAXY_SOUNDS_DARK_MATTER,ROBOT_VACUUMING,3,-0.012294939927519741,-0.020894762178459623,0.0029871395707337348,3,False,0.012294939927519741
PEBBLES_S,UV_VISOR_YELLOW,5,-0.012294561134487592,-0.016093516892365767,-0.008455297956019459,3,True,0.012294561134487592
UV_VISOR_RED,SNACKPACK_VANILLA,4,-0.01229183104602829,-0.01845920246281507,-0.008585059114978266,3,True,0.01229183104602829
UV_VISOR_YELLOW,OXYGEN_SHAKE_GARLIC,1,-0.01228732411222859,-0.019293758666682266,-0.00810965923175704,3,True,0.01228732411222859
PEBBLES_S,MICROCHIP_CIRCLE,1,-0.012265983002813318,-0.019584106536345115,-0.0006376418670238264,3,True,0.012265983002813318
ROBOT_DISHES,PEBBLES_XL,4,-0.012264918099995714,-0.019564332849064767,-0.0060523651266796465,3,True,0.012264918099995714
ROBOT_MOPPING,SNACKPACK_STRAWBERRY,5,-0.012263483304140732,-0.0168675359342449,-0.006164097815075709,3,True,0.012263483304140732
ROBOT_IRONING,SLEEP_POD_COTTON,5,0.012248098818636186,0.0063025722204968805,0.01933859616567173,3,True,0.012248098818636186
ROBOT_DISHES,TRANSLATOR_SPACE_GRAY,1,-0.012246494651347905,-0.02642539674331111,-0.00020063724427724522,3,True,0.012246494651347905
SLEEP_POD_SUEDE,PEBBLES_L,4,-0.012238227790954117,-0.028054605209965045,0.0031049166851559703,3,False,0.012238227790954117
UV_VISOR_MAGENTA,MICROCHIP_SQUARE,2,-0.012235008862065265,-0.0182910616095938,-0.006420058447641987,3,True,0.012235008862065265
ROBOT_DISHES,GALAXY_SOUNDS_BLACK_HOLES,5,-0.012201423640649502,-0.021564171433878402,-0.0026534639681871247,3,True,0.012201423640649502
MICROCHIP_RECTANGLE,PEBBLES_S,5,-0.012201024916332034,-0.031290987717923255,0.005531585835769238,3,False,0.012201024916332034
TRANSLATOR_ASTRO_BLACK,PEBBLES_L,5,-0.012189950343086795,-0.020007160609399163,-0.005969747107458155,3,True,0.012189950343086795
GALAXY_SOUNDS_DARK_MATTER,MICROCHIP_SQUARE,4,-0.012184794736260251,-0.018452520632874118,-0.007951783808571084,3,True,0.012184794736260251
TRANSLATOR_ECLIPSE_CHARCOAL,SLEEP_POD_COTTON,2,-0.012182010728719042,-0.01703555850958948,-0.0027492709932537295,3,True,0.012182010728719042
TRANSLATOR_ASTRO_BLACK,TRANSLATOR_ECLIPSE_CHARCOAL,2,0.012175276630066775,0.002393027129017098,0.029903151901067515,3,True,0.012175276630066775
PANEL_2X2,ROBOT_MOPPING,5,0.01217021768159302,0.003596166284917292,0.016711438919197488,3,True,0.01217021768159302
UV_VISOR_ORANGE,OXYGEN_SHAKE_MORNING_BREATH,2,-0.012168009336757974,-0.021974835401427206,-0.003225017145451718,3,True,0.012168009336757974
GALAXY_SOUNDS_BLACK_HOLES,MICROCHIP_SQUARE,2,0.012164943285811162,0.0053124352473118445,0.016307880042065587,3,True,0.012164943285811162
TRANSLATOR_VOID_BLUE,GALAXY_SOUNDS_SOLAR_FLAMES,5,0.012150607916501388,0.004414801405325412,0.023728933318568308,3,True,0.012150607916501388
ROBOT_DISHES,OXYGEN_SHAKE_EVENING_BREATH,5,0.012140710267074495,0.00968101184504645,0.014169816156199116,3,True,0.012140710267074495
TRANSLATOR_ASTRO_BLACK,SNACKPACK_PISTACHIO,1,-0.012136022094118458,-0.014652495810573693,-0.009642912949699623,3,True,0.012136022094118458
SLEEP_POD_SUEDE,GALAXY_SOUNDS_SOLAR_FLAMES,4,0.012134942735411049,0.010349925397736713,0.015483838034040787,3,True,0.012134942735411049
PANEL_1X2,SLEEP_POD_COTTON,3,0.012129746368662306,0.0054589006413451905,0.020949686786440998,3,True,0.012129746368662306
SNACKPACK_VANILLA,GALAXY_SOUNDS_PLANETARY_RINGS,1,-0.012123714845159313,-0.02097043248591428,-0.0010192215879271645,3,True,0.012123714845159313
OXYGEN_SHAKE_MORNING_BREATH,SLEEP_POD_LAMB_WOOL,3,0.012123480303163526,0.005491652374064549,0.01771823621587,3,True,0.012123480303163526
ROBOT_LAUNDRY,PEBBLES_M,1,0.01211500268508684,2.8639004189201366e-05,0.024403388593134838,3,True,0.01211500268508684
UV_VISOR_RED,SNACKPACK_STRAWBERRY,1,-0.012092457060517868,-0.018575456879064662,-0.007048796085032114,3,True,0.012092457060517868
MICROCHIP_OVAL,PANEL_1X4,1,-0.012091459301369706,-0.01525321201131236,-0.007684185719938658,3,True,0.012091459301369706
MICROCHIP_TRIANGLE,UV_VISOR_MAGENTA,5,0.01208052053143001,0.009469143605464539,0.01618670673224193,3,True,0.01208052053143001
PANEL_4X4,OXYGEN_SHAKE_GARLIC,1,0.012079123739015922,0.002382359309077076,0.022130915972946648,3,True,0.012079123739015922
GALAXY_SOUNDS_BLACK_HOLES,GALAXY_SOUNDS_SOLAR_WINDS,2,-0.012074903838306108,-0.018119994390167486,-0.00841679779223409,3,True,0.012074903838306108
SLEEP_POD_COTTON,PANEL_1X2,4,0.0120684164274389,0.004118277005922001,0.017509421746987015,3,True,0.0120684164274389
SLEEP_POD_SUEDE,PANEL_1X4,5,-0.012058210142948009,-0.0174272131024527,-0.003184010348041045,3,True,0.012058210142948009
GALAXY_SOUNDS_SOLAR_FLAMES,ROBOT_DISHES,1,-0.012055554504070224,-0.015404449917312456,-0.009430700986566596,3,True,0.012055554504070224
SLEEP_POD_LAMB_WOOL,GALAXY_SOUNDS_SOLAR_WINDS,4,-0.01204192208744917,-0.021672410624835124,-0.00135308140018564,3,True,0.01204192208744917
TRANSLATOR_SPACE_GRAY,PANEL_1X4,4,0.012035424164112957,-0.001890250380231105,0.02172096693274624,3,False,0.012035424164112957
ROBOT_MOPPING,SLEEP_POD_LAMB_WOOL,1,-0.012012270909329237,-0.025993716892151793,0.0004069008949177156,3,False,0.012012270909329237
OXYGEN_SHAKE_GARLIC,TRANSLATOR_SPACE_GRAY,1,0.012012024858723902,0.009535229659126369,0.016199550442657966,3,True,0.012012024858723902
PEBBLES_XL,GALAXY_SOUNDS_PLANETARY_RINGS,2,0.012005069028658416,-0.0028502299161133377,0.02721892598787238,3,False,0.012005069028658416
MICROCHIP_SQUARE,PEBBLES_XS,4,0.012003789098574491,0.004568625470737281,0.01832692939860056,3,True,0.012003789098574491
SNACKPACK_VANILLA,PEBBLES_XL,3,-0.01200066196814823,-0.02070111648283448,-0.006753613080577519,3,True,0.01200066196814823
GALAXY_SOUNDS_PLANETARY_RINGS,TRANSLATOR_VOID_BLUE,5,0.011998444830494412,0.003089773271710129,0.021880051096197624,3,True,0.011998444830494412
OXYGEN_SHAKE_EVENING_BREATH,PEBBLES_L,1,0.01199638478015435,0.007343368576441017,0.019942477271744554,3,True,0.01199638478015435
GALAXY_SOUNDS_SOLAR_FLAMES,MICROCHIP_SQUARE,4,0.011995672664947929,0.0015148866473743666,0.026596503773570153,3,True,0.011995672664947929
MICROCHIP_CIRCLE,MICROCHIP_TRIANGLE,2,-0.011988991007915418,-0.017828233399663114,-0.0035390886043185016,3,True,0.011988991007915418
OXYGEN_SHAKE_GARLIC,OXYGEN_SHAKE_EVENING_BREATH,5,-0.011987923204241897,-0.024428687456404252,-0.0030554357576795606,3,True,0.011987923204241897
TRANSLATOR_ASTRO_BLACK,MICROCHIP_CIRCLE,1,0.011983930672074905,0.009496662152753282,0.016007691048520425,3,True,0.011983930672074905
OXYGEN_SHAKE_GARLIC,MICROCHIP_TRIANGLE,2,0.011974374628232745,0.009940406041284947,0.013194598840435322,3,True,0.011974374628232745
UV_VISOR_MAGENTA,SLEEP_POD_LAMB_WOOL,4,-0.011968148040949969,-0.018035097386506365,-0.0029685215597297513,3,True,0.011968148040949969
PANEL_1X4,TRANSLATOR_ASTRO_BLACK,4,-0.011958474927492914,-0.01989286830682616,-0.0006207483712842035,3,True,0.011958474927492914
ROBOT_IRONING,TRANSLATOR_SPACE_GRAY,2,-0.011953160777947952,-0.013389360987248525,-0.009354568230793186,3,True,0.011953160777947952
UV_VISOR_RED,PEBBLES_XS,3,0.011950702816313068,0.00843138689619224,0.014468540938090382,3,True,0.011950702816313068
UV_VISOR_ORANGE,TRANSLATOR_VOID_BLUE,2,-0.011947869619961185,-0.024863494288353105,-0.001753024055133482,3,True,0.011947869619961185
PANEL_2X2,TRANSLATOR_SPACE_GRAY,5,0.011944038091579531,0.004839582273446301,0.017844848539912014,3,True,0.011944038091579531
ROBOT_IRONING,SNACKPACK_STRAWBERRY,2,-0.011942838309622646,-0.01860305286030298,-0.008429356967433443,3,True,0.011942838309622646
TRANSLATOR_GRAPHITE_MIST,OXYGEN_SHAKE_CHOCOLATE,2,0.011940423033492084,0.0032928137885273596,0.01872935363011726,3,True,0.011940423033492084
OXYGEN_SHAKE_EVENING_BREATH,GALAXY_SOUNDS_SOLAR_WINDS,1,-0.011938607155195539,-0.0294572129733829,-0.0003538732516686768,3,True,0.011938607155195539
MICROCHIP_CIRCLE,UV_VISOR_ORANGE,3,-0.011936881731583781,-0.03154561632914876,0.012826504749068112,3,False,0.011936881731583781
SNACKPACK_RASPBERRY,PEBBLES_M,3,-0.01193528857722099,-0.018229569780834738,-0.008102307575848264,3,True,0.01193528857722099
ROBOT_MOPPING,OXYGEN_SHAKE_CHOCOLATE,5,-0.011933933991058599,-0.016750575569857058,-0.005171902678618806,3,True,0.011933933991058599
PEBBLES_XL,ROBOT_VACUUMING,2,-0.011925777592295522,-0.0279470138211586,0.0024352740492897475,3,False,0.011925777592295522
PEBBLES_L,UV_VISOR_MAGENTA,5,0.0119235987806365,0.011242448118087703,0.012289131581471399,3,True,0.0119235987806365
SLEEP_POD_POLYESTER,UV_VISOR_MAGENTA,3,0.011920607538057964,0.0014798064365412135,0.020787768270848526,3,True,0.011920607538057964
SNACKPACK_STRAWBERRY,OXYGEN_SHAKE_CHOCOLATE,2,0.011911621379921196,0.007649986479628237,0.016821957721334817,3,True,0.011911621379921196
GALAXY_SOUNDS_DARK_MATTER,TRANSLATOR_GRAPHITE_MIST,3,-0.011898110150520703,-0.026044891724590843,0.0034977730989458563,3,False,0.011898110150520703
MICROCHIP_OVAL,GALAXY_SOUNDS_SOLAR_WINDS,2,0.011894267231314537,0.011443825175783701,0.012497399192121393,3,True,0.011894267231314537
SNACKPACK_STRAWBERRY,SNACKPACK_RASPBERRY,2,-0.011883132340861968,-0.016941577525698283,-0.008993554027698508,3,True,0.011883132340861968
GALAXY_SOUNDS_SOLAR_WINDS,OXYGEN_SHAKE_MORNING_BREATH,4,0.011882745670298525,0.001123531570124862,0.02011975381772656,3,True,0.011882745670298525
SNACKPACK_STRAWBERRY,SNACKPACK_VANILLA,1,-0.011881636282145945,-0.026309131118741873,-0.00012141709168385207,3,True,0.011881636282145945
PANEL_1X2,SLEEP_POD_POLYESTER,2,0.01187676053248294,-0.00686192491416314,0.03276095806619554,3,False,0.01187676053248294
PEBBLES_L,PANEL_1X4,2,0.011863966388201433,0.0022189313704930142,0.028097210480487585,3,True,0.011863966388201433
GALAXY_SOUNDS_SOLAR_WINDS,UV_VISOR_YELLOW,5,-0.011857370864172427,-0.015371453355673081,-0.005910698694406955,3,True,0.011857370864172427
PANEL_4X4,PANEL_1X2,5,0.011856735661320133,0.003193943765449453,0.01643375336659693,3,True,0.011856735661320133
GALAXY_SOUNDS_SOLAR_WINDS,SNACKPACK_RASPBERRY,4,0.011848352674760925,0.003422735021987851,0.026141497240707984,3,True,0.011848352674760925
ROBOT_IRONING,SNACKPACK_CHOCOLATE,3,-0.01184825117462573,-0.01413743005925062,-0.009359179207859775,3,True,0.01184825117462573
MICROCHIP_SQUARE,ROBOT_DISHES,4,0.01183793795245004,0.0025416179763908973,0.017098621153059178,3,True,0.01183793795245004
PEBBLES_S,OXYGEN_SHAKE_EVENING_BREATH,1,-0.011832712741639412,-0.02666798575397558,0.00681662706216109,3,False,0.011832712741639412
GALAXY_SOUNDS_DARK_MATTER,GALAXY_SOUNDS_SOLAR_WINDS,2,0.011824746419430342,0.0063302340971148245,0.018846707738776492,3,True,0.011824746419430342
GALAXY_SOUNDS_PLANETARY_RINGS,UV_VISOR_RED,1,-0.011821117274597642,-0.018619336549575035,-0.007862132819401353,3,True,0.011821117274597642
PANEL_2X4,TRANSLATOR_GRAPHITE_MIST,2,0.011820602767144537,0.0051623140319621095,0.019265944250413992,3,True,0.011820602767144537
SNACKPACK_VANILLA,GALAXY_SOUNDS_SOLAR_WINDS,4,-0.0118103872885617,-0.019435703134062923,-0.001290439092705451,3,True,0.0118103872885617
PEBBLES_M,PANEL_4X4,5,-0.011795982172291627,-0.014263054542261422,-0.008509444842063502,3,True,0.011795982172291627
OXYGEN_SHAKE_CHOCOLATE,TRANSLATOR_VOID_BLUE,5,-0.011788071058027969,-0.016114977618277036,-0.004997992018184146,3,True,0.011788071058027969
PANEL_1X2,SNACKPACK_STRAWBERRY,1,-0.01178019221334447,-0.01996886806500395,0.002215591734470183,3,False,0.01178019221334447
MICROCHIP_OVAL,ROBOT_IRONING,4,0.01177327249647983,0.00012803432544917102,0.022297417407486145,3,True,0.01177327249647983
MICROCHIP_SQUARE,ROBOT_VACUUMING,1,0.011751760340488242,0.007742588998271873,0.014440443562426564,3,True,0.011751760340488242
PANEL_2X4,MICROCHIP_OVAL,3,-0.011749484287131406,-0.030304101483826153,0.00022471780023745582,3,False,0.011749484287131406
PEBBLES_XS,ROBOT_LAUNDRY,4,0.011746534761284552,0.009192513133991075,0.015534568470513127,3,True,0.011746534761284552
ROBOT_MOPPING,SNACKPACK_RASPBERRY,5,0.011746467218964267,0.004153410419148445,0.016613956844020557,3,True,0.011746467218964267
TRANSLATOR_ECLIPSE_CHARCOAL,TRANSLATOR_ASTRO_BLACK,2,-0.011740327305811234,-0.034246966349097054,-0.00018710632331073282,3,True,0.011740327305811234
GALAXY_SOUNDS_SOLAR_WINDS,SNACKPACK_PISTACHIO,3,0.011726192872222064,0.010591478933992699,0.013791604914198596,3,True,0.011726192872222064
PEBBLES_L,PEBBLES_XL,1,-0.011724120628774884,-0.025113698640032087,0.008682480019256738,3,False,0.011724120628774884
SNACKPACK_PISTACHIO,SLEEP_POD_COTTON,1,-0.01172403240609432,-0.023991722208070054,0.011230611119773519,3,False,0.01172403240609432
MICROCHIP_OVAL,PEBBLES_XS,5,0.011722889742159815,0.0068919899096671604,0.015541173823013696,3,True,0.011722889742159815
SNACKPACK_STRAWBERRY,TRANSLATOR_ASTRO_BLACK,1,-0.011721475025857193,-0.03262305979578908,-0.0010101712712014535,3,True,0.011721475025857193
UV_VISOR_MAGENTA,SLEEP_POD_NYLON,5,0.011706271714952093,0.006044283289549039,0.020307545792369774,3,True,0.011706271714952093
OXYGEN_SHAKE_MORNING_BREATH,GALAXY_SOUNDS_SOLAR_WINDS,4,-0.011701905086279512,-0.01991274387060531,-0.0022764778315587423,3,True,0.011701905086279512
PANEL_1X4,PANEL_2X4,2,-0.011695201324525365,-0.01669653416641186,-0.004531413954359787,3,True,0.011695201324525365
OXYGEN_SHAKE_MORNING_BREATH,UV_VISOR_AMBER,5,-0.01168990014327873,-0.02544632899369574,-0.0030873053948427404,3,True,0.01168990014327873
ROBOT_MOPPING,PANEL_1X4,2,0.011688689110482492,0.00318466338052616,0.024834055639281687,3,True,0.011688689110482492
UV_VISOR_ORANGE,ROBOT_MOPPING,5,0.011686889367021122,0.0049068065805798495,0.01775886551235265,3,True,0.011686889367021122
SLEEP_POD_SUEDE,SNACKPACK_VANILLA,1,-0.01167274519404546,-0.015376021277301756,-0.005474271608490647,3,True,0.01167274519404546
GALAXY_SOUNDS_DARK_MATTER,MICROCHIP_TRIANGLE,3,0.011667654908745405,0.00562191982585884,0.0204086893090433,3,True,0.011667654908745405
TRANSLATOR_VOID_BLUE,MICROCHIP_RECTANGLE,4,-0.011664404508654599,-0.013597666009588102,-0.007982575373282858,3,True,0.011664404508654599
SNACKPACK_RASPBERRY,SNACKPACK_VANILLA,1,-0.011662176975465904,-0.02097844317424104,2.734075136860031e-05,3,False,0.011662176975465904
TRANSLATOR_VOID_BLUE,SNACKPACK_VANILLA,2,0.011658317546270752,0.007146415033616493,0.015794778666304254,3,True,0.011658317546270752
SLEEP_POD_LAMB_WOOL,SNACKPACK_RASPBERRY,2,0.011651979465670226,0.0031234556840474517,0.016334879457493894,3,True,0.011651979465670226
ROBOT_LAUNDRY,UV_VISOR_RED,2,-0.011631726806508716,-0.016623804218850464,-0.004589550308486662,3,True,0.011631726806508716
SLEEP_POD_POLYESTER,SLEEP_POD_NYLON,3,0.011630938807691874,0.00028139751068091055,0.01823428757797579,3,True,0.011630938807691874
SNACKPACK_VANILLA,MICROCHIP_OVAL,2,-0.011628028990220906,-0.01659591829819977,-0.008756594110957965,3,True,0.011628028990220906
UV_VISOR_AMBER,SNACKPACK_RASPBERRY,1,-0.011627699068058798,-0.014245010243145999,-0.007218099817938878,3,True,0.011627699068058798
GALAXY_SOUNDS_PLANETARY_RINGS,PEBBLES_S,5,0.011617597319418645,-0.007886531986133921,0.023711288558217622,3,False,0.011617597319418645
SNACKPACK_PISTACHIO,MICROCHIP_TRIANGLE,5,0.011611096417823217,-0.0012295510867802388,0.027614622034509262,3,False,0.011611096417823217
SLEEP_POD_POLYESTER,SNACKPACK_STRAWBERRY,1,-0.011608706284885051,-0.022006461902325046,0.00757648607038571,3,False,0.011608706284885051
SLEEP_POD_LAMB_WOOL,SNACKPACK_STRAWBERRY,3,0.011602605237003497,0.005255460313652683,0.017554577446662844,3,True,0.011602605237003497
SNACKPACK_RASPBERRY,MICROCHIP_SQUARE,5,0.011601173552175381,0.007744311952604863,0.016007889015036515,3,True,0.011601173552175381
SNACKPACK_CHOCOLATE,MICROCHIP_OVAL,1,0.011600448218551163,0.007337430809517503,0.014165148027993875,3,True,0.011600448218551163
PANEL_1X2,PANEL_2X4,4,0.011599946464227412,0.004219997057648066,0.0164863822423469,3,True,0.011599946464227412
PEBBLES_M,GALAXY_SOUNDS_PLANETARY_RINGS,2,-0.011598726468125176,-0.01813145331896414,-0.0054904718481533265,3,True,0.011598726468125176
OXYGEN_SHAKE_GARLIC,OXYGEN_SHAKE_MORNING_BREATH,1,0.011598635695766163,0.005596878482721692,0.0191948958112474,3,True,0.011598635695766163
PEBBLES_XL,SLEEP_POD_NYLON,4,-0.01159720445471331,-0.019314509249453653,0.0024956653453842344,3,False,0.01159720445471331
GALAXY_SOUNDS_BLACK_HOLES,TRANSLATOR_GRAPHITE_MIST,4,0.011593350455536033,0.0034055756751901066,0.02421729239617793,3,True,0.011593350455536033
MICROCHIP_RECTANGLE,PANEL_2X4,3,0.011581885298852861,-0.002800009841438499,0.026009312053523838,3,False,0.011581885298852861
SNACKPACK_PISTACHIO,PEBBLES_XL,5,-0.011580048630752468,-0.018014014375031532,-0.005357327188101354,3,True,0.011580048630752468
PANEL_1X2,PEBBLES_L,5,-0.011579103278001322,-0.014736854363832338,-0.007286584634830982,3,True,0.011579103278001322
UV_VISOR_MAGENTA,OXYGEN_SHAKE_EVENING_BREATH,1,-0.01156260234927779,-0.02041303858829853,0.0001472521525966858,3,False,0.01156260234927779
PANEL_4X4,TRANSLATOR_ECLIPSE_CHARCOAL,2,-0.01156037115111904,-0.016172852874440122,-0.009243341179978925,3,True,0.01156037115111904
GALAXY_SOUNDS_SOLAR_FLAMES,SNACKPACK_CHOCOLATE,3,-0.011552800602081623,-0.029243065529132514,-0.0024649506039864963,3,True,0.011552800602081623
OXYGEN_SHAKE_EVENING_BREATH,GALAXY_SOUNDS_PLANETARY_RINGS,1,-0.011552359753731341,-0.026053473076993558,-0.0033097956872205,3,True,0.011552359753731341
GALAXY_SOUNDS_BLACK_HOLES,TRANSLATOR_ECLIPSE_CHARCOAL,4,0.01155232353541516,0.0004760528363123492,0.019316513616255346,3,True,0.01155232353541516
PEBBLES_M,SLEEP_POD_SUEDE,5,-0.011541724622455306,-0.01584851269443335,-0.007319218100881496,3,True,0.011541724622455306
TRANSLATOR_GRAPHITE_MIST,ROBOT_DISHES,1,-0.011541044505890894,-0.013794895261551731,-0.00946799362369728,3,True,0.011541044505890894
OXYGEN_SHAKE_MINT,SLEEP_POD_NYLON,1,0.011536043915457808,0.00363953064911254,0.02135062972853704,3,True,0.011536043915457808
UV_VISOR_AMBER,TRANSLATOR_SPACE_GRAY,5,-0.011532351857418972,-0.013287453213428535,-0.009802849010572996,3,True,0.011532351857418972
PANEL_2X2,PANEL_1X4,3,0.01152775948783893,0.002880049976614501,0.018377791083574943,3,True,0.01152775948783893
PANEL_2X4,SNACKPACK_STRAWBERRY,1,-0.011523393790532757,-0.020718071836952574,0.0012386358869285374,3,False,0.011523393790532757
SNACKPACK_VANILLA,UV_VISOR_MAGENTA,1,-0.011521126865143297,-0.027013481209806785,-0.001222628509249692,3,True,0.011521126865143297
OXYGEN_SHAKE_MINT,SLEEP_POD_COTTON,4,0.011517741630271632,0.002014016898090943,0.01770902903299964,3,True,0.011517741630271632
MICROCHIP_RECTANGLE,ROBOT_LAUNDRY,4,0.011513342120469854,0.007846574312901934,0.01667820752642645,3,True,0.011513342120469854
OXYGEN_SHAKE_MORNING_BREATH,PEBBLES_S,4,-0.011513124721583235,-0.020967010749171504,-0.006300225719236765,3,True,0.011513124721583235
SLEEP_POD_POLYESTER,PANEL_1X4,2,0.01151006539756263,0.008633596126574895,0.014195662147948252,3,True,0.01151006539756263
UV_VISOR_RED,SNACKPACK_CHOCOLATE,4,0.011507107774510117,0.002334659927694917,0.018070925611567167,3,True,0.011507107774510117
SNACKPACK_PISTACHIO,OXYGEN_SHAKE_MORNING_BREATH,2,-0.011505326317742192,-0.023871037307966313,0.010071397105672964,3,False,0.011505326317742192
GALAXY_SOUNDS_SOLAR_FLAMES,UV_VISOR_ORANGE,3,-0.011482849478987941,-0.021329566584939074,-0.00429819871423021,3,True,0.011482849478987941
UV_VISOR_YELLOW,SLEEP_POD_COTTON,1,-0.01148174391238666,-0.01279204024132746,-0.010058754377497404,3,True,0.01148174391238666
MICROCHIP_SQUARE,ROBOT_MOPPING,3,0.011477288117453778,-0.007865961003071832,0.02311685917457109,3,False,0.011477288117453778
UV_VISOR_RED,UV_VISOR_YELLOW,2,0.011476239714642027,0.009734351947402369,0.014237281138895974,3,True,0.011476239714642027
ROBOT_VACUUMING,SLEEP_POD_COTTON,5,0.011474520567895441,0.006859404737206968,0.01920877462763317,3,True,0.011474520567895441
SNACKPACK_CHOCOLATE,PEBBLES_M,3,-0.011470167411645638,-0.01788832026185195,-0.0027694526868276377,3,True,0.011470167411645638
PEBBLES_L,PANEL_1X2,1,0.01146637163778799,0.006285310025536149,0.021228055362407214,3,True,0.01146637163778799
ROBOT_MOPPING,SLEEP_POD_COTTON,1,0.011455126744356524,0.0032941680692279646,0.0255826117068814,3,True,0.011455126744356524
PEBBLES_S,PANEL_2X4,2,-0.01143275191716032,-0.018229605822244716,0.0005758144461651158,3,False,0.01143275191716032
SLEEP_POD_SUEDE,PANEL_2X2,4,-0.011430271610755471,-0.013820357934203456,-0.009571472195061713,3,True,0.011430271610755471
GALAXY_SOUNDS_DARK_MATTER,UV_VISOR_AMBER,3,0.011428164554335976,0.004675269230850062,0.01880549024695501,3,True,0.011428164554335976
MICROCHIP_SQUARE,PANEL_2X2,2,0.01142486984750718,0.00984319210153533,0.013301922579762792,3,True,0.01142486984750718
GALAXY_SOUNDS_SOLAR_WINDS,ROBOT_DISHES,4,0.011418145215392904,0.00287030670027105,0.027601848850295194,3,True,0.011418145215392904
OXYGEN_SHAKE_MORNING_BREATH,MICROCHIP_OVAL,2,0.011417890478029338,0.004495343859026847,0.019859498243634633,3,True,0.011417890478029338
SNACKPACK_PISTACHIO,GALAXY_SOUNDS_SOLAR_FLAMES,4,-0.011406449075839542,-0.02163566148339304,-0.002282912014465037,3,True,0.011406449075839542
UV_VISOR_MAGENTA,PANEL_4X4,3,-0.011393722123755645,-0.031088031744398493,0.005782537382239314,3,False,0.011393722123755645
TRANSLATOR_GRAPHITE_MIST,MICROCHIP_RECTANGLE,1,-0.011393581011415438,-0.019382504502121044,-0.0037275888643145314,3,True,0.011393581011415438
TRANSLATOR_SPACE_GRAY,GALAXY_SOUNDS_BLACK_HOLES,5,0.011392799468076397,0.008828068933580917,0.014152257941397734,3,True,0.011392799468076397
SNACKPACK_STRAWBERRY,UV_VISOR_YELLOW,3,0.011387007010126642,-0.005787405045635996,0.028985423832071894,3,False,0.011387007010126642
MICROCHIP_SQUARE,SLEEP_POD_NYLON,4,0.011386350005431763,0.0032463380770654535,0.016933132351719036,3,True,0.011386350005431763
PEBBLES_M,PEBBLES_L,5,0.011374911597775489,0.008123774583285198,0.01621597418845133,3,True,0.011374911597775489
MICROCHIP_TRIANGLE,TRANSLATOR_ASTRO_BLACK,1,0.011357650055474998,0.005869294149888417,0.02082565242871223,3,True,0.011357650055474998
OXYGEN_SHAKE_MINT,SLEEP_POD_POLYESTER,3,-0.011353047064097751,-0.014894079237718832,-0.009154764447173905,3,True,0.011353047064097751
ROBOT_DISHES,PEBBLES_S,2,-0.01134726565569471,-0.026264547799232114,0.010235657211047623,3,False,0.01134726565569471
OXYGEN_SHAKE_CHOCOLATE,SNACKPACK_CHOCOLATE,1,-0.011344185194421501,-0.012432317224421563,-0.009293239984826906,3,True,0.011344185194421501
SNACKPACK_PISTACHIO,MICROCHIP_OVAL,1,0.011343993803148066,0.008876790296823811,0.01593948499464857,3,True,0.011343993803148066
OXYGEN_SHAKE_CHOCOLATE,UV_VISOR_RED,2,0.01133302291869463,0.003932549053124816,0.015232865228556948,3,True,0.01133302291869463
PANEL_2X4,GALAXY_SOUNDS_BLACK_HOLES,1,-0.011324698293282759,-0.013264336029772027,-0.00783441822630807,3,True,0.011324698293282759
PANEL_4X4,UV_VISOR_ORANGE,3,0.011315940694724766,-0.018298198407001025,0.029694396595475098,3,False,0.011315940694724766
SNACKPACK_RASPBERRY,OXYGEN_SHAKE_MINT,2,0.011315631850333545,0.0036072460210827286,0.026058776227539857,3,True,0.011315631850333545
SLEEP_POD_NYLON,OXYGEN_SHAKE_GARLIC,5,0.011315352089858012,0.004294815424587395,0.02075051619615142,3,True,0.011315352089858012
OXYGEN_SHAKE_MINT,OXYGEN_SHAKE_EVENING_BREATH,1,-0.011307566091002438,-0.013489962478872968,-0.008856743369038597,3,True,0.011307566091002438
TRANSLATOR_ECLIPSE_CHARCOAL,SNACKPACK_CHOCOLATE,1,-0.011305170230076836,-0.02050825962628212,0.0003416606327654709,3,False,0.011305170230076836
SLEEP_POD_SUEDE,UV_VISOR_ORANGE,1,-0.01129235429550044,-0.02361657710027498,-0.004206205241780913,3,True,0.01129235429550044
ROBOT_LAUNDRY,PEBBLES_XS,3,0.011292351818310245,-0.006563930166965092,0.03643600487984446,3,False,0.011292351818310245
UV_VISOR_MAGENTA,UV_VISOR_ORANGE,4,-0.011291034622498683,-0.017253191537416217,-0.004061771670296009,3,True,0.011291034622498683
SLEEP_POD_COTTON,PANEL_2X4,5,0.01128653078240009,0.008652394885605798,0.01400422336236215,3,True,0.01128653078240009
UV_VISOR_AMBER,TRANSLATOR_ASTRO_BLACK,1,-0.011285981729046463,-0.019701378293444777,-0.0012103217241321745,3,True,0.011285981729046463
PANEL_2X4,PEBBLES_XL,1,0.011280700648492048,-0.003236604155141748,0.021153622661753895,3,False,0.011280700648492048
MICROCHIP_CIRCLE,PANEL_4X4,2,0.01127979749138297,0.007791261162944701,0.013083813526724167,3,True,0.01127979749138297
PEBBLES_S,GALAXY_SOUNDS_SOLAR_WINDS,1,-0.011269735715956452,-0.01941185395196457,-0.0021721619199449546,3,True,0.011269735715956452
ROBOT_VACUUMING,SLEEP_POD_NYLON,5,0.011257829654549634,0.006297162358992326,0.014112193368398768,3,True,0.011257829654549634
TRANSLATOR_VOID_BLUE,SLEEP_POD_POLYESTER,5,-0.01125725839967294,-0.018681708145633222,-0.007033979127155915,3,True,0.01125725839967294
MICROCHIP_SQUARE,MICROCHIP_TRIANGLE,3,-0.011256146281830486,-0.01782786692098252,-0.0036237924968330567,3,True,0.011256146281830486
OXYGEN_SHAKE_CHOCOLATE,TRANSLATOR_ECLIPSE_CHARCOAL,1,-0.011255201583618556,-0.015268990878255779,-0.00808654072441737,3,True,0.011255201583618556
PANEL_1X2,SNACKPACK_PISTACHIO,1,-0.01125014691533281,-0.022096975787003547,0.0016526354104594544,3,False,0.01125014691533281
GALAXY_SOUNDS_BLACK_HOLES,SNACKPACK_PISTACHIO,3,-0.011245629350521534,-0.012436034409819585,-0.009104965878396288,3,True,0.011245629350521534
SLEEP_POD_NYLON,TRANSLATOR_SPACE_GRAY,4,0.011242511938330512,0.005077545284322641,0.020020272895872788,3,True,0.011242511938330512
UV_VISOR_AMBER,ROBOT_IRONING,3,-0.01123576766545155,-0.021174487189367836,-0.004838577215181678,3,True,0.01123576766545155
UV_VISOR_RED,UV_VISOR_MAGENTA,5,0.01122933663747066,-0.001856334990850822,0.02317426726523862,3,False,0.01122933663747066
SLEEP_POD_COTTON,OXYGEN_SHAKE_MINT,2,-0.011225956415093675,-0.020631253284317756,-0.002517192399002071,3,True,0.011225956415093675
TRANSLATOR_ASTRO_BLACK,TRANSLATOR_VOID_BLUE,3,0.011221109242393898,0.004644117994082823,0.015237961992920263,3,True,0.011221109242393898
PANEL_1X4,SLEEP_POD_LAMB_WOOL,5,-0.011212334656370846,-0.021290335004591716,-0.00010782399278129172,3,True,0.011212334656370846
OXYGEN_SHAKE_MINT,GALAXY_SOUNDS_DARK_MATTER,4,0.011200610993183922,-0.001078200277521658,0.02171049643006539,3,False,0.011200610993183922
SLEEP_POD_COTTON,GALAXY_SOUNDS_PLANETARY_RINGS,4,-0.01119826541438112,-0.021114945802749117,-0.004446750205468686,3,True,0.01119826541438112
ROBOT_DISHES,GALAXY_SOUNDS_DARK_MATTER,2,-0.01119775970684133,-0.02534590250565854,0.0049001078253099,3,False,0.01119775970684133
UV_VISOR_AMBER,SLEEP_POD_POLYESTER,1,0.011197117448852234,-0.003418583220117985,0.02680092934493126,3,False,0.011197117448852234
SNACKPACK_VANILLA,TRANSLATOR_ECLIPSE_CHARCOAL,2,-0.011196643455108972,-0.014758344671314453,-0.00895186605869804,3,True,0.011196643455108972
ROBOT_VACUUMING,OXYGEN_SHAKE_CHOCOLATE,3,-0.011196094874287571,-0.019351880206170877,0.002580408719128386,3,False,0.011196094874287571
OXYGEN_SHAKE_GARLIC,PEBBLES_XS,1,-0.011179726578057452,-0.023945631925710118,-0.0010689169562064268,3,True,0.011179726578057452
PEBBLES_M,PANEL_1X4,2,-0.011162587992282536,-0.03226209835321181,0.009533429641656089,3,False,0.011162587992282536
PEBBLES_XL,PANEL_2X4,2,0.011160045786042933,0.004315533817259717,0.020988515243358763,3,True,0.011160045786042933
PANEL_1X2,PEBBLES_XS,2,-0.011159875951654345,-0.014263606719750854,-0.00811614852614309,3,True,0.011159875951654345
TRANSLATOR_GRAPHITE_MIST,UV_VISOR_YELLOW,3,-0.011153077857237006,-0.018811746169651082,-0.00459732102926909,3,True,0.011153077857237006
SNACKPACK_STRAWBERRY,MICROCHIP_SQUARE,5,-0.011151621938926297,-0.013583457548242285,-0.007884684856089019,3,True,0.011151621938926297
UV_VISOR_AMBER,TRANSLATOR_VOID_BLUE,4,0.011132876137092547,0.008370505753835425,0.014365277600920708,3,True,0.011132876137092547
UV_VISOR_YELLOW,ROBOT_DISHES,4,0.011130737080500079,0.00406087594247224,0.025256658125390064,3,True,0.011130737080500079
TRANSLATOR_ECLIPSE_CHARCOAL,OXYGEN_SHAKE_EVENING_BREATH,2,0.011128628382992342,-0.0020237967299218144,0.025854971035593408,3,False,0.011128628382992342
TRANSLATOR_ASTRO_BLACK,PEBBLES_M,5,-0.011128610623923346,-0.02081176655881472,-0.0036918034529344413,3,True,0.011128610623923346
SNACKPACK_STRAWBERRY,GALAXY_SOUNDS_DARK_MATTER,4,-0.011127839435434078,-0.017192152650808416,-0.0028560297870727225,3,True,0.011127839435434078
TRANSLATOR_SPACE_GRAY,GALAXY_SOUNDS_DARK_MATTER,5,-0.011127300676107845,-0.02111754584320714,-0.004420246852064804,3,True,0.011127300676107845
PANEL_1X2,UV_VISOR_MAGENTA,5,0.011114097314373595,0.00022864388978851606,0.025143010715538466,3,True,0.011114097314373595
PEBBLES_L,SNACKPACK_VANILLA,3,-0.011113767758907572,-0.017103487046795002,-0.0023446657487207383,3,True,0.011113767758907572
OXYGEN_SHAKE_CHOCOLATE,ROBOT_VACUUMING,3,0.011111890967534331,-0.0043975063816524,0.03056566733123015,3,False,0.011111890967534331
ROBOT_VACUUMING,OXYGEN_SHAKE_MINT,3,-0.01111151299182951,-0.015828770811275487,-0.007643811594029473,3,True,0.01111151299182951
SNACKPACK_VANILLA,GALAXY_SOUNDS_SOLAR_FLAMES,1,-0.011110358915004363,-0.020891649611831556,0.0035717703257010154,3,False,0.011110358915004363
OXYGEN_SHAKE_CHOCOLATE,GALAXY_SOUNDS_SOLAR_WINDS,1,-0.011108780872249244,-0.018624804152110996,-0.0016095139790859223,3,True,0.011108780872249244
UV_VISOR_RED,SNACKPACK_PISTACHIO,1,-0.011105260271227787,-0.01763590801192457,-0.007839072295558377,3,True,0.011105260271227787
TRANSLATOR_SPACE_GRAY,TRANSLATOR_ASTRO_BLACK,3,0.01110475117941913,0.0024490459042139155,0.016334704481120194,3,True,0.01110475117941913
GALAXY_SOUNDS_DARK_MATTER,ROBOT_DISHES,5,0.011101259313853426,0.008358746909155468,0.013911201051334756,3,True,0.011101259313853426
SLEEP_POD_LAMB_WOOL,SLEEP_POD_COTTON,5,0.011092848112835507,-0.0008535605279504267,0.021664573859013936,3,False,0.011092848112835507
PANEL_4X4,SNACKPACK_RASPBERRY,1,-0.011089191855017624,-0.015793553605101925,-0.006296927146257773,3,True,0.011089191855017624
PANEL_1X4,SLEEP_POD_POLYESTER,5,0.011086008016539646,0.007521170087231902,0.013207227954821666,3,True,0.011086008016539646
GALAXY_SOUNDS_PLANETARY_RINGS,UV_VISOR_YELLOW,4,0.01108526942384542,0.004337908355147986,0.02334825546691242,3,True,0.01108526942384542
UV_VISOR_ORANGE,MICROCHIP_TRIANGLE,3,0.011084975619100603,0.005569018119325657,0.014748881711701375,3,True,0.011084975619100603
SNACKPACK_CHOCOLATE,PEBBLES_XS,1,0.011082704296066006,0.008061726161406388,0.016104926239404033,3,True,0.011082704296066006
MICROCHIP_RECTANGLE,UV_VISOR_RED,5,0.011082133451261572,0.009640811005646108,0.013855727538664894,3,True,0.011082133451261572
UV_VISOR_RED,GALAXY_SOUNDS_BLACK_HOLES,2,0.0110775202652941,0.007582058293814707,0.017141272296077734,3,True,0.0110775202652941
SNACKPACK_VANILLA,PANEL_1X4,5,0.011075715312038811,-0.008793865860858207,0.02759463599888994,3,False,0.011075715312038811
GALAXY_SOUNDS_SOLAR_WINDS,MICROCHIP_OVAL,4,-0.011068719439479735,-0.015040971897375003,-0.008333264859878519,3,True,0.011068719439479735
OXYGEN_SHAKE_CHOCOLATE,PANEL_2X4,2,0.01106682952961554,0.005948516633891158,0.018824597083000376,3,True,0.01106682952961554
SLEEP_POD_COTTON,SLEEP_POD_NYLON,3,-0.01106201661560347,-0.020364975537865725,0.007508093390957433,3,False,0.01106201661560347
SNACKPACK_CHOCOLATE,PANEL_4X4,3,0.011059033961786322,0.0029919155394141886,0.019435668044619974,3,True,0.011059033961786322
TRANSLATOR_ASTRO_BLACK,TRANSLATOR_SPACE_GRAY,5,0.011041540153716207,0.008482129715470643,0.012822230120127922,3,True,0.011041540153716207
UV_VISOR_MAGENTA,UV_VISOR_AMBER,4,0.011039038921640142,0.007308218414187789,0.01824053681530755,3,True,0.011039038921640142
UV_VISOR_YELLOW,PANEL_1X4,3,0.011035898065817928,0.0029168690861044134,0.01511959046119225,3,True,0.011035898065817928
GALAXY_SOUNDS_PLANETARY_RINGS,OXYGEN_SHAKE_EVENING_BREATH,2,0.01102946907250183,-0.002678189888067163,0.025449013205995834,3,False,0.01102946907250183
ROBOT_MOPPING,SLEEP_POD_NYLON,3,0.011026841043344998,0.002924032107805677,0.016541003875423538,3,True,0.011026841043344998
PEBBLES_L,UV_VISOR_ORANGE,4,0.01101716634474407,0.0054595611735919905,0.016438493968144615,3,True,0.01101716634474407
PANEL_2X4,TRANSLATOR_ASTRO_BLACK,1,-0.011007122305628463,-0.01818222035311682,-0.0030338839562885946,3,True,0.011007122305628463
SLEEP_POD_LAMB_WOOL,TRANSLATOR_ECLIPSE_CHARCOAL,2,0.011000250495248462,-0.0019894062092953315,0.022412472673571406,3,False,0.011000250495248462
SLEEP_POD_POLYESTER,OXYGEN_SHAKE_EVENING_BREATH,5,-0.010999095727090106,-0.02879765162924557,0.002490868110211897,3,False,0.010999095727090106
UV_VISOR_ORANGE,TRANSLATOR_ASTRO_BLACK,3,-0.01099670110757331,-0.020083995992550206,-0.005370858367914732,3,True,0.01099670110757331
PEBBLES_XS,SNACKPACK_CHOCOLATE,2,0.01098680170157404,0.003421265891839637,0.01710757159259697,3,True,0.01098680170157404
ROBOT_VACUUMING,PANEL_4X4,1,-0.010982265716923992,-0.019276804952497575,-0.006637022870445173,3,True,0.010982265716923992
OXYGEN_SHAKE_MINT,SNACKPACK_CHOCOLATE,3,-0.010977517595665384,-0.013773889754430444,-0.00603825365663959,3,True,0.010977517595665384
TRANSLATOR_VOID_BLUE,MICROCHIP_TRIANGLE,3,0.010975119669146107,0.005103921993113386,0.022618352723974677,3,True,0.010975119669146107
SNACKPACK_PISTACHIO,ROBOT_VACUUMING,5,0.010968946600735226,0.004511173133969081,0.019380056116272696,3,True,0.010968946600735226
UV_VISOR_YELLOW,TRANSLATOR_SPACE_GRAY,1,-0.01095793181499844,-0.021111857969093,-0.004270413958787223,3,True,0.01095793181499844
SLEEP_POD_LAMB_WOOL,MICROCHIP_RECTANGLE,2,-0.010957596391308536,-0.02389538588844697,0.004610107688802673,3,False,0.010957596391308536
OXYGEN_SHAKE_CHOCOLATE,SNACKPACK_STRAWBERRY,5,-0.010956556468660686,-0.024340810946384243,-0.002989674326626241,3,True,0.010956556468660686
MICROCHIP_TRIANGLE,SNACKPACK_RASPBERRY,5,-0.01095518379600135,-0.018770786235070794,-0.002012762712504161,3,True,0.01095518379600135
MICROCHIP_TRIANGLE,UV_VISOR_YELLOW,4,0.010948068825931008,0.0003137895974617051,0.020816559339205544,3,True,0.010948068825931008
PEBBLES_XS,UV_VISOR_AMBER,4,0.01094518834820612,0.009219904452969241,0.012843875817016733,3,True,0.01094518834820612
SLEEP_POD_COTTON,SLEEP_POD_SUEDE,5,0.010943302416154696,0.00382761079759385,0.015459735610010638,3,True,0.010943302416154696
PANEL_2X4,SNACKPACK_RASPBERRY,5,-0.010942078943497113,-0.02287015262263181,-0.004418676246124943,3,True,0.010942078943497113
SNACKPACK_STRAWBERRY,OXYGEN_SHAKE_EVENING_BREATH,2,0.010939780452746422,0.007329389658837317,0.01774617986509704,3,True,0.010939780452746422
OXYGEN_SHAKE_MORNING_BREATH,TRANSLATOR_ASTRO_BLACK,3,-0.01093917922211995,-0.01833343194342571,-0.0019394661243628919,3,True,0.01093917922211995
OXYGEN_SHAKE_GARLIC,MICROCHIP_OVAL,1,-0.010937306904668367,-0.02716006671492987,-0.0022496713310844046,3,True,0.010937306904668367
SLEEP_POD_NYLON,PEBBLES_S,2,-0.010936757957044256,-0.026564062873596046,0.008353728657023694,3,False,0.010936757957044256
SNACKPACK_VANILLA,TRANSLATOR_GRAPHITE_MIST,4,-0.010935377901343933,-0.016066431061016646,-0.007364774355451055,3,True,0.010935377901343933
TRANSLATOR_VOID_BLUE,PANEL_1X2,5,0.01093373204578254,-0.011012233213756628,0.03787213018724306,3,False,0.01093373204578254
PEBBLES_XS,SLEEP_POD_LAMB_WOOL,3,0.010931236730870117,0.0024209066936413783,0.018554634395833942,3,True,0.010931236730870117
GALAXY_SOUNDS_PLANETARY_RINGS,OXYGEN_SHAKE_GARLIC,1,-0.010918339724214554,-0.02059792387343935,-0.0026585304792632884,3,True,0.010918339724214554
TRANSLATOR_ECLIPSE_CHARCOAL,SLEEP_POD_SUEDE,1,-0.010911118061421548,-0.01846551217265814,-0.0067772146271849135,3,True,0.010911118061421548
PANEL_2X2,UV_VISOR_ORANGE,1,-0.010911069103687172,-0.019886450798102365,-0.0015855673013022119,3,True,0.010911069103687172
SLEEP_POD_SUEDE,TRANSLATOR_ECLIPSE_CHARCOAL,2,0.010908242058840023,0.0024228143325652493,0.01797563897249383,3,True,0.010908242058840023
SNACKPACK_RASPBERRY,ROBOT_LAUNDRY,4,0.010903803348021704,-0.0005696474055660344,0.019794217245899224,3,False,0.010903803348021704
GALAXY_SOUNDS_SOLAR_FLAMES,OXYGEN_SHAKE_CHOCOLATE,2,-0.010895289306692743,-0.021082669515893264,0.0016556207527912451,3,False,0.010895289306692743
MICROCHIP_OVAL,GALAXY_SOUNDS_SOLAR_FLAMES,4,0.010892492046629459,-0.009873410010776153,0.023803798515126463,3,False,0.010892492046629459
GALAXY_SOUNDS_SOLAR_FLAMES,OXYGEN_SHAKE_EVENING_BREATH,1,-0.01088648594947833,-0.014874129029576157,-0.003936537135259347,3,True,0.01088648594947833
PEBBLES_M,MICROCHIP_RECTANGLE,2,0.010874281390115084,0.002392548454680105,0.025179645120481615,3,True,0.010874281390115084
OXYGEN_SHAKE_CHOCOLATE,SLEEP_POD_SUEDE,2,-0.01087385884893211,-0.023660798924918628,0.011618330189593197,3,False,0.01087385884893211
MICROCHIP_SQUARE,GALAXY_SOUNDS_SOLAR_FLAMES,2,0.010869333056402813,0.005225709683570564,0.014650720707639776,3,True,0.010869333056402813
SLEEP_POD_POLYESTER,PANEL_4X4,4,-0.010865668833335729,-0.015781925593967926,-0.007298864257927236,3,True,0.010865668833335729
PEBBLES_L,TRANSLATOR_GRAPHITE_MIST,2,-0.010863654642881438,-0.020098413279219563,-0.003554723805202727,3,True,0.010863654642881438
PEBBLES_XS,MICROCHIP_TRIANGLE,3,-0.010862962227203376,-0.022932459844562075,-0.003379399162704333,3,True,0.010862962227203376
UV_VISOR_YELLOW,SNACKPACK_CHOCOLATE,1,-0.010862727740613512,-0.012580134074128021,-0.009163377273012223,3,True,0.010862727740613512
TRANSLATOR_ECLIPSE_CHARCOAL,SNACKPACK_STRAWBERRY,2,0.01086131405245451,0.001964489322389064,0.015863323739707703,3,True,0.01086131405245451
GALAXY_SOUNDS_SOLAR_FLAMES,UV_VISOR_RED,3,-0.01085398191280977,-0.014390736787671922,-0.005799079237105668,3,True,0.01085398191280977
PEBBLES_S,GALAXY_SOUNDS_SOLAR_FLAMES,2,-0.010852341479517288,-0.01253683043017728,-0.007900920395206568,3,True,0.010852341479517288
OXYGEN_SHAKE_MINT,SNACKPACK_VANILLA,5,-0.010851674601670866,-0.0177493498142139,-0.005910224706730394,3,True,0.010851674601670866
UV_VISOR_MAGENTA,PANEL_2X2,4,0.010844696201994809,0.00591927431535656,0.01692593810748685,3,True,0.010844696201994809
PANEL_4X4,GALAXY_SOUNDS_DARK_MATTER,1,-0.010831428724486246,-0.01612385741911653,-0.0035068241713804254,3,True,0.010831428724486246
GALAXY_SOUNDS_DARK_MATTER,TRANSLATOR_VOID_BLUE,2,-0.010831214904090702,-0.016403703700418604,-0.007793081895755943,3,True,0.010831214904090702
PEBBLES_XL,GALAXY_SOUNDS_DARK_MATTER,1,-0.010830868089619876,-0.02620761038026588,-0.0004691556487480899,3,True,0.010830868089619876
ROBOT_DISHES,SNACKPACK_VANILLA,1,-0.010830398397654218,-0.015932246741681807,-0.006207140673817517,3,True,0.010830398397654218
ROBOT_IRONING,UV_VISOR_AMBER,3,0.01082353361609474,0.002655149415380428,0.016851768054100342,3,True,0.01082353361609474
ROBOT_LAUNDRY,OXYGEN_SHAKE_EVENING_BREATH,1,0.010822352204878366,0.004926881769130983,0.018982668501543162,3,True,0.010822352204878366
GALAXY_SOUNDS_BLACK_HOLES,PEBBLES_M,4,0.010821476208262161,0.006034464873318617,0.018171262645951005,3,True,0.010821476208262161
ROBOT_IRONING,SLEEP_POD_NYLON,2,-0.010812170921236606,-0.018861841502380336,-0.006283949950625591,3,True,0.010812170921236606
TRANSLATOR_ASTRO_BLACK,ROBOT_MOPPING,2,0.010810740536824945,-0.0036845309037440563,0.025703687328770444,3,False,0.010810740536824945
SLEEP_POD_SUEDE,ROBOT_DISHES,4,0.010803915112045738,0.002556032854032317,0.026872694110294217,3,True,0.010803915112045738
UV_VISOR_AMBER,SNACKPACK_PISTACHIO,5,0.01080380701737846,0.0045438816898873335,0.017054872863347424,3,True,0.01080380701737846
OXYGEN_SHAKE_MINT,TRANSLATOR_VOID_BLUE,1,0.010801256548321217,0.0019456839721016335,0.018033080098042154,3,True,0.010801256548321217
UV_VISOR_MAGENTA,OXYGEN_SHAKE_MORNING_BREATH,2,-0.010796709809718955,-0.014239904645943019,-0.00816413903139815,3,True,0.010796709809718955
GALAXY_SOUNDS_SOLAR_FLAMES,ROBOT_LAUNDRY,3,0.010795617480801371,0.0023204836231933332,0.01694252833132935,3,True,0.010795617480801371
OXYGEN_SHAKE_MORNING_BREATH,ROBOT_LAUNDRY,2,-0.010791829123060046,-0.01894525073488538,-0.001523851944190595,3,True,0.010791829123060046
MICROCHIP_OVAL,PEBBLES_XL,5,-0.010790196226811316,-0.015551689706571777,-0.005392387421656817,3,True,0.010790196226811316
TRANSLATOR_ECLIPSE_CHARCOAL,SNACKPACK_PISTACHIO,2,0.010788023228630773,-0.0008888446316208872,0.016887323992179768,3,False,0.010788023228630773
GALAXY_SOUNDS_SOLAR_WINDS,SLEEP_POD_SUEDE,5,-0.01078777325052179,-0.02219431267823538,-0.0010832300402103328,3,True,0.01078777325052179
SLEEP_POD_COTTON,OXYGEN_SHAKE_EVENING_BREATH,1,-0.010782869366149856,-0.015394265318815104,-0.005956237606284071,3,True,0.010782869366149856
OXYGEN_SHAKE_EVENING_BREATH,UV_VISOR_MAGENTA,1,-0.010772249005337664,-0.0274273364263246,0.01175445789687854,3,False,0.010772249005337664
UV_VISOR_ORANGE,PANEL_4X4,5,-0.010769045503263732,-0.021181904667389354,-0.0017859699846036732,3,True,0.010769045503263732
TRANSLATOR_ECLIPSE_CHARCOAL,UV_VISOR_MAGENTA,3,-0.010763030190468653,-0.013601036182430984,-0.007563370486150218,3,True,0.010763030190468653
UV_VISOR_MAGENTA,TRANSLATOR_GRAPHITE_MIST,1,-0.010756908601651507,-0.019457447653613947,-0.005193107476526476,3,True,0.010756908601651507
OXYGEN_SHAKE_EVENING_BREATH,SNACKPACK_CHOCOLATE,5,0.010753383642033716,-0.000544246557009733,0.019402955422094605,3,False,0.010753383642033716
PEBBLES_XS,ROBOT_DISHES,3,0.01073892270241981,0.004281607513718358,0.017137619604937763,3,True,0.01073892270241981
ROBOT_LAUNDRY,SLEEP_POD_POLYESTER,1,-0.010734294510446657,-0.02862939402907609,0.0007981493352107421,3,False,0.010734294510446657
ROBOT_LAUNDRY,SNACKPACK_PISTACHIO,1,-0.010733516997579448,-0.02539544538926853,0.007754679603902311,3,False,0.010733516997579448
UV_VISOR_RED,SLEEP_POD_POLYESTER,3,-0.010731511539653552,-0.020289557894162924,-0.005237504894666576,3,True,0.010731511539653552
SNACKPACK_VANILLA,PEBBLES_L,3,0.010722853689791529,0.0009050460738037724,0.02068288441127885,3,True,0.010722853689791529
MICROCHIP_OVAL,UV_VISOR_YELLOW,5,0.010722059270184506,0.008633181257926517,0.014401500567703267,3,True,0.010722059270184506
UV_VISOR_MAGENTA,OXYGEN_SHAKE_CHOCOLATE,4,-0.010712197683169252,-0.021412019085896895,0.0027058029999929654,3,False,0.010712197683169252
PANEL_2X4,SNACKPACK_PISTACHIO,5,0.010709091763797085,0.00215920100670137,0.027630793402286573,3,True,0.010709091763797085
OXYGEN_SHAKE_MINT,SLEEP_POD_SUEDE,2,0.01070397941162806,-0.0041553003757862335,0.02148196827103137,3,False,0.01070397941162806
GALAXY_SOUNDS_SOLAR_FLAMES,OXYGEN_SHAKE_MINT,5,0.01070359774344811,-0.0009536072794610765,0.018876889431577466,3,False,0.01070359774344811
TRANSLATOR_VOID_BLUE,SNACKPACK_CHOCOLATE,2,-0.010699647762409626,-0.01950635071436359,-0.004635394513615744,3,True,0.010699647762409626
OXYGEN_SHAKE_GARLIC,ROBOT_MOPPING,3,0.010683640313211928,0.0009222651870558051,0.023208151445248543,3,True,0.010683640313211928
SLEEP_POD_POLYESTER,SNACKPACK_CHOCOLATE,5,0.010680792272772474,-0.0003274352161998738,0.021656845529054232,3,False,0.010680792272772474
PEBBLES_L,UV_VISOR_AMBER,4,-0.010677592740539059,-0.02073601600900368,-0.0028343777036225304,3,True,0.010677592740539059
TRANSLATOR_ASTRO_BLACK,SLEEP_POD_SUEDE,1,-0.010671522901875237,-0.019030846392238062,-0.0014899270815629678,3,True,0.010671522901875237
SNACKPACK_CHOCOLATE,PEBBLES_L,3,-0.010670745267840223,-0.018568388460894574,-0.005085506752993521,3,True,0.010670745267840223
GALAXY_SOUNDS_SOLAR_FLAMES,PEBBLES_L,1,-0.010669579385029278,-0.01416009422164394,-0.004135789757058276,3,True,0.010669579385029278
SLEEP_POD_LAMB_WOOL,SNACKPACK_PISTACHIO,3,0.010667374349023304,0.004830502685089927,0.017959138849824186,3,True,0.010667374349023304
PANEL_1X4,SNACKPACK_VANILLA,4,-0.010665260756574133,-0.022697136514540507,0.0017311495018434138,3,False,0.010665260756574133
SNACKPACK_STRAWBERRY,MICROCHIP_TRIANGLE,5,0.010662308317227448,-0.001154384528770326,0.023417487138288066,3,False,0.010662308317227448
SLEEP_POD_SUEDE,UV_VISOR_AMBER,1,-0.01064945488193194,-0.016125692290197884,-0.0007751677042982733,3,True,0.01064945488193194
UV_VISOR_RED,TRANSLATOR_SPACE_GRAY,3,-0.010649062579172393,-0.014537426395534993,-0.005401460057846054,3,True,0.010649062579172393
OXYGEN_SHAKE_EVENING_BREATH,MICROCHIP_CIRCLE,4,0.010648350662416024,-0.013297377325746118,0.023404368995713958,3,False,0.010648350662416024
SNACKPACK_VANILLA,GALAXY_SOUNDS_DARK_MATTER,1,-0.010645568908437222,-0.015796754273447088,-0.0030919655092567573,3,True,0.010645568908437222
GALAXY_SOUNDS_SOLAR_WINDS,SLEEP_POD_COTTON,5,0.010643984264439013,-0.0031348578166809373,0.02561275775218791,3,False,0.010643984264439013
GALAXY_SOUNDS_BLACK_HOLES,OXYGEN_SHAKE_MORNING_BREATH,1,0.010643124534587932,-0.004603548489567305,0.018268897041547747,3,False,0.010643124534587932
PANEL_2X2,GALAXY_SOUNDS_DARK_MATTER,2,-0.010636750873830312,-0.01773288566112961,-0.0014579127984960044,3,True,0.010636750873830312
PANEL_1X2,OXYGEN_SHAKE_EVENING_BREATH,4,-0.01062830374795625,-0.015297610194195097,-0.003509046142277253,3,True,0.01062830374795625
GALAXY_SOUNDS_PLANETARY_RINGS,MICROCHIP_TRIANGLE,2,-0.010621903678126475,-0.01750601865595848,-0.0033250398854405357,3,True,0.010621903678126475
TRANSLATOR_ASTRO_BLACK,PANEL_2X2,4,0.010621631075979368,-0.0007705180373333187,0.026511066530076725,3,False,0.010621631075979368
OXYGEN_SHAKE_CHOCOLATE,PEBBLES_XL,2,0.010612070202706438,0.0014823783980301743,0.018080236081938577,3,True,0.010612070202706438
PEBBLES_M,OXYGEN_SHAKE_GARLIC,4,-0.01061191776671489,-0.013207390917502358,-0.008428520076913814,3,True,0.01061191776671489
TRANSLATOR_ECLIPSE_CHARCOAL,PEBBLES_L,3,-0.010609215719283166,-0.012093084878283124,-0.009408828100454923,3,True,0.010609215719283166
UV_VISOR_AMBER,OXYGEN_SHAKE_GARLIC,3,0.010606479348943446,0.0018616291062673574,0.026064796473714083,3,True,0.010606479348943446
UV_VISOR_ORANGE,SNACKPACK_PISTACHIO,1,-0.010601877613757965,-0.012600012807469921,-0.008681488722627261,3,True,0.010601877613757965
PEBBLES_XS,GALAXY_SOUNDS_PLANETARY_RINGS,4,0.010592960436423507,0.008428488355383294,0.01241083666729033,3,True,0.010592960436423507
SLEEP_POD_SUEDE,SNACKPACK_CHOCOLATE,4,-0.010590875948338916,-0.013118577630588744,-0.007499533540292031,3,True,0.010590875948338916
SNACKPACK_RASPBERRY,GALAXY_SOUNDS_BLACK_HOLES,3,0.01059045572778614,0.002702094154047279,0.024866962867838353,3,True,0.01059045572778614
PEBBLES_XL,UV_VISOR_RED,5,-0.01058898723410813,-0.015017725359695842,-0.004461139864871865,3,True,0.01058898723410813
ROBOT_DISHES,SNACKPACK_STRAWBERRY,1,-0.010585305719908296,-0.01717445719141518,-0.003342706724534627,3,True,0.010585305719908296
PANEL_2X2,SLEEP_POD_SUEDE,3,0.01057795077107704,-0.0007116842456611318,0.022598848349947454,3,False,0.01057795077107704
SNACKPACK_CHOCOLATE,GALAXY_SOUNDS_SOLAR_FLAMES,2,0.010572012875640061,-0.009254076434462863,0.022249649973577833,3,False,0.010572012875640061
MICROCHIP_CIRCLE,TRANSLATOR_VOID_BLUE,1,0.010569308975543494,0.008667543347700698,0.012491176450742186,3,True,0.010569308975543494
SNACKPACK_PISTACHIO,TRANSLATOR_VOID_BLUE,2,-0.010569257079027158,-0.01683995689871523,-0.006648424940473458,3,True,0.010569257079027158
UV_VISOR_MAGENTA,MICROCHIP_RECTANGLE,5,-0.010569031761300973,-0.018185904859360624,-0.004822119221921666,3,True,0.010569031761300973
SLEEP_POD_POLYESTER,GALAXY_SOUNDS_PLANETARY_RINGS,1,-0.010566968165183368,-0.02189626305295525,0.01014770869159275,3,False,0.010566968165183368
GALAXY_SOUNDS_DARK_MATTER,PEBBLES_XS,1,0.010566476207254824,0.003212589298441397,0.017410124281520035,3,True,0.010566476207254824
GALAXY_SOUNDS_SOLAR_FLAMES,PEBBLES_M,4,0.010562794644663254,0.0042938345977718215,0.01714108332524086,3,True,0.010562794644663254
GALAXY_SOUNDS_DARK_MATTER,PEBBLES_L,1,0.0105608992838365,-0.003087420144039979,0.02414382789720441,3,False,0.0105608992838365
SLEEP_POD_NYLON,SNACKPACK_RASPBERRY,1,-0.010556393481114036,-0.015169549646989784,-0.002176823254065175,3,True,0.010556393481114036
OXYGEN_SHAKE_GARLIC,SNACKPACK_PISTACHIO,1,-0.010548382081805202,-0.03570591832319285,0.006850868699239211,3,False,0.010548382081805202
UV_VISOR_ORANGE,SNACKPACK_STRAWBERRY,4,-0.010544009015507916,-0.013619507796549449,-0.005167924730044829,3,True,0.010544009015507916
GALAXY_SOUNDS_BLACK_HOLES,ROBOT_IRONING,3,-0.01053570755307096,-0.013306604437355998,-0.008519423707346655,3,True,0.01053570755307096
UV_VISOR_YELLOW,TRANSLATOR_ECLIPSE_CHARCOAL,3,0.01053294291270992,-0.0020466278587766987,0.020909499819082727,3,False,0.01053294291270992
MICROCHIP_OVAL,GALAXY_SOUNDS_BLACK_HOLES,3,-0.010531292423817293,-0.020048374482757324,0.007309936353690258,3,False,0.010531292423817293
SLEEP_POD_LAMB_WOOL,MICROCHIP_TRIANGLE,3,0.01052539647081402,0.0020565724010838194,0.024253730652230954,3,True,0.01052539647081402
OXYGEN_SHAKE_CHOCOLATE,MICROCHIP_CIRCLE,2,-0.01052483127374554,-0.02642773099370887,0.0038152490080885313,3,False,0.01052483127374554
TRANSLATOR_SPACE_GRAY,TRANSLATOR_ECLIPSE_CHARCOAL,3,0.010524597635627396,0.007770185481615285,0.012204157679045535,3,True,0.010524597635627396
GALAXY_SOUNDS_SOLAR_WINDS,GALAXY_SOUNDS_PLANETARY_RINGS,2,0.010523930524369424,0.008252650923038805,0.0124923946477868,3,True,0.010523930524369424
TRANSLATOR_VOID_BLUE,PEBBLES_XL,4,0.010515746912641531,-0.0018426278365801312,0.021935917663981123,3,False,0.010515746912641531
ROBOT_DISHES,UV_VISOR_YELLOW,3,-0.01051146469952246,-0.02156236715933801,0.0006010423016842833,3,False,0.01051146469952246
UV_VISOR_ORANGE,GALAXY_SOUNDS_SOLAR_WINDS,4,-0.010510472423092583,-0.0201108834701007,-0.005524957894367928,3,True,0.010510472423092583
MICROCHIP_CIRCLE,PEBBLES_XS,1,-0.010504240645736183,-0.017800134335341146,-0.0013973516677797226,3,True,0.010504240645736183
MICROCHIP_RECTANGLE,MICROCHIP_CIRCLE,3,0.01050046656853529,-0.0011379831672526657,0.018808784281278836,3,False,0.01050046656853529
OXYGEN_SHAKE_MORNING_BREATH,PANEL_1X4,5,0.010493901973530423,0.0004658606389216106,0.016468087441934936,3,True,0.010493901973530423
SLEEP_POD_LAMB_WOOL,PANEL_1X4,5,0.010490546946237142,0.005959393049014195,0.01655089678206244,3,True,0.010490546946237142
MICROCHIP_OVAL,ROBOT_DISHES,3,-0.010484183694445174,-0.01932364983395602,-0.0009363739017608175,3,True,0.010484183694445174
TRANSLATOR_ASTRO_BLACK,ROBOT_DISHES,4,-0.010482399044858912,-0.01580096185591438,-0.003842467167907222,3,True,0.010482399044858912
UV_VISOR_AMBER,SLEEP_POD_COTTON,5,-0.01047860675061907,-0.018273167451866544,0.0016554011085917822,3,False,0.01047860675061907
SNACKPACK_RASPBERRY,GALAXY_SOUNDS_SOLAR_WINDS,5,0.010476368046987277,0.003560460089700278,0.015408067945780191,3,True,0.010476368046987277
GALAXY_SOUNDS_SOLAR_WINDS,SLEEP_POD_POLYESTER,5,-0.010465063568562851,-0.011982986865855902,-0.009587210671263977,3,True,0.010465063568562851
SNACKPACK_RASPBERRY,ROBOT_MOPPING,1,-0.010462876997333151,-0.016374511815610775,-0.0025743422914352686,3,True,0.010462876997333151
OXYGEN_SHAKE_MINT,ROBOT_VACUUMING,2,0.010458563777615804,0.004668246270699936,0.018444332522494094,3,True,0.010458563777615804
PEBBLES_S,SNACKPACK_VANILLA,1,0.010453216449717403,0.004587290161068101,0.018995006709812152,3,True,0.010453216449717403
OXYGEN_SHAKE_MINT,PEBBLES_S,2,0.01045278791343187,-0.007066997966758908,0.01981328732601499,3,False,0.01045278791343187
SNACKPACK_STRAWBERRY,SLEEP_POD_COTTON,1,-0.010451408102670872,-0.019867011775357147,0.002858080245852846,3,False,0.010451408102670872
PANEL_1X2,GALAXY_SOUNDS_PLANETARY_RINGS,5,-0.010450624646403847,-0.018687614573784036,-0.00559750756945147,3,True,0.010450624646403847
OXYGEN_SHAKE_CHOCOLATE,SLEEP_POD_LAMB_WOOL,5,-0.010443341680993699,-0.018177853134617054,-0.005790340488944696,3,True,0.010443341680993699
TRANSLATOR_VOID_BLUE,PEBBLES_M,2,-0.010441901981102258,-0.025171334429003888,0.006773392764942612,3,False,0.010441901981102258
SNACKPACK_RASPBERRY,OXYGEN_SHAKE_MORNING_BREATH,2,0.010441649977431586,-0.00908673395964094,0.02056874878063275,3,False,0.010441649977431586
UV_VISOR_AMBER,OXYGEN_SHAKE_MORNING_BREATH,3,-0.010435404299841342,-0.01985666948400937,0.002539383687856933,3,False,0.010435404299841342
UV_VISOR_YELLOW,SLEEP_POD_POLYESTER,4,0.010433978109009201,0.0034180941922632457,0.014299067387555342,3,True,0.010433978109009201
SNACKPACK_VANILLA,SNACKPACK_RASPBERRY,5,0.010423620394260891,0.003759466446351382,0.015428152634948402,3,True,0.010423620394260891
PEBBLES_S,TRANSLATOR_ASTRO_BLACK,3,0.010404537894178521,-0.0014330289479868145,0.02719826309534869,3,False,0.010404537894178521
PANEL_4X4,UV_VISOR_RED,3,0.010404359869784599,-0.007724085314831321,0.020804056644607088,3,False,0.010404359869784599
PEBBLES_XS,ROBOT_IRONING,5,-0.010402443260318217,-0.022435889883062447,-0.0004970391036046662,3,True,0.010402443260318217
SLEEP_POD_LAMB_WOOL,PEBBLES_XS,1,0.010399831803514835,0.0046283224713268905,0.019437254541505248,3,True,0.010399831803514835
ROBOT_VACUUMING,OXYGEN_SHAKE_EVENING_BREATH,2,-0.010399276711498104,-0.017449725687838553,-0.005331006835780117,3,True,0.010399276711498104
OXYGEN_SHAKE_MORNING_BREATH,ROBOT_DISHES,5,0.010398399267361304,-0.005215225776086998,0.03103217393941501,3,False,0.010398399267361304
GALAXY_SOUNDS_SOLAR_WINDS,SLEEP_POD_LAMB_WOOL,3,0.010393327996462622,-0.0011085926250381849,0.017263331512208088,3,False,0.010393327996462622
TRANSLATOR_ECLIPSE_CHARCOAL,GALAXY_SOUNDS_PLANETARY_RINGS,3,-0.010392708170627091,-0.020323449725303984,0.0006924612132712918,3,False,0.010392708170627091
PANEL_1X2,UV_VISOR_ORANGE,5,-0.010392494316757242,-0.01927352903192107,0.0024644426020357835,3,False,0.010392494316757242
PEBBLES_L,MICROCHIP_OVAL,5,-0.010392469405309102,-0.013045619329158436,-0.005521322682757014,3,True,0.010392469405309102
UV_VISOR_MAGENTA,GALAXY_SOUNDS_BLACK_HOLES,1,-0.010392241153541945,-0.020425141111137385,-0.004686836347669554,3,True,0.010392241153541945
TRANSLATOR_ASTRO_BLACK,GALAXY_SOUNDS_PLANETARY_RINGS,4,-0.010391813942820705,-0.02345521832458906,0.005348783473712299,3,False,0.010391813942820705
PEBBLES_M,UV_VISOR_YELLOW,1,0.01038568341597071,0.003741789423021888,0.022886992023193685,3,True,0.01038568341597071
UV_VISOR_RED,GALAXY_SOUNDS_SOLAR_WINDS,2,-0.010382749916208618,-0.02502105378697726,-0.0029960232441966286,3,True,0.010382749916208618
MICROCHIP_TRIANGLE,TRANSLATOR_ECLIPSE_CHARCOAL,5,0.010381254845651458,0.004740491256415685,0.021213826255517935,3,True,0.010381254845651458
PANEL_2X4,PEBBLES_XS,1,-0.010371844477549054,-0.022913980371190776,0.003309972549087551,3,False,0.010371844477549054
ROBOT_MOPPING,UV_VISOR_ORANGE,2,0.010371822811302686,0.003647697985232936,0.01604858702939628,3,True,0.010371822811302686
OXYGEN_SHAKE_CHOCOLATE,OXYGEN_SHAKE_MORNING_BREATH,3,-0.010367086380053347,-0.0182049409112982,-0.005201228377545905,3,True,0.010367086380053347
GALAXY_SOUNDS_SOLAR_WINDS,UV_VISOR_MAGENTA,3,-0.01036437604195632,-0.01859358620522031,0.0002585163719682414,3,False,0.01036437604195632
UV_VISOR_ORANGE,PEBBLES_XS,5,-0.01035544267876875,-0.018140307716613367,-0.0027811774379403304,3,True,0.01035544267876875
MICROCHIP_CIRCLE,ROBOT_VACUUMING,1,0.010353787523678437,0.002972298999019103,0.01649084857956751,3,True,0.010353787523678437
UV_VISOR_MAGENTA,OXYGEN_SHAKE_MINT,3,-0.010348760744631905,-0.02458854743316076,0.004564488499860877,3,False,0.010348760744631905
PEBBLES_XL,PEBBLES_M,1,-0.010347579540640299,-0.011630783625653392,-0.008808219492976135,3,True,0.010347579540640299
PANEL_1X2,SLEEP_POD_SUEDE,4,0.010346719678849165,0.005572741320244814,0.018876034594689065,3,True,0.010346719678849165
SNACKPACK_STRAWBERRY,UV_VISOR_RED,4,0.010342770548137275,0.0007559336634192632,0.018001470740015225,3,True,0.010342770548137275
GALAXY_SOUNDS_DARK_MATTER,TRANSLATOR_ECLIPSE_CHARCOAL,1,0.0103425319139429,0.006577546626022068,0.01501473754739998,3,True,0.0103425319139429
GALAXY_SOUNDS_SOLAR_FLAMES,PANEL_1X4,3,-0.010342322888285708,-0.014263574591972443,-0.007828467820457416,3,True,0.010342322888285708
OXYGEN_SHAKE_GARLIC,SLEEP_POD_POLYESTER,3,0.010341346799873936,0.002897088372481041,0.014857132121305528,3,True,0.010341346799873936
PANEL_2X2,MICROCHIP_RECTANGLE,3,0.010339262021093648,0.002808198911584691,0.01821965625005685,3,True,0.010339262021093648
GALAXY_SOUNDS_BLACK_HOLES,SLEEP_POD_SUEDE,3,0.01033553704507814,0.0008828719923755331,0.021041695740215128,3,True,0.01033553704507814
TRANSLATOR_GRAPHITE_MIST,PEBBLES_L,1,-0.010332710075206223,-0.022623967347639013,0.006123246397452166,3,False,0.010332710075206223
SLEEP_POD_LAMB_WOOL,ROBOT_DISHES,4,-0.01033181885494548,-0.019016381580552546,0.0006638244736313264,3,False,0.01033181885494548
ROBOT_VACUUMING,PANEL_1X2,4,0.01032894553551359,-0.013109118827652694,0.02271102337810015,3,False,0.01032894553551359
PANEL_1X4,UV_VISOR_YELLOW,3,0.010315500867319822,-0.0015280057334061759,0.01895235731900281,3,False,0.010315500867319822
ROBOT_VACUUMING,SNACKPACK_RASPBERRY,1,-0.010308533523409479,-0.02086538661365364,0.0017788867378481135,3,False,0.010308533523409479
UV_VISOR_YELLOW,SLEEP_POD_SUEDE,1,-0.010303584538463641,-0.013714129137833198,-0.0036699295680367137,3,True,0.010303584538463641
UV_VISOR_YELLOW,MICROCHIP_CIRCLE,1,-0.01029962879421163,-0.018544150988595163,-0.0018883392772319626,3,True,0.01029962879421163
MICROCHIP_RECTANGLE,GALAXY_SOUNDS_SOLAR_WINDS,1,0.010298322079760683,0.003148601871530862,0.01773646955036449,3,True,0.010298322079760683
PEBBLES_XS,UV_VISOR_YELLOW,1,0.010297954421106476,0.006261118768129779,0.014795315468833514,3,True,0.010297954421106476
SLEEP_POD_NYLON,GALAXY_SOUNDS_BLACK_HOLES,4,-0.010294805534599839,-0.029024493267884272,-0.00017432086246551724,3,True,0.010294805534599839
PEBBLES_XL,MICROCHIP_SQUARE,4,-0.010293966711988381,-0.01679000564636005,0.001551135096663195,3,False,0.010293966711988381
SLEEP_POD_POLYESTER,TRANSLATOR_VOID_BLUE,5,0.010281674938872078,0.007255973263398551,0.013464443491744582,3,True,0.010281674938872078
PANEL_4X4,PEBBLES_XL,1,0.010278101333811528,0.009429958424890236,0.011868536548640058,3,True,0.010278101333811528
SNACKPACK_PISTACHIO,GALAXY_SOUNDS_PLANETARY_RINGS,5,-0.010274481631619837,-0.02402891508913711,8.78836530538635e-05,3,False,0.010274481631619837
TRANSLATOR_VOID_BLUE,SLEEP_POD_LAMB_WOOL,1,-0.010263066596446421,-0.01733739602751598,-0.00127891346944209,3,True,0.010263066596446421
PANEL_1X4,GALAXY_SOUNDS_DARK_MATTER,2,-0.010262449635374931,-0.014456002087583396,-0.007928805533130193,3,True,0.010262449635374931
PANEL_1X4,PEBBLES_M,5,-0.010260138727695664,-0.023097272585388268,-0.0005215384640461922,3,True,0.010260138727695664
OXYGEN_SHAKE_CHOCOLATE,UV_VISOR_ORANGE,2,-0.010255278928676231,-0.019125897686379317,0.00413782713836764,3,False,0.010255278928676231
SLEEP_POD_POLYESTER,PANEL_1X2,1,-0.010253203575381812,-0.018533174255089616,-0.006096046429550859,3,True,0.010253203575381812
SLEEP_POD_COTTON,UV_VISOR_MAGENTA,3,-0.010247304312363217,-0.011112587733185028,-0.009699593918642863,3,True,0.010247304312363217
OXYGEN_SHAKE_CHOCOLATE,SNACKPACK_VANILLA,3,-0.010242018999647684,-0.013472658584275111,-0.004625292377262148,3,True,0.010242018999647684
MICROCHIP_CIRCLE,SLEEP_POD_POLYESTER,1,-0.010230448385433367,-0.019399634355288325,0.00032825711960164644,3,False,0.010230448385433367
UV_VISOR_RED,MICROCHIP_CIRCLE,2,-0.010227862446906483,-0.03386905003976987,0.01573452296066197,3,False,0.010227862446906483
OXYGEN_SHAKE_CHOCOLATE,SNACKPACK_RASPBERRY,1,-0.010217955486049786,-0.033618214623210324,0.008510803316172494,3,False,0.010217955486049786
MICROCHIP_RECTANGLE,PANEL_1X2,2,0.010213437048100557,0.00023756934213592381,0.019433585748490686,3,True,0.010213437048100557
UV_VISOR_AMBER,GALAXY_SOUNDS_BLACK_HOLES,4,0.010208606536350273,-0.0002714884714163317,0.01807884087009466,3,False,0.010208606536350273
OXYGEN_SHAKE_CHOCOLATE,PANEL_1X2,3,-0.010203685800688651,-0.014787874781065627,-0.006894494082035149,3,True,0.010203685800688651
UV_VISOR_MAGENTA,SLEEP_POD_SUEDE,4,0.010181801655511294,0.0035553718807956568,0.013857993285853715,3,True,0.010181801655511294
PANEL_4X4,ROBOT_MOPPING,1,-0.010180985208728942,-0.02440988269185982,0.0037678206438030814,3,False,0.010180985208728942
MICROCHIP_OVAL,GALAXY_SOUNDS_DARK_MATTER,2,-0.010180133734118914,-0.021103385457930873,0.005619861508523255,3,False,0.010180133734118914
PANEL_2X4,MICROCHIP_TRIANGLE,5,0.010179539918419139,0.0010176651512964977,0.022215078068186893,3,True,0.010179539918419139
ROBOT_IRONING,MICROCHIP_CIRCLE,1,0.010167018660851757,0.00033235231786153625,0.0156100942801496,3,True,0.010167018660851757
MICROCHIP_SQUARE,ROBOT_LAUNDRY,4,0.010151306456094841,0.001740564304292176,0.015357812230518077,3,True,0.010151306456094841
UV_VISOR_AMBER,MICROCHIP_CIRCLE,5,-0.01015087640134712,-0.01271999706514327,-0.0070461723821599355,3,True,0.01015087640134712
PANEL_2X2,MICROCHIP_CIRCLE,5,0.010139230095360462,0.005266484351409766,0.015707877657704976,3,True,0.010139230095360462
MICROCHIP_SQUARE,TRANSLATOR_VOID_BLUE,2,0.010135646314116288,-0.0012557719843661747,0.019614604711881332,3,False,0.010135646314116288
UV_VISOR_YELLOW,PANEL_2X2,5,-0.010132732299160367,-0.01769979862957308,0.0021102285341092508,3,False,0.010132732299160367
TRANSLATOR_GRAPHITE_MIST,OXYGEN_SHAKE_MINT,3,-0.010128417283702324,-0.03046380923079518,0.013719868747896952,3,False,0.010128417283702324
GALAXY_SOUNDS_SOLAR_WINDS,PANEL_4X4,3,0.0101232153222377,0.0023636741297111195,0.01967319172088183,3,True,0.0101232153222377
SNACKPACK_VANILLA,TRANSLATOR_VOID_BLUE,1,-0.010116548283453833,-0.021203319442847108,0.0002242240871271816,3,False,0.010116548283453833
TRANSLATOR_ASTRO_BLACK,SNACKPACK_STRAWBERRY,1,-0.010112848094319308,-0.014594772917464971,-0.0073795024917140475,3,True,0.010112848094319308
TRANSLATOR_VOID_BLUE,GALAXY_SOUNDS_DARK_MATTER,1,-0.01011051740532507,-0.02607924620782011,0.006822262763091046,3,False,0.01011051740532507
OXYGEN_SHAKE_EVENING_BREATH,TRANSLATOR_ASTRO_BLACK,1,-0.010110171656446882,-0.014628846291443029,-0.00436235623294052,3,True,0.010110171656446882
UV_VISOR_RED,TRANSLATOR_ASTRO_BLACK,5,0.010109906111402013,0.005217527126559015,0.01738920542600093,3,True,0.010109906111402013
OXYGEN_SHAKE_EVENING_BREATH,PEBBLES_S,1,0.010108826773798044,-0.00091538433608372,0.02292370732831371,3,False,0.010108826773798044
UV_VISOR_ORANGE,GALAXY_SOUNDS_DARK_MATTER,1,0.010108303071851957,0.003612444675415258,0.02273184334032096,3,True,0.010108303071851957
TRANSLATOR_VOID_BLUE,OXYGEN_SHAKE_MORNING_BREATH,5,-0.01010829802416165,-0.021027801525181026,0.006742394207958035,3,False,0.01010829802416165
SLEEP_POD_POLYESTER,PANEL_2X2,1,-0.010107111885270819,-0.020756609253359082,0.010018497162226967,3,False,0.010107111885270819
OXYGEN_SHAKE_EVENING_BREATH,ROBOT_MOPPING,2,0.010100919147183779,-0.005406503076714064,0.027896667187825474,3,False,0.010100919147183779
SNACKPACK_RASPBERRY,MICROCHIP_OVAL,5,-0.010100540758679352,-0.012331374920110551,-0.00734812009021039,3,True,0.010100540758679352
TRANSLATOR_ECLIPSE_CHARCOAL,PEBBLES_M,3,0.010097613951568668,0.001012137360995232,0.027806235063063064,3,True,0.010097613951568668
SNACKPACK_STRAWBERRY,OXYGEN_SHAKE_MINT,2,-0.010083545215757111,-0.025904654125140696,0.0006502076893529513,3,False,0.010083545215757111
PEBBLES_L,MICROCHIP_SQUARE,3,-0.01007434115936427,-0.01122857104952159,-0.008730410873476304,3,True,0.01007434115936427
SLEEP_POD_NYLON,OXYGEN_SHAKE_MINT,2,0.010073272871497695,0.00615792038847129,0.017822710648394267,3,True,0.010073272871497695
SNACKPACK_PISTACHIO,TRANSLATOR_ECLIPSE_CHARCOAL,1,-0.010069446640065358,-0.010993684171208851,-0.009291151924125713,3,True,0.010069446640065358
MICROCHIP_TRIANGLE,OXYGEN_SHAKE_MINT,2,0.010068934921891813,0.0007449890553260661,0.02283411207971689,3,True,0.010068934921891813
SNACKPACK_RASPBERRY,ROBOT_VACUUMING,1,-0.010065412690218824,-0.018820371590309914,-0.004045695531168824,3,True,0.010065412690218824
SNACKPACK_PISTACHIO,UV_VISOR_AMBER,1,-0.010062744857105859,-0.025072664720322876,0.0007476844176823559,3,False,0.010062744857105859
SLEEP_POD_COTTON,PANEL_1X4,4,0.010058624235696563,0.002776068168967883,0.02009331505024941,3,True,0.010058624235696563
OXYGEN_SHAKE_EVENING_BREATH,SNACKPACK_VANILLA,3,0.010052978743341767,0.005766225843763994,0.01263652324880432,3,True,0.010052978743341767
SNACKPACK_RASPBERRY,TRANSLATOR_ECLIPSE_CHARCOAL,5,0.010049436209431021,0.002146851493983938,0.016041674625807845,3,True,0.010049436209431021
PANEL_2X4,MICROCHIP_CIRCLE,5,0.010049052797199405,0.003249971749777751,0.01435648799234892,3,True,0.010049052797199405
PANEL_1X2,PANEL_2X2,5,0.010046831877325166,0.002758409175725234,0.015545342755141885,3,True,0.010046831877325166
ROBOT_LAUNDRY,TRANSLATOR_VOID_BLUE,4,-0.010043103951524256,-0.02792987608831809,0.006931778426408259,3,False,0.010043103951524256
PEBBLES_XS,OXYGEN_SHAKE_MORNING_BREATH,2,0.010037315834708405,-0.004853939524939453,0.021221489989282246,3,False,0.010037315834708405
PANEL_4X4,SLEEP_POD_COTTON,5,-0.010037189856951659,-0.01596820406379466,-0.00497114970980966,3,True,0.010037189856951659
ROBOT_LAUNDRY,SNACKPACK_CHOCOLATE,1,-0.010027105552802217,-0.017789675745378614,0.0013493523207036057,3,False,0.010027105552802217
ROBOT_MOPPING,ROBOT_DISHES,1,-0.01002503311297608,-0.013817966148658507,-0.0061541151424513085,3,True,0.01002503311297608
ROBOT_DISHES,PANEL_2X2,3,-0.010024593963401779,-0.013455097684701307,-0.007548990660176792,3,True,0.010024593963401779
SNACKPACK_VANILLA,OXYGEN_SHAKE_GARLIC,3,-0.010024414409795625,-0.017414884880211697,-0.006188144506000127,3,True,0.010024414409795625
PANEL_2X2,PEBBLES_XS,4,-0.010020848308440338,-0.02492287374135335,-0.0011447463576619958,3,True,0.010020848308440338
SLEEP_POD_SUEDE,OXYGEN_SHAKE_GARLIC,4,-0.010019267845394272,-0.019975638679944625,-0.004403543173207569,3,True,0.010019267845394272
PEBBLES_L,SNACKPACK_CHOCOLATE,3,0.010016409651025609,0.003436618168835249,0.01524758412627337,3,True,0.010016409651025609
PANEL_2X2,MICROCHIP_SQUARE,3,-0.010011984162529533,-0.022553974717606978,-0.000512367791934586,3,True,0.010011984162529533
SNACKPACK_STRAWBERRY,GALAXY_SOUNDS_BLACK_HOLES,3,-0.010010293998128344,-0.01550027288072474,-0.004259463321749626,3,True,0.010010293998128344
UV_VISOR_ORANGE,PANEL_2X2,2,0.010007715785776734,0.001465684425153894,0.014944592445747532,3,True,0.010007715785776734
PEBBLES_S,SLEEP_POD_COTTON,2,-0.01000523275766675,-0.013009028307106284,-0.005411309476953219,3,True,0.01000523275766675
SNACKPACK_STRAWBERRY,PEBBLES_M,1,0.010003291078825102,-0.00033203596799212743,0.021242770852680212,3,False,0.010003291078825102
ROBOT_MOPPING,SLEEP_POD_SUEDE,2,-0.010001111221555968,-0.023451570852513048,-0.0009791638798544295,3,True,0.010001111221555968
ROBOT_IRONING,TRANSLATOR_ASTRO_BLACK,1,-0.009995476338816466,-0.014678891242794622,-0.005436321223362043,3,True,0.009995476338816466
PEBBLES_M,OXYGEN_SHAKE_CHOCOLATE,5,0.009983915337467992,-0.004287527972012986,0.02286962132588651,3,False,0.009983915337467992
MICROCHIP_OVAL,SNACKPACK_CHOCOLATE,2,-0.00998200957168366,-0.019530674756808128,-0.004241458093215669,3,True,0.00998200957168366
UV_VISOR_AMBER,SNACKPACK_STRAWBERRY,5,0.009976553099689114,0.007628535639908574,0.011434613497068445,3,True,0.009976553099689114
PEBBLES_XL,SLEEP_POD_SUEDE,4,-0.009972237414922059,-0.018534200225775597,0.0033519165765341498,3,False,0.009972237414922059
SLEEP_POD_SUEDE,GALAXY_SOUNDS_SOLAR_WINDS,5,-0.009967915648798257,-0.014044155745804513,-0.0040080055591020574,3,True,0.009967915648798257
TRANSLATOR_SPACE_GRAY,GALAXY_SOUNDS_SOLAR_FLAMES,2,-0.009967582139876486,-0.012845916483888315,-0.005668197860866764,3,True,0.009967582139876486
UV_VISOR_YELLOW,ROBOT_MOPPING,2,0.009962072980759374,-0.0031997324694552696,0.030610614497455113,3,False,0.009962072980759374
SLEEP_POD_COTTON,ROBOT_MOPPING,3,-0.009953718792447006,-0.013382666701069653,-0.004479641019495902,3,True,0.009953718792447006
SNACKPACK_RASPBERRY,OXYGEN_SHAKE_EVENING_BREATH,2,-0.009953526770539513,-0.018689359271050723,-0.005486470876781426,3,True,0.009953526770539513
TRANSLATOR_ASTRO_BLACK,MICROCHIP_OVAL,1,-0.009949351995754372,-0.01674811350359552,-0.0031017241522248423,3,True,0.009949351995754372
UV_VISOR_YELLOW,GALAXY_SOUNDS_SOLAR_FLAMES,2,-0.009948637131871644,-0.01288189484027117,-0.0059449239337673165,3,True,0.009948637131871644
PEBBLES_M,SLEEP_POD_NYLON,3,-0.009946990890533608,-0.015143884328398489,-0.0039446437727188085,3,True,0.009946990890533608
PANEL_2X2,SLEEP_POD_POLYESTER,2,0.009942529793251359,-0.002543364642325666,0.026887510974655256,3,False,0.009942529793251359
OXYGEN_SHAKE_EVENING_BREATH,TRANSLATOR_SPACE_GRAY,2,0.009938538838161233,0.004851880565270561,0.01260531076915058,3,True,0.009938538838161233
UV_VISOR_ORANGE,SNACKPACK_RASPBERRY,4,0.009934656032023719,0.00807650691545825,0.013509304614440481,3,True,0.009934656032023719
UV_VISOR_AMBER,PANEL_2X4,4,-0.009929026763979124,-0.01757392148994627,-0.0022417868402685617,3,True,0.009929026763979124
PEBBLES_XS,PANEL_2X2,5,0.00992888892955425,0.003442059927689214,0.01777914767459636,3,True,0.00992888892955425
GALAXY_SOUNDS_BLACK_HOLES,UV_VISOR_RED,4,0.009927523037656155,-0.004608510258024828,0.02196922160117237,3,False,0.009927523037656155
OXYGEN_SHAKE_MORNING_BREATH,PEBBLES_XL,1,0.009924287571019952,-0.0021962904264381388,0.016765197819744778,3,False,0.009924287571019952
MICROCHIP_TRIANGLE,ROBOT_LAUNDRY,1,-0.009924237895336922,-0.01707267522345309,0.0016033047360090647,3,False,0.009924237895336922
PEBBLES_S,PANEL_2X2,2,-0.00992254198123575,-0.01823910541751512,-0.004682478371261315,3,True,0.00992254198123575
ROBOT_MOPPING,MICROCHIP_TRIANGLE,3,0.00992027460487083,0.0050014327680346716,0.012815917523747994,3,True,0.00992027460487083
OXYGEN_SHAKE_GARLIC,SLEEP_POD_NYLON,5,-0.009920159724475899,-0.02299990358359835,4.419983770161002e-05,3,False,0.009920159724475899
TRANSLATOR_ECLIPSE_CHARCOAL,OXYGEN_SHAKE_MORNING_BREATH,5,0.00991797480915667,-0.0011052272330044995,0.025387802936880862,3,False,0.00991797480915667
UV_VISOR_MAGENTA,GALAXY_SOUNDS_SOLAR_WINDS,2,-0.009917872476621882,-0.011518077742213865,-0.00833931364717937,3,True,0.009917872476621882
SNACKPACK_RASPBERRY,MICROCHIP_CIRCLE,1,0.009917520745470495,-0.0022555465126992105,0.016509202617563584,3,False,0.009917520745470495
ROBOT_IRONING,ROBOT_DISHES,5,-0.009906686339504898,-0.01609124171372791,0.0019703203670466737,3,False,0.009906686339504898
MICROCHIP_RECTANGLE,UV_VISOR_AMBER,4,0.009903748057291217,0.007436011075537424,0.011341267945435147,3,True,0.009903748057291217
SLEEP_POD_LAMB_WOOL,UV_VISOR_ORANGE,4,0.009903410608205343,0.008224937218436312,0.01321089749917267,3,True,0.009903410608205343
PANEL_2X2,OXYGEN_SHAKE_MORNING_BREATH,2,-0.009903180751504344,-0.017303011081257574,-0.002006891644138945,3,True,0.009903180751504344
TRANSLATOR_ASTRO_BLACK,GALAXY_SOUNDS_SOLAR_FLAMES,3,-0.009899669406048145,-0.020817260999281866,0.0006502100275713503,3,False,0.009899669406048145
UV_VISOR_AMBER,TRANSLATOR_ECLIPSE_CHARCOAL,2,0.009896187722405997,0.0034225920818028908,0.01908663771182238,3,True,0.009896187722405997
SNACKPACK_PISTACHIO,OXYGEN_SHAKE_EVENING_BREATH,2,0.00988845606079228,0.004231877265177276,0.01961620843158719,3,True,0.00988845606079228
SNACKPACK_STRAWBERRY,GALAXY_SOUNDS_SOLAR_FLAMES,4,-0.009884020233260925,-0.021604778862871255,-0.002432169889899875,3,True,0.009884020233260925
PEBBLES_M,TRANSLATOR_SPACE_GRAY,1,0.009881957938701546,0.0038412427227015886,0.021525426567122048,3,True,0.009881957938701546
UV_VISOR_YELLOW,PANEL_4X4,5,-0.009881841617518448,-0.0127351789805362,-0.006768266007461012,3,True,0.009881841617518448
GALAXY_SOUNDS_DARK_MATTER,SLEEP_POD_LAMB_WOOL,3,-0.009880977381941547,-0.022251808576463413,0.0029367984695196545,3,False,0.009880977381941547
PEBBLES_L,SNACKPACK_STRAWBERRY,2,0.009880377034562321,-0.004920372080490331,0.02115997595421711,3,False,0.009880377034562321
SNACKPACK_RASPBERRY,PEBBLES_L,4,-0.009869201729248505,-0.01917263792866597,0.002130555769588981,3,False,0.009869201729248505
OXYGEN_SHAKE_CHOCOLATE,MICROCHIP_SQUARE,4,-0.009863850463478761,-0.022236913272979428,0.010744236497233158,3,False,0.009863850463478761
TRANSLATOR_ECLIPSE_CHARCOAL,SNACKPACK_VANILLA,2,0.009860943938176048,0.0020861110014347498,0.013837678088489406,3,True,0.009860943938176048
SLEEP_POD_NYLON,SLEEP_POD_COTTON,5,0.009860732878074771,0.004224259322830324,0.019876396308146218,3,True,0.009860732878074771
PANEL_1X2,OXYGEN_SHAKE_CHOCOLATE,4,0.009844405517054776,0.0002713406001484679,0.02304827344054516,3,True,0.009844405517054776
PANEL_1X2,MICROCHIP_SQUARE,1,-0.009840396435545646,-0.019248897299680146,0.0012161825880141236,3,False,0.009840396435545646
PEBBLES_XS,SNACKPACK_VANILLA,2,-0.009837438932860617,-0.013385051306483141,-0.004332383668145831,3,True,0.009837438932860617
SNACKPACK_VANILLA,TRANSLATOR_SPACE_GRAY,1,-0.009834257529440008,-0.026593330852037033,0.01017637836951877,3,False,0.009834257529440008
SNACKPACK_VANILLA,MICROCHIP_TRIANGLE,5,0.009832822096455685,-0.0006428607042621872,0.017650015350008656,3,False,0.009832822096455685
UV_VISOR_RED,TRANSLATOR_VOID_BLUE,4,0.00982747079302614,0.002298956928082217,0.020482644079617755,3,True,0.00982747079302614
GALAXY_SOUNDS_PLANETARY_RINGS,UV_VISOR_ORANGE,3,-0.00982358160437261,-0.018882399240110117,-0.004565412172271422,3,True,0.00982358160437261
PANEL_1X4,SNACKPACK_CHOCOLATE,1,-0.009822944111163464,-0.017326182786117646,-0.004086419952087546,3,True,0.009822944111163464
PEBBLES_XL,SNACKPACK_PISTACHIO,5,0.009817804690882276,0.0015974750629020986,0.013958249374357924,3,True,0.009817804690882276
GALAXY_SOUNDS_PLANETARY_RINGS,MICROCHIP_OVAL,4,0.009813837147525022,0.006521204087324059,0.01553198547513545,3,True,0.009813837147525022
UV_VISOR_AMBER,SLEEP_POD_LAMB_WOOL,2,0.009810124190810858,0.004926666909567138,0.015462190115731586,3,True,0.009810124190810858
SLEEP_POD_NYLON,ROBOT_IRONING,1,0.009806136398350365,0.00420589562680334,0.01659370797697456,3,True,0.009806136398350365
PEBBLES_XL,PEBBLES_XS,5,-0.009804382678073029,-0.017583518492185948,-0.003823835089085068,3,True,0.009804382678073029
PEBBLES_M,MICROCHIP_TRIANGLE,3,-0.009803620440192692,-0.014779123060034014,-0.005539433370910095,3,True,0.009803620440192692
MICROCHIP_RECTANGLE,OXYGEN_SHAKE_MINT,5,-0.009802192492287387,-0.013334745900327146,-0.00697011779996582,3,True,0.009802192492287387
UV_VISOR_RED,SLEEP_POD_LAMB_WOOL,5,-0.009800846735477965,-0.016515256508282488,-0.005276070970308462,3,True,0.009800846735477965
SLEEP_POD_LAMB_WOOL,SNACKPACK_VANILLA,4,0.00979426778741037,-0.009508590860985324,0.025560951700942965,3,False,0.00979426778741037
PEBBLES_S,SLEEP_POD_NYLON,2,-0.009789170584334506,-0.0133693037974366,-0.0028528270889967536,3,True,0.009789170584334506
SNACKPACK_PISTACHIO,GALAXY_SOUNDS_BLACK_HOLES,3,-0.009787024333324896,-0.020729336897123436,-0.004106219991213961,3,True,0.009787024333324896
UV_VISOR_RED,GALAXY_SOUNDS_SOLAR_FLAMES,2,0.009772555782970767,-0.0016951623686155917,0.017926456706841225,3,False,0.009772555782970767
OXYGEN_SHAKE_GARLIC,GALAXY_SOUNDS_SOLAR_WINDS,3,-0.009766007019283754,-0.017190883084046208,0.0024688052172876455,3,False,0.009766007019283754
TRANSLATOR_GRAPHITE_MIST,PEBBLES_M,2,-0.009764949136736645,-0.013072342890605408,-0.005498282119848591,3,True,0.009764949136736645
MICROCHIP_TRIANGLE,UV_VISOR_AMBER,3,0.009763006106363277,0.0018574826871085048,0.016513268208471828,3,True,0.009763006106363277
ROBOT_LAUNDRY,OXYGEN_SHAKE_MINT,2,0.00976077187160629,-0.00595816335076928,0.019518646342649715,3,False,0.00976077187160629
UV_VISOR_AMBER,SLEEP_POD_SUEDE,3,-0.009756468560239671,-0.017482133471358602,0.002842584552126719,3,False,0.009756468560239671
GALAXY_SOUNDS_DARK_MATTER,UV_VISOR_MAGENTA,2,-0.009750132782883109,-0.020505390586118808,-0.0010348781357296547,3,True,0.009750132782883109
GALAXY_SOUNDS_BLACK_HOLES,SLEEP_POD_LAMB_WOOL,1,-0.00974985796219586,-0.026720818213081497,0.0005760685740900717,3,False,0.00974985796219586
SNACKPACK_PISTACHIO,ROBOT_LAUNDRY,4,-0.009746398084172929,-0.015452706545362082,-0.002092833210745995,3,True,0.009746398084172929
OXYGEN_SHAKE_GARLIC,TRANSLATOR_GRAPHITE_MIST,4,-0.009742975338395722,-0.015696819045357312,-0.0011705705566890255,3,True,0.009742975338395722
OXYGEN_SHAKE_MORNING_BREATH,TRANSLATOR_VOID_BLUE,2,-0.009740976874369728,-0.018207580619623596,0.0006614425854339394,3,False,0.009740976874369728
ROBOT_VACUUMING,PEBBLES_XL,1,0.00973240409973756,-0.00198908068651828,0.021878697593777814,3,False,0.00973240409973756
TRANSLATOR_VOID_BLUE,UV_VISOR_YELLOW,1,-0.009731578696481447,-0.015928060929557522,0.001125942331121901,3,False,0.009731578696481447
SNACKPACK_PISTACHIO,SNACKPACK_CHOCOLATE,1,-0.009724015155911583,-0.01815381015797929,-0.0033348118930043675,3,True,0.009724015155911583
MICROCHIP_CIRCLE,TRANSLATOR_GRAPHITE_MIST,1,0.00972049607258635,0.0033994722099047027,0.02106828015583028,3,True,0.00972049607258635
ROBOT_DISHES,TRANSLATOR_ECLIPSE_CHARCOAL,1,-0.009719297397457164,-0.024792806712453565,-0.001986917455082311,3,True,0.009719297397457164
ROBOT_IRONING,ROBOT_LAUNDRY,4,-0.00971427390954742,-0.019107326602414872,-0.001445202350500049,3,True,0.00971427390954742
PEBBLES_XS,GALAXY_SOUNDS_BLACK_HOLES,2,-0.009694812600356614,-0.020719752904309805,0.00047350057195466675,3,False,0.009694812600356614
ROBOT_LAUNDRY,TRANSLATOR_ECLIPSE_CHARCOAL,1,0.009689124088144228,-0.0025097915167412582,0.021928497927751592,3,False,0.009689124088144228
GALAXY_SOUNDS_PLANETARY_RINGS,ROBOT_VACUUMING,1,-0.009687179797405408,-0.01401055818907415,-0.004417440295279307,3,True,0.009687179797405408
UV_VISOR_AMBER,MICROCHIP_RECTANGLE,1,-0.009685823506607997,-0.01374497931142027,-0.0025728093158152465,3,True,0.009685823506607997
PEBBLES_XL,PANEL_1X4,5,0.00967464159622159,0.007911458015186947,0.011961652509411853,3,True,0.00967464159622159
MICROCHIP_SQUARE,OXYGEN_SHAKE_CHOCOLATE,4,-0.00966602974897518,-0.023891433632380246,-0.0011440145932609257,3,True,0.00966602974897518
SLEEP_POD_POLYESTER,OXYGEN_SHAKE_GARLIC,2,-0.009664798877735314,-0.019989422316024606,0.007362447251953064,3,False,0.009664798877735314
UV_VISOR_YELLOW,GALAXY_SOUNDS_BLACK_HOLES,4,0.009649117957642213,0.0025473768070806116,0.018414119732123906,3,True,0.009649117957642213
ROBOT_MOPPING,TRANSLATOR_ASTRO_BLACK,3,0.009648242074933316,-0.003135387662404343,0.017221393958573108,3,False,0.009648242074933316
OXYGEN_SHAKE_MORNING_BREATH,TRANSLATOR_ECLIPSE_CHARCOAL,4,-0.009646708400025645,-0.013969449305739932,-0.00427364808940444,3,True,0.009646708400025645
UV_VISOR_ORANGE,ROBOT_DISHES,2,0.009645100937858121,0.006712861405321596,0.012011580509015952,3,True,0.009645100937858121
SLEEP_POD_NYLON,UV_VISOR_RED,2,-0.00964313737610739,-0.022515433675927808,0.0034462490871367333,3,False,0.00964313737610739
PEBBLES_M,GALAXY_SOUNDS_BLACK_HOLES,4,-0.009638745623420026,-0.013153363989364104,-0.006108939952635951,3,True,0.009638745623420026
UV_VISOR_YELLOW,PEBBLES_M,2,0.00963503139877876,0.0033229100439955573,0.020549366719043685,3,True,0.00963503139877876
ROBOT_MOPPING,PEBBLES_S,1,0.009631189433086414,0.007482391336727745,0.010724353118461885,3,True,0.009631189433086414
SLEEP_POD_NYLON,MICROCHIP_RECTANGLE,5,-0.009630274772992291,-0.011710535770931282,-0.00609863866801096,3,True,0.009630274772992291
SLEEP_POD_COTTON,OXYGEN_SHAKE_GARLIC,3,0.009627445288167518,0.00804730890805996,0.012267861349854905,3,True,0.009627445288167518
SNACKPACK_RASPBERRY,TRANSLATOR_VOID_BLUE,5,0.009622015190482483,0.0016943141331502937,0.016417528242583333,3,True,0.009622015190482483
TRANSLATOR_ECLIPSE_CHARCOAL,ROBOT_DISHES,2,-0.00961640230507643,-0.024202424430683656,0.01703454927847346,3,False,0.00961640230507643
GALAXY_SOUNDS_PLANETARY_RINGS,PANEL_4X4,5,-0.009616383622605515,-0.014660368245323694,-0.005308886396018169,3,True,0.009616383622605515
SLEEP_POD_SUEDE,PEBBLES_S,1,0.009612070451122888,-0.006550203031456771,0.024255600714094418,3,False,0.009612070451122888
TRANSLATOR_ASTRO_BLACK,SLEEP_POD_LAMB_WOOL,2,0.009609327854489173,-0.006154122548494568,0.017906105946644348,3,False,0.009609327854489173
ROBOT_VACUUMING,SNACKPACK_VANILLA,1,-0.009606933438990576,-0.020394385523650974,-0.0032069420894214624,3,True,0.009606933438990576
MICROCHIP_SQUARE,GALAXY_SOUNDS_DARK_MATTER,2,-0.009604606540180615,-0.014798732141196584,-0.00656488850987509,3,True,0.009604606540180615
UV_VISOR_RED,SNACKPACK_RASPBERRY,2,0.009602455719285181,-0.00552309496773753,0.018429522381756276,3,False,0.009602455719285181
UV_VISOR_MAGENTA,SNACKPACK_STRAWBERRY,1,-0.009595892375695194,-0.015467857659475502,-0.002278433685819982,3,True,0.009595892375695194
GALAXY_SOUNDS_DARK_MATTER,OXYGEN_SHAKE_MORNING_BREATH,1,-0.009590626245599183,-0.01563648475880899,-0.002595802382656555,3,True,0.009590626245599183
TRANSLATOR_GRAPHITE_MIST,UV_VISOR_MAGENTA,2,-0.009582345380798128,-0.012718208177737146,-0.004545620396612834,3,True,0.009582345380798128
OXYGEN_SHAKE_CHOCOLATE,TRANSLATOR_ASTRO_BLACK,4,-0.009577496128994473,-0.013983704072647022,-0.0012136462904960477,3,True,0.009577496128994473
GALAXY_SOUNDS_DARK_MATTER,UV_VISOR_YELLOW,3,-0.009574288002674536,-0.02112585959217971,0.0032150922425097975,3,False,0.009574288002674536
OXYGEN_SHAKE_EVENING_BREATH,PANEL_1X4,3,-0.009567530530293288,-0.0231967733671517,0.008965715727182813,3,False,0.009567530530293288
TRANSLATOR_ASTRO_BLACK,PEBBLES_XL,5,0.009555616011514846,0.003152580090472948,0.013114658792711922,3,True,0.009555616011514846
UV_VISOR_AMBER,UV_VISOR_ORANGE,2,-0.009551364431644173,-0.01613896059251561,0.0001740284871675161,3,False,0.009551364431644173
ROBOT_MOPPING,GALAXY_SOUNDS_DARK_MATTER,2,-0.00954894944882126,-0.02156288414411568,0.013718428924139844,3,False,0.00954894944882126
PEBBLES_L,MICROCHIP_TRIANGLE,3,-0.009536309748438157,-0.01649649658303529,-0.003445696939936648,3,True,0.009536309748438157
GALAXY_SOUNDS_PLANETARY_RINGS,MICROCHIP_CIRCLE,5,0.009535506830208677,-0.0012423410530152,0.015417243450321166,3,False,0.009535506830208677
SLEEP_POD_POLYESTER,SLEEP_POD_LAMB_WOOL,5,-0.00953368011036951,-0.018574468669105886,-0.0004401763099530389,3,True,0.00953368011036951
MICROCHIP_CIRCLE,ROBOT_DISHES,4,-0.009532998276142656,-0.016737195979568152,0.004850492242896894,3,False,0.009532998276142656
GALAXY_SOUNDS_PLANETARY_RINGS,SLEEP_POD_COTTON,5,-0.009532594143750796,-0.015234103646236155,-0.0051765960518777646,3,True,0.009532594143750796
MICROCHIP_RECTANGLE,SLEEP_POD_POLYESTER,1,0.00953254021497936,0.004804244695189401,0.015261854542948036,3,True,0.00953254021497936
PEBBLES_XS,TRANSLATOR_ECLIPSE_CHARCOAL,1,-0.009526192998806244,-0.019448583912774778,0.0029524928161345854,3,False,0.009526192998806244
MICROCHIP_TRIANGLE,PANEL_4X4,5,-0.009525788506921937,-0.02228353232560106,0.0029487067100759106,3,False,0.009525788506921937
PANEL_1X4,OXYGEN_SHAKE_MINT,4,0.009523980604110013,0.00146011268783467,0.020646615823056085,3,True,0.009523980604110013
PANEL_4X4,TRANSLATOR_ASTRO_BLACK,3,-0.009519947247301824,-0.01389986045778393,-0.004972802256733028,3,True,0.009519947247301824
SLEEP_POD_COTTON,ROBOT_LAUNDRY,1,-0.009513959359586231,-0.01147180577269029,-0.008339966154143194,3,True,0.009513959359586231
ROBOT_MOPPING,GALAXY_SOUNDS_PLANETARY_RINGS,3,-0.009513444147291742,-0.029964695422966193,0.0074198468448582605,3,False,0.009513444147291742
PEBBLES_XL,GALAXY_SOUNDS_SOLAR_FLAMES,2,0.009509452864604681,0.005427463849882563,0.016075665682801787,3,True,0.009509452864604681
OXYGEN_SHAKE_MINT,UV_VISOR_YELLOW,2,-0.009507766472254696,-0.0123809203446462,-0.006151706878111005,3,True,0.009507766472254696
OXYGEN_SHAKE_MINT,MICROCHIP_RECTANGLE,1,0.009504531467574334,-0.006207556374806341,0.01850223798888112,3,False,0.009504531467574334
TRANSLATOR_ASTRO_BLACK,MICROCHIP_TRIANGLE,3,0.009500530747578936,0.0027063984232376798,0.013562595297919358,3,True,0.009500530747578936
TRANSLATOR_ECLIPSE_CHARCOAL,PANEL_1X2,3,0.009497588131812605,0.0016149480014929411,0.020973884690085345,3,True,0.009497588131812605
MICROCHIP_RECTANGLE,TRANSLATOR_ASTRO_BLACK,5,-0.009495373785362858,-0.015585507786415832,-0.005621906468876016,3,True,0.009495373785362858
PANEL_1X2,GALAXY_SOUNDS_BLACK_HOLES,3,0.00948667017559292,0.005331412139977805,0.013167460782321613,3,True,0.00948667017559292
PANEL_1X2,TRANSLATOR_ASTRO_BLACK,1,-0.009484930570060356,-0.02047573283376091,0.0020764950334257472,3,False,0.009484930570060356
PANEL_1X2,UV_VISOR_RED,4,0.009481952058220356,-0.0071425175496064594,0.020749706680202987,3,False,0.009481952058220356
ROBOT_DISHES,PEBBLES_XS,5,0.009480220263918216,-0.004010784324844202,0.018531417184122545,3,False,0.009480220263918216
PEBBLES_XL,SNACKPACK_VANILLA,1,-0.009475756645034297,-0.01266873822469395,-0.005057334213004362,3,True,0.009475756645034297
GALAXY_SOUNDS_SOLAR_WINDS,ROBOT_VACUUMING,1,0.009474999664995105,0.0037620696241419285,0.013392484899116881,3,True,0.009474999664995105
PANEL_2X2,GALAXY_SOUNDS_BLACK_HOLES,5,-0.009473661986156609,-0.025006704582713105,0.00482709249256053,3,False,0.009473661986156609
SLEEP_POD_NYLON,PANEL_1X2,1,-0.009470427290434943,-0.021125470011026232,-0.0033634341012906232,3,True,0.009470427290434943
UV_VISOR_AMBER,GALAXY_SOUNDS_DARK_MATTER,3,-0.00946469934072435,-0.013385362792746127,-0.004619749387379957,3,True,0.00946469934072435
PANEL_2X2,GALAXY_SOUNDS_SOLAR_FLAMES,2,-0.009457995611193442,-0.01109672262225258,-0.0066433349648051115,3,True,0.009457995611193442
PEBBLES_XS,ROBOT_MOPPING,5,0.009454691309227761,-0.0024022332105161823,0.025263892958368093,3,False,0.009454691309227761
SNACKPACK_VANILLA,ROBOT_DISHES,4,-0.009450417906719947,-0.02038497988957471,0.004805149238643527,3,False,0.009450417906719947
SLEEP_POD_POLYESTER,PEBBLES_S,2,-0.009450394139574764,-0.016440387580178992,-0.0050101282275318735,3,True,0.009450394139574764
SLEEP_POD_COTTON,TRANSLATOR_ASTRO_BLACK,2,0.009438706676179392,-0.003981977791464417,0.022309453661568654,3,False,0.009438706676179392
GALAXY_SOUNDS_SOLAR_FLAMES,PEBBLES_XL,2,0.009424976519688029,0.0007113722713812403,0.024629891729372265,3,True,0.009424976519688029
PEBBLES_L,GALAXY_SOUNDS_BLACK_HOLES,3,-0.009424200426139758,-0.023830148320082994,0.001588467874997988,3,False,0.009424200426139758
TRANSLATOR_SPACE_GRAY,PANEL_2X4,1,-0.009420678361352188,-0.02133468175235751,0.010864921307255682,3,False,0.009420678361352188
TRANSLATOR_SPACE_GRAY,SLEEP_POD_SUEDE,5,-0.009414528676178731,-0.020015890328533927,-0.0030533031870401874,3,True,0.009414528676178731
UV_VISOR_ORANGE,GALAXY_SOUNDS_SOLAR_FLAMES,5,-0.009407457970927676,-0.01796000551134356,-0.004701623154427905,3,True,0.009407457970927676
OXYGEN_SHAKE_EVENING_BREATH,ROBOT_LAUNDRY,5,-0.009404829247438275,-0.020625272479200343,-0.00021374218074524326,3,True,0.009404829247438275
PANEL_4X4,MICROCHIP_SQUARE,1,-0.009403364371685641,-0.012218803129218005,-0.007362739029022695,3,True,0.009403364371685641
GALAXY_SOUNDS_SOLAR_FLAMES,TRANSLATOR_SPACE_GRAY,5,0.009393060821903972,-0.004893147264416375,0.018385156695220693,3,False,0.009393060821903972
TRANSLATOR_GRAPHITE_MIST,MICROCHIP_SQUARE,1,-0.009391470428815019,-0.01952703699184319,0.00089978971777287,3,False,0.009391470428815019
GALAXY_SOUNDS_SOLAR_WINDS,UV_VISOR_AMBER,5,0.009391052326238686,0.003574270514311405,0.014128445266493225,3,True,0.009391052326238686
PANEL_4X4,SLEEP_POD_POLYESTER,3,0.009385792504654046,0.002546234995699785,0.0182344882673051,3,True,0.009385792504654046
ROBOT_LAUNDRY,GALAXY_SOUNDS_SOLAR_FLAMES,2,-0.009381845296811043,-0.02400295712083882,0.0027069303751817856,3,False,0.009381845296811043
SLEEP_POD_NYLON,UV_VISOR_YELLOW,2,-0.009379841858436419,-0.02220502490921691,0.004763054927243718,3,False,0.009379841858436419
UV_VISOR_AMBER,GALAXY_SOUNDS_PLANETARY_RINGS,5,0.009376717178659448,0.004421352698306006,0.018065352047907293,3,True,0.009376717178659448
UV_VISOR_AMBER,GALAXY_SOUNDS_SOLAR_FLAMES,2,0.009364134857086164,0.004756260404409559,0.012777915109969451,3,True,0.009364134857086164
UV_VISOR_MAGENTA,PEBBLES_XL,5,0.009360407751103457,0.0050555446386955135,0.011776639596690026,3,True,0.009360407751103457
PANEL_2X2,PANEL_2X4,1,-0.009357680162845067,-0.011636396642286965,-0.0069451325714511335,3,True,0.009357680162845067
PANEL_2X4,GALAXY_SOUNDS_DARK_MATTER,4,0.009356651046172141,0.005069007907494357,0.013372690119114796,3,True,0.009356651046172141
MICROCHIP_TRIANGLE,GALAXY_SOUNDS_SOLAR_WINDS,4,0.009353590264563906,0.002528596778121193,0.017540661749694843,3,True,0.009353590264563906
SNACKPACK_CHOCOLATE,MICROCHIP_TRIANGLE,5,-0.009346780920215859,-0.018921088163426088,0.002435249303170796,3,False,0.009346780920215859
MICROCHIP_TRIANGLE,SNACKPACK_PISTACHIO,1,-0.009345521415486316,-0.016955719123700443,-0.004397460106741236,3,True,0.009345521415486316
PANEL_1X2,OXYGEN_SHAKE_MORNING_BREATH,1,-0.009342611446575519,-0.017738481916844094,0.00041184110443916427,3,False,0.009342611446575519
OXYGEN_SHAKE_CHOCOLATE,ROBOT_IRONING,5,-0.009341734745953978,-0.014187688127308357,-0.0038465457504770306,3,True,0.009341734745953978
SNACKPACK_VANILLA,OXYGEN_SHAKE_EVENING_BREATH,2,0.009340998005277823,-0.003312301525060032,0.02261495554673394,3,False,0.009340998005277823
OXYGEN_SHAKE_EVENING_BREATH,SLEEP_POD_POLYESTER,4,0.009338702989622291,0.007676319568846416,0.011219683095694412,3,True,0.009338702989622291
SNACKPACK_CHOCOLATE,UV_VISOR_RED,1,-0.009336905662071116,-0.026683266099536557,0.0005460414768792165,3,False,0.009336905662071116
ROBOT_IRONING,SNACKPACK_RASPBERRY,2,0.009329268999989919,0.004689090692801886,0.01627375671138364,3,True,0.009329268999989919
ROBOT_IRONING,GALAXY_SOUNDS_SOLAR_WINDS,3,0.009325354487824638,-0.004044706349789411,0.01629690965667908,3,False,0.009325354487824638
OXYGEN_SHAKE_EVENING_BREATH,MICROCHIP_RECTANGLE,2,-0.009325025332537146,-0.014220887493792984,-0.00022787397725788856,3,True,0.009325025332537146
UV_VISOR_AMBER,PANEL_1X2,4,-0.009320718470569783,-0.010270447618514325,-0.007499023650859597,3,True,0.009320718470569783
TRANSLATOR_GRAPHITE_MIST,SNACKPACK_STRAWBERRY,1,-0.00931953911040332,-0.01637625147902923,-0.003100662534386954,3,True,0.00931953911040332
ROBOT_DISHES,PEBBLES_L,3,0.00931784100372919,0.005681103750568266,0.011180998869651203,3,True,0.00931784100372919
UV_VISOR_YELLOW,GALAXY_SOUNDS_PLANETARY_RINGS,1,-0.009316344915476638,-0.02302618867998467,0.008188831721938477,3,False,0.009316344915476638
ROBOT_LAUNDRY,MICROCHIP_OVAL,3,0.009313388914111662,0.005775591788020658,0.015086432667123333,3,True,0.009313388914111662
TRANSLATOR_SPACE_GRAY,PANEL_2X2,1,-0.009306189789350645,-0.024751429900418974,0.008296349703287135,3,False,0.009306189789350645
UV_VISOR_RED,UV_VISOR_AMBER,3,0.009302078821398432,0.0072568892795764565,0.011205343878188992,3,True,0.009302078821398432
MICROCHIP_SQUARE,PEBBLES_S,3,0.00929827312743982,-0.0025042029234023785,0.01968541405620033,3,False,0.00929827312743982
PANEL_1X2,PANEL_1X4,1,0.009296903226929326,-0.00014510618851151945,0.017134049331248735,3,False,0.009296903226929326
SLEEP_POD_LAMB_WOOL,PEBBLES_M,1,-0.009290424861354347,-0.010823703940487041,-0.008417832432463492,3,True,0.009290424861354347
SNACKPACK_PISTACHIO,TRANSLATOR_GRAPHITE_MIST,1,-0.009289928154888659,-0.013792716235626333,-0.004273687292414953,3,True,0.009289928154888659
MICROCHIP_CIRCLE,PANEL_1X2,1,0.009287959944227465,0.0006200107070810322,0.01783582102009668,3,True,0.009287959944227465
OXYGEN_SHAKE_MORNING_BREATH,SLEEP_POD_NYLON,3,0.009286793667618422,-0.008109468550453329,0.023088220544803292,3,False,0.009286793667618422
ROBOT_DISHES,TRANSLATOR_ASTRO_BLACK,1,0.009286662336557389,-0.0018404611891274987,0.015947815212381887,3,False,0.009286662336557389
PANEL_1X4,SLEEP_POD_COTTON,1,-0.00928354664394119,-0.0122060532497088,-0.0048970164918855155,3,True,0.00928354664394119
SNACKPACK_CHOCOLATE,ROBOT_VACUUMING,5,-0.009283233272753301,-0.01955106948612164,-0.0002560048016518292,3,True,0.009283233272753301
ROBOT_MOPPING,ROBOT_VACUUMING,3,-0.0092766719263441,-0.014064433144891818,-0.0022597309554602684,3,True,0.0092766719263441
PEBBLES_XS,TRANSLATOR_VOID_BLUE,3,0.009273894401632002,-0.0073598286384187524,0.023274317380119453,3,False,0.009273894401632002
MICROCHIP_RECTANGLE,TRANSLATOR_SPACE_GRAY,1,0.009273379588963548,0.0019497022616496594,0.019687150058259162,3,True,0.009273379588963548
UV_VISOR_YELLOW,MICROCHIP_TRIANGLE,3,0.009271187158791635,0.0022086414516286515,0.020976873593258696,3,True,0.009271187158791635
PANEL_2X4,GALAXY_SOUNDS_SOLAR_FLAMES,4,-0.009265068589210824,-0.014256687575097612,-0.006587770514028397,3,True,0.009265068589210824
UV_VISOR_ORANGE,PANEL_1X2,1,-0.009264209747674612,-0.012861707745188588,-0.007091966796202392,3,True,0.009264209747674612
TRANSLATOR_ASTRO_BLACK,SLEEP_POD_NYLON,1,-0.009253073532749422,-0.0151509230173217,-0.004818010791609483,3,True,0.009253073532749422
ROBOT_VACUUMING,SLEEP_POD_LAMB_WOOL,3,-0.009248719400890388,-0.016853869416991303,0.0031528642488253835,3,False,0.009248719400890388
PEBBLES_S,MICROCHIP_TRIANGLE,4,-0.009231601454332437,-0.01214995644880911,-0.006387500329072908,3,True,0.009231601454332437
GALAXY_SOUNDS_PLANETARY_RINGS,PANEL_1X4,3,-0.009230262777672436,-0.019292485130099294,0.0005233679494338487,3,False,0.009230262777672436
PANEL_2X2,SNACKPACK_PISTACHIO,3,0.00922983365353961,0.0051192126577436015,0.01642914363774241,3,True,0.00922983365353961
TRANSLATOR_GRAPHITE_MIST,PANEL_2X4,4,0.009228080896318403,-0.0005338808982926325,0.017767897519301332,3,False,0.009228080896318403
PEBBLES_XS,SNACKPACK_RASPBERRY,3,-0.009227931742629545,-0.010903355419771244,-0.00674009879122045,3,True,0.009227931742629545
TRANSLATOR_ECLIPSE_CHARCOAL,UV_VISOR_YELLOW,1,-0.009225427016537592,-0.013400266690336409,-0.0025267359757150877,3,True,0.009225427016537592
PANEL_1X4,MICROCHIP_RECTANGLE,5,-0.009222394371634848,-0.020470338801897428,0.004649474320937044,3,False,0.009222394371634848
SNACKPACK_VANILLA,GALAXY_SOUNDS_BLACK_HOLES,1,-0.00921878599554577,-0.014908776688675088,-0.0017993029638560321,3,True,0.00921878599554577
PANEL_2X2,TRANSLATOR_VOID_BLUE,4,0.009214023561914487,0.007819013861238868,0.010727023106901521,3,True,0.009214023561914487
SNACKPACK_VANILLA,PEBBLES_XS,1,-0.009206308138066879,-0.014739301024099101,-0.0035868850967822985,3,True,0.009206308138066879
SNACKPACK_VANILLA,TRANSLATOR_ASTRO_BLACK,1,0.009204794199870463,-0.003554301710147573,0.020344657561789253,3,False,0.009204794199870463
ROBOT_IRONING,SLEEP_POD_LAMB_WOOL,4,0.009191280924043532,0.0073926522603996875,0.01030730124161391,3,True,0.009191280924043532
SLEEP_POD_COTTON,GALAXY_SOUNDS_SOLAR_WINDS,4,0.009187569840256855,0.003383745119247795,0.017103436016683092,3,True,0.009187569840256855
OXYGEN_SHAKE_CHOCOLATE,SLEEP_POD_POLYESTER,2,-0.009187521493687985,-0.02116551965504302,0.0029504433858158594,3,False,0.009187521493687985
TRANSLATOR_ASTRO_BLACK,GALAXY_SOUNDS_SOLAR_WINDS,5,-0.009185121710070786,-0.01481053949327943,-0.0027209802181416085,3,True,0.009185121710070786
GALAXY_SOUNDS_PLANETARY_RINGS,PANEL_2X2,3,0.009183052479026838,-0.0032603095148523993,0.020956758254149187,3,False,0.009183052479026838
SNACKPACK_STRAWBERRY,TRANSLATOR_GRAPHITE_MIST,1,-0.00917708992625132,-0.012910115921229566,-0.005419496053168886,3,True,0.00917708992625132
PEBBLES_XS,SLEEP_POD_SUEDE,4,0.00917529763177424,0.00016873720292552227,0.022898897160087577,3,True,0.00917529763177424
TRANSLATOR_GRAPHITE_MIST,TRANSLATOR_VOID_BLUE,1,-0.009169964112892372,-0.012280341212103512,-0.00424517989560024,3,True,0.009169964112892372
PEBBLES_L,PANEL_2X2,4,-0.009154011011018507,-0.020769853068438586,-0.0007633005343893796,3,True,0.009154011011018507
PEBBLES_S,SNACKPACK_CHOCOLATE,5,-0.009148416488632531,-0.02171000986994605,-0.001025773641317442,3,True,0.009148416488632531
OXYGEN_SHAKE_EVENING_BREATH,UV_VISOR_YELLOW,1,-0.009147488513802995,-0.010663677276261954,-0.007419680276738998,3,True,0.009147488513802995
ROBOT_VACUUMING,PEBBLES_M,1,-0.009147349237371165,-0.016352708709590734,-0.0013010703226575132,3,True,0.009147349237371165
GALAXY_SOUNDS_SOLAR_WINDS,MICROCHIP_RECTANGLE,4,-0.009146404631600465,-0.013484245327101352,-0.0007103962237883304,3,True,0.009146404631600465
SNACKPACK_CHOCOLATE,MICROCHIP_RECTANGLE,4,-0.009143421262676215,-0.015149282849811412,-0.004174942964983758,3,True,0.009143421262676215
PANEL_1X4,TRANSLATOR_GRAPHITE_MIST,5,0.009135420251431057,0.007413112232510882,0.011718723753417268,3,True,0.009135420251431057
ROBOT_VACUUMING,MICROCHIP_SQUARE,4,0.009130424669273926,-0.0016951462147351938,0.020957657234523593,3,False,0.009130424669273926
TRANSLATOR_VOID_BLUE,UV_VISOR_RED,4,0.009126752343752811,0.005062403849607558,0.01659636098242555,3,True,0.009126752343752811
SNACKPACK_VANILLA,PEBBLES_M,3,0.009125571915002515,-0.0020013617463076846,0.015455257594279381,3,False,0.009125571915002515
TRANSLATOR_GRAPHITE_MIST,GALAXY_SOUNDS_PLANETARY_RINGS,3,-0.00912204607242483,-0.020369386469531365,-0.0018486120331364974,3,True,0.00912204607242483
ROBOT_IRONING,PEBBLES_M,5,0.009121726381127375,-0.0021358933377306284,0.01729343543524308,3,False,0.009121726381127375
PANEL_2X2,PEBBLES_L,5,-0.009121519587120671,-0.02314315056339854,0.004481596279327286,3,False,0.009121519587120671
UV_VISOR_ORANGE,GALAXY_SOUNDS_PLANETARY_RINGS,1,-0.00911779386742758,-0.018272172647201337,-0.0022560272513602706,3,True,0.00911779386742758
GALAXY_SOUNDS_DARK_MATTER,SNACKPACK_VANILLA,4,0.009109184401088662,0.0074304883622238705,0.009988807233953349,3,True,0.009109184401088662
ROBOT_VACUUMING,PANEL_2X4,1,-0.00910267098668723,-0.012123141842610995,-0.006085628693675964,3,True,0.00910267098668723
PANEL_1X4,PEBBLES_XL,3,0.00910164192113465,-0.009481514956446524,0.030850638105977376,3,False,0.00910164192113465
SNACKPACK_STRAWBERRY,SLEEP_POD_NYLON,1,-0.009100481670084853,-0.022008716414529596,0.00039593814789307705,3,False,0.009100481670084853
MICROCHIP_OVAL,SNACKPACK_PISTACHIO,2,-0.009100466855710787,-0.01295814192779518,-0.0035428849073066444,3,True,0.009100466855710787
PEBBLES_S,GALAXY_SOUNDS_BLACK_HOLES,5,0.009099265663753842,-0.009405480548573833,0.02139703522985499,3,False,0.009099265663753842
MICROCHIP_SQUARE,UV_VISOR_ORANGE,4,-0.009098910261007556,-0.019406366502277946,-0.0020232490331833944,3,True,0.009098910261007556
TRANSLATOR_GRAPHITE_MIST,ROBOT_MOPPING,1,0.009074123910435243,0.00399511648900961,0.014284123639556905,3,True,0.009074123910435243
ROBOT_MOPPING,PANEL_4X4,1,-0.009070752436447132,-0.021764887187814434,0.007372082552601609,3,False,0.009070752436447132
ROBOT_IRONING,ROBOT_VACUUMING,5,-0.00906491612898268,-0.019209909593120474,0.0007872950115837691,3,False,0.00906491612898268
ROBOT_IRONING,PEBBLES_XS,4,0.009063638010187025,-0.005270892225150022,0.017581148028718692,3,False,0.009063638010187025
ROBOT_VACUUMING,ROBOT_DISHES,3,-0.009060546132322907,-0.018172018150605807,-0.004199508084929237,3,True,0.009060546132322907
GALAXY_SOUNDS_SOLAR_WINDS,PEBBLES_M,5,-0.009060364335373359,-0.017071170329329807,-0.0040854600591174045,3,True,0.009060364335373359
MICROCHIP_SQUARE,MICROCHIP_OVAL,3,-0.009053347757711758,-0.013736509330623103,-0.001375989205923378,3,True,0.009053347757711758
GALAXY_SOUNDS_SOLAR_FLAMES,PEBBLES_XS,1,-0.009036638059766436,-0.028692394185722715,0.01028898100418943,3,False,0.009036638059766436
UV_VISOR_ORANGE,ROBOT_IRONING,3,0.009031612088334797,0.007523461391803978,0.009829265163819345,3,True,0.009031612088334797
TRANSLATOR_ECLIPSE_CHARCOAL,OXYGEN_SHAKE_GARLIC,3,0.009025548524003765,0.002757878954268639,0.012976144894823927,3,True,0.009025548524003765
PANEL_2X4,ROBOT_VACUUMING,1,-0.009021088278012112,-0.009645379708575458,-0.007831977878280477,3,True,0.009021088278012112
ROBOT_DISHES,OXYGEN_SHAKE_MINT,2,-0.009017537480800456,-0.021785976630455627,0.008451743918089819,3,False,0.009017537480800456
ROBOT_IRONING,SNACKPACK_VANILLA,3,0.009016225838012364,0.005313477834119147,0.011078554190675273,3,True,0.009016225838012364
MICROCHIP_CIRCLE,UV_VISOR_AMBER,2,0.00901086032610286,0.004053471747087034,0.016699127205074184,3,True,0.00901086032610286
GALAXY_SOUNDS_DARK_MATTER,GALAXY_SOUNDS_PLANETARY_RINGS,4,0.00901067441752292,0.005121600289751993,0.013219515049377299,3,True,0.00901067441752292
SLEEP_POD_NYLON,GALAXY_SOUNDS_PLANETARY_RINGS,1,-0.009003458889421232,-0.0143403409878608,-0.0003513818724520551,3,True,0.009003458889421232
TRANSLATOR_GRAPHITE_MIST,SLEEP_POD_COTTON,5,-0.00899973922140059,-0.01040978715538989,-0.0064550903475768025,3,True,0.00899973922140059
SNACKPACK_STRAWBERRY,PANEL_2X4,1,-0.008999674957063617,-0.013914111657353756,0.0006913921016023421,3,False,0.008999674957063617
PEBBLES_L,GALAXY_SOUNDS_PLANETARY_RINGS,5,-0.008994480627273727,-0.02028482715690762,-0.0027394366399295855,3,True,0.008994480627273727
MICROCHIP_OVAL,OXYGEN_SHAKE_MINT,2,-0.008994291042628,-0.014621816803008943,-0.003382428984327954,3,True,0.008994291042628
ROBOT_VACUUMING,GALAXY_SOUNDS_BLACK_HOLES,2,0.008989941947447292,-0.006758575271873066,0.02119690151164119,3,False,0.008989941947447292
TRANSLATOR_GRAPHITE_MIST,ROBOT_VACUUMING,2,-0.008981214241234574,-0.020452944555126543,-0.002601124846500888,3,True,0.008981214241234574
SNACKPACK_STRAWBERRY,TRANSLATOR_VOID_BLUE,2,-0.00897086110606204,-0.010216821744743339,-0.007621718001807077,3,True,0.00897086110606204
MICROCHIP_TRIANGLE,OXYGEN_SHAKE_CHOCOLATE,5,0.008970776884464132,0.002547083432436747,0.01593682656153612,3,True,0.008970776884464132
PEBBLES_L,GALAXY_SOUNDS_SOLAR_FLAMES,2,-0.008970337657977754,-0.018204484287501935,0.002358737725691733,3,False,0.008970337657977754
GALAXY_SOUNDS_BLACK_HOLES,GALAXY_SOUNDS_PLANETARY_RINGS,3,-0.008969983797362639,-0.01351138981722233,-0.0030578148407998146,3,True,0.008969983797362639
ROBOT_MOPPING,UV_VISOR_AMBER,5,-0.008967932140129404,-0.016927355753356837,0.00465849915330792,3,False,0.008967932140129404
MICROCHIP_TRIANGLE,TRANSLATOR_SPACE_GRAY,3,0.00896308438700012,0.0001598140782150545,0.02095204219255171,3,True,0.00896308438700012
GALAXY_SOUNDS_SOLAR_FLAMES,UV_VISOR_MAGENTA,2,-0.008955208439644076,-0.016314745407137586,-0.0048625486428889655,3,True,0.008955208439644076
PEBBLES_L,SLEEP_POD_LAMB_WOOL,2,-0.008945755843785345,-0.01670238232958673,-0.001962580039755116,3,True,0.008945755843785345
SLEEP_POD_NYLON,PANEL_1X4,5,0.00894269140832308,-0.007353263249886915,0.019880923690257825,3,False,0.00894269140832308
MICROCHIP_SQUARE,PANEL_1X2,1,0.008940917399074242,-0.004472219120276395,0.016606520359144644,3,False,0.008940917399074242
SLEEP_POD_SUEDE,SLEEP_POD_LAMB_WOOL,3,-0.008940894100218508,-0.015873043774279998,-0.0045851268683293886,3,True,0.008940894100218508
TRANSLATOR_SPACE_GRAY,UV_VISOR_YELLOW,5,-0.008925860754120087,-0.021093785599304096,0.008702839782951695,3,False,0.008925860754120087
OXYGEN_SHAKE_MINT,TRANSLATOR_ECLIPSE_CHARCOAL,1,-0.008924251975434493,-0.028570771356969723,0.001994773716449066,3,False,0.008924251975434493
TRANSLATOR_SPACE_GRAY,MICROCHIP_RECTANGLE,5,-0.008924071841136425,-0.018278331378062472,-0.0011885366943083437,3,True,0.008924071841136425
UV_VISOR_RED,SLEEP_POD_NYLON,2,0.00891845377929903,0.0007069308234169136,0.017767436996557865,3,True,0.00891845377929903
SNACKPACK_VANILLA,UV_VISOR_ORANGE,3,0.008918315739686055,0.006547831046921596,0.011133593750826426,3,True,0.008918315739686055
SNACKPACK_RASPBERRY,MICROCHIP_RECTANGLE,1,-0.00891667639495681,-0.013649960490147925,-0.0029745366727486995,3,True,0.00891667639495681
OXYGEN_SHAKE_MINT,UV_VISOR_MAGENTA,2,0.008915969773089082,0.0018989798009879872,0.02094906986116385,3,True,0.008915969773089082
TRANSLATOR_GRAPHITE_MIST,SLEEP_POD_SUEDE,3,-0.008913239059055418,-0.012117848980057858,-0.003764983629107182,3,True,0.008913239059055418
SLEEP_POD_NYLON,TRANSLATOR_ECLIPSE_CHARCOAL,4,-0.008912537805826378,-0.019416184527759294,0.004749851078635366,3,False,0.008912537805826378
UV_VISOR_AMBER,PANEL_2X2,3,-0.008912386556859973,-0.012154109575302097,-0.003089747818834529,3,True,0.008912386556859973
ROBOT_LAUNDRY,PANEL_4X4,3,-0.008909382409531236,-0.014281144637374366,-0.003376747917267536,3,True,0.008909382409531236
ROBOT_DISHES,PANEL_1X2,1,-0.008905125775841238,-0.016532386530268055,0.0024544709561475347,3,False,0.008905125775841238
SNACKPACK_STRAWBERRY,SNACKPACK_CHOCOLATE,1,-0.00889070037135354,-0.01962590885569793,0.004662510949458463,3,False,0.00889070037135354
MICROCHIP_OVAL,MICROCHIP_CIRCLE,5,0.008887682293197119,0.0038243065794711668,0.013980536575753629,3,True,0.008887682293197119
GALAXY_SOUNDS_DARK_MATTER,PEBBLES_M,1,0.008884880795446371,-0.002680563145215501,0.021875212074898672,3,False,0.008884880795446371
SLEEP_POD_SUEDE,PEBBLES_XS,5,0.008882538740586865,-0.00866708422019446,0.02454072944123348,3,False,0.008882538740586865
ROBOT_MOPPING,ROBOT_IRONING,5,0.008881504272057033,0.005433172363035065,0.01495591900947594,3,True,0.008881504272057033
GALAXY_SOUNDS_BLACK_HOLES,SNACKPACK_STRAWBERRY,1,-0.008880909550263522,-0.010965128642842971,-0.005139134880793802,3,True,0.008880909550263522
UV_VISOR_YELLOW,TRANSLATOR_VOID_BLUE,5,-0.008875071190277821,-0.017388991567332,-0.004296049844026209,3,True,0.008875071190277821
GALAXY_SOUNDS_SOLAR_WINDS,OXYGEN_SHAKE_MINT,5,-0.00887194359522788,-0.01240337903946125,-0.006086920114006271,3,True,0.00887194359522788
MICROCHIP_SQUARE,UV_VISOR_AMBER,4,0.008867546741089458,-0.0028876826984664565,0.020426169856810335,3,False,0.008867546741089458
OXYGEN_SHAKE_CHOCOLATE,UV_VISOR_YELLOW,5,0.008861780559235697,0.00503167920082033,0.010864008140018741,3,True,0.008861780559235697
MICROCHIP_SQUARE,MICROCHIP_RECTANGLE,3,-0.008857437361614434,-0.014246560770333611,0.000548155466733214,3,False,0.008857437361614434
OXYGEN_SHAKE_MORNING_BREATH,TRANSLATOR_GRAPHITE_MIST,5,0.00885062277080608,0.006774224549755,0.010190764233785154,3,True,0.00885062277080608
TRANSLATOR_SPACE_GRAY,MICROCHIP_CIRCLE,1,0.00884885497406423,0.0039851483661264885,0.011834389945132482,3,True,0.00884885497406423
UV_VISOR_ORANGE,MICROCHIP_OVAL,4,0.008843599326617891,0.007500357976567388,0.011252172105784252,3,True,0.008843599326617891
PANEL_2X4,MICROCHIP_RECTANGLE,3,-0.008842023193923238,-0.017663014190904287,-0.0011118000540670334,3,True,0.008842023193923238
SLEEP_POD_POLYESTER,GALAXY_SOUNDS_SOLAR_WINDS,5,0.008841201274920408,-0.0018520395893099726,0.01650943190143929,3,False,0.008841201274920408
TRANSLATOR_SPACE_GRAY,SLEEP_POD_NYLON,1,0.00883774095463765,0.0012592086044733656,0.012782096057879225,3,True,0.00883774095463765
SLEEP_POD_NYLON,PANEL_2X2,1,-0.008837113938054846,-0.0138937611665541,0.00015280089161983325,3,False,0.008837113938054846
PANEL_1X4,OXYGEN_SHAKE_MORNING_BREATH,1,-0.008836881854297348,-0.018899130497909623,-0.002607500548145808,3,True,0.008836881854297348
TRANSLATOR_SPACE_GRAY,SLEEP_POD_LAMB_WOOL,2,-0.00883632021545017,-0.013577062011145506,-0.0018574766535720349,3,True,0.00883632021545017
ROBOT_LAUNDRY,GALAXY_SOUNDS_SOLAR_WINDS,4,-0.00883439893601516,-0.00999499259755946,-0.008181745270239165,3,True,0.00883439893601516
SNACKPACK_CHOCOLATE,TRANSLATOR_VOID_BLUE,2,-0.008832217835698842,-0.02063049621486185,9.629053529185507e-05,3,False,0.008832217835698842
TRANSLATOR_VOID_BLUE,SNACKPACK_RASPBERRY,2,0.00883186372180862,-0.0037345746308205256,0.01874965280837879,3,False,0.00883186372180862
MICROCHIP_TRIANGLE,ROBOT_MOPPING,3,0.008824046823395586,-0.004408708744005291,0.019641989031507025,3,False,0.008824046823395586
SLEEP_POD_LAMB_WOOL,ROBOT_VACUUMING,5,-0.008823330431952497,-0.013882649827749094,-0.00455418378372869,3,True,0.008823330431952497
GALAXY_SOUNDS_SOLAR_WINDS,UV_VISOR_RED,3,-0.008818935571600706,-0.02318251938574021,2.546356960210912e-05,3,False,0.008818935571600706
PEBBLES_XL,SLEEP_POD_POLYESTER,5,0.008808044616314327,0.0037040053249538757,0.018113956172528235,3,True,0.008808044616314327
SNACKPACK_RASPBERRY,PEBBLES_XL,5,0.008801898781791502,0.0003468857199122923,0.01703945183721696,3,True,0.008801898781791502
OXYGEN_SHAKE_GARLIC,TRANSLATOR_ECLIPSE_CHARCOAL,3,0.008801566087080244,0.003975975328637965,0.012609453091170788,3,True,0.008801566087080244
PANEL_1X2,MICROCHIP_OVAL,3,-0.008801270481920113,-0.014281735288176254,-0.0016094649778439858,3,True,0.008801270481920113
GALAXY_SOUNDS_SOLAR_WINDS,GALAXY_SOUNDS_BLACK_HOLES,3,-0.008800964013209326,-0.020348701303597,0.0045412262546591295,3,False,0.008800964013209326
SLEEP_POD_SUEDE,MICROCHIP_SQUARE,3,0.008798425136031693,0.005721305843865745,0.011788812987628907,3,True,0.008798425136031693
MICROCHIP_TRIANGLE,PEBBLES_S,1,-0.008798060126475556,-0.012557140223125816,-0.0014238642406521577,3,True,0.008798060126475556
TRANSLATOR_SPACE_GRAY,PANEL_4X4,5,-0.008797471504750933,-0.01266947729371402,-0.0031535698889665936,3,True,0.008797471504750933
PEBBLES_XL,ROBOT_DISHES,3,-0.008782554550869476,-0.018147732645749072,0.0030828552098127325,3,False,0.008782554550869476
MICROCHIP_SQUARE,PANEL_2X4,1,-0.00877992023867364,-0.011986358653908458,-0.006419767009112954,3,True,0.00877992023867364
UV_VISOR_YELLOW,PEBBLES_XL,3,-0.008779906286445092,-0.035346921054025676,0.005461129981502936,3,False,0.008779906286445092
SNACKPACK_STRAWBERRY,OXYGEN_SHAKE_MORNING_BREATH,2,-0.008773396429979057,-0.023971907714405685,0.015860539032774384,3,False,0.008773396429979057
TRANSLATOR_ASTRO_BLACK,MICROCHIP_RECTANGLE,3,-0.008772994272841594,-0.01440100385772875,-0.0012252319868331317,3,True,0.008772994272841594
UV_VISOR_RED,OXYGEN_SHAKE_MORNING_BREATH,1,-0.008760686410910996,-0.0183626128160637,0.0016439677500381955,3,False,0.008760686410910996
OXYGEN_SHAKE_MORNING_BREATH,ROBOT_MOPPING,3,0.0087605374530816,-0.007844638948456476,0.019458841817003945,3,False,0.0087605374530816
PANEL_1X2,MICROCHIP_RECTANGLE,1,0.008757936402035106,0.004097478334674952,0.011140355537704694,3,True,0.008757936402035106
PANEL_2X4,PANEL_4X4,1,-0.008757597198446291,-0.012459184609811068,-0.003887658613468369,3,True,0.008757597198446291
OXYGEN_SHAKE_MORNING_BREATH,GALAXY_SOUNDS_SOLAR_FLAMES,2,0.008756081081558498,-0.005551147835034123,0.032293642715401256,3,False,0.008756081081558498
UV_VISOR_YELLOW,MICROCHIP_RECTANGLE,2,0.008755227892050247,-0.001884844236074033,0.023074632757196196,3,False,0.008755227892050247
MICROCHIP_CIRCLE,MICROCHIP_RECTANGLE,4,0.008755219887750187,0.0036776077324201122,0.01716203318242211,3,True,0.008755219887750187
GALAXY_SOUNDS_PLANETARY_RINGS,SNACKPACK_CHOCOLATE,1,-0.008749380413298037,-0.010590095951586151,-0.005769002521597578,3,True,0.008749380413298037
GALAXY_SOUNDS_SOLAR_FLAMES,SLEEP_POD_POLYESTER,5,0.008742128997802625,-0.0016574238562096545,0.019755821634912452,3,False,0.008742128997802625
OXYGEN_SHAKE_EVENING_BREATH,UV_VISOR_AMBER,2,-0.008738084401309283,-0.026218296242069804,0.008517582796967007,3,False,0.008738084401309283
ROBOT_DISHES,MICROCHIP_OVAL,3,-0.008737766543398383,-0.011735426377880102,-0.006518064769502829,3,True,0.008737766543398383
GALAXY_SOUNDS_BLACK_HOLES,PANEL_1X2,3,0.008737520640393797,0.007500713812475367,0.009730133018305491,3,True,0.008737520640393797
UV_VISOR_MAGENTA,ROBOT_LAUNDRY,5,-0.008735746091849057,-0.014802448994611537,-0.00462744873411851,3,True,0.008735746091849057
SNACKPACK_VANILLA,UV_VISOR_RED,3,0.008734885255454582,0.002074011929143228,0.013001345953590513,3,True,0.008734885255454582
PEBBLES_M,SLEEP_POD_COTTON,4,-0.008729900027395448,-0.01770590556800036,0.002129915231792765,3,False,0.008729900027395448
SLEEP_POD_COTTON,GALAXY_SOUNDS_DARK_MATTER,3,0.008729154031602657,0.00048745511660500015,0.019113580665451973,3,True,0.008729154031602657
ROBOT_DISHES,UV_VISOR_AMBER,3,-0.0087273445072217,-0.02310632054815381,-0.0006894892042671894,3,True,0.0087273445072217
MICROCHIP_CIRCLE,SLEEP_POD_COTTON,2,0.008726461378744015,0.0024591224523469006,0.014559192126477891,3,True,0.008726461378744015
UV_VISOR_ORANGE,ROBOT_LAUNDRY,4,-0.00872119175160224,-0.01058630686432486,-0.005670684329801525,3,True,0.00872119175160224
ROBOT_DISHES,ROBOT_LAUNDRY,1,-0.008720139946357472,-0.01268355949289708,-0.001358277426209343,3,True,0.008720139946357472
PANEL_2X4,TRANSLATOR_SPACE_GRAY,1,-0.00871969491848402,-0.014468738460698155,-0.0034806425663108345,3,True,0.00871969491848402
MICROCHIP_CIRCLE,SLEEP_POD_NYLON,4,0.008717587132966076,-0.004138104868704643,0.015340832128734728,3,False,0.008717587132966076
PANEL_2X4,PANEL_1X4,4,-0.008711422559089325,-0.027543567574857982,0.0034840411516883535,3,False,0.008711422559089325
PANEL_2X2,PEBBLES_XL,2,-0.008709735915714131,-0.013387820577080784,-0.0041102882503554474,3,True,0.008709735915714131
UV_VISOR_ORANGE,PEBBLES_S,1,0.008702653848124757,0.0022201945176787957,0.016199479724512557,3,True,0.008702653848124757
PEBBLES_XS,MICROCHIP_OVAL,1,-0.00870144421593221,-0.010452213170003248,-0.007518126361512181,3,True,0.00870144421593221
PEBBLES_XL,SLEEP_POD_LAMB_WOOL,2,0.00869594497498305,-0.005177662838617917,0.026262218630163054,3,False,0.00869594497498305
MICROCHIP_SQUARE,PEBBLES_M,1,0.008693730138348413,0.005670112989910569,0.013781600751574136,3,True,0.008693730138348413
OXYGEN_SHAKE_MINT,MICROCHIP_SQUARE,2,0.00868925946907168,-0.003002359917556343,0.024961475663060912,3,False,0.00868925946907168
SNACKPACK_CHOCOLATE,SLEEP_POD_POLYESTER,3,-0.008680134581971536,-0.012269863752229482,-0.005473446601647551,3,True,0.008680134581971536
SNACKPACK_PISTACHIO,PANEL_2X4,4,-0.008679682972795583,-0.011277304523756087,-0.004114606239989686,3,True,0.008679682972795583
SLEEP_POD_NYLON,PANEL_2X4,1,0.008679338658422691,0.004042301763414106,0.014068260440067658,3,True,0.008679338658422691
PEBBLES_L,ROBOT_IRONING,4,-0.00867647859423283,-0.023995601714170672,0.005051856920550075,3,False,0.00867647859423283
OXYGEN_SHAKE_GARLIC,SNACKPACK_STRAWBERRY,1,-0.008667165938251136,-0.03234601475900223,0.0049029883451873375,3,False,0.008667165938251136
PEBBLES_M,MICROCHIP_CIRCLE,2,-0.008655323399972372,-0.01759529402578307,0.005981181948506049,3,False,0.008655323399972372
PANEL_4X4,SNACKPACK_STRAWBERRY,2,0.00865388369212096,0.005007465258557551,0.011290603995658666,3,True,0.00865388369212096
SLEEP_POD_SUEDE,ROBOT_VACUUMING,5,-0.00865006641665784,-0.017538721111721767,0.001962765834024235,3,False,0.00865006641665784
TRANSLATOR_SPACE_GRAY,SLEEP_POD_COTTON,3,0.008647934921568495,0.001846210312582964,0.019728343043002812,3,True,0.008647934921568495
TRANSLATOR_VOID_BLUE,PEBBLES_L,4,-0.008640511437897264,-0.019858330275039103,-0.0013699988488368035,3,True,0.008640511437897264
ROBOT_MOPPING,SNACKPACK_PISTACHIO,5,-0.00863891496509806,-0.016582904282670317,-0.002725741256094752,3,True,0.00863891496509806
PEBBLES_XS,GALAXY_SOUNDS_SOLAR_WINDS,5,0.008634541512866571,0.0030964242715756864,0.0141795504782226,3,True,0.008634541512866571
UV_VISOR_ORANGE,SLEEP_POD_SUEDE,5,-0.008633639644542527,-0.013564855183906679,-0.0034078638711591146,3,True,0.008633639644542527
MICROCHIP_RECTANGLE,SNACKPACK_RASPBERRY,5,-0.00863121544758509,-0.012562949290180108,-0.00351455100838003,3,True,0.00863121544758509
OXYGEN_SHAKE_CHOCOLATE,SLEEP_POD_COTTON,1,0.008631181648986196,0.002081599200324324,0.01246796980474798,3,True,0.008631181648986196
GALAXY_SOUNDS_PLANETARY_RINGS,ROBOT_LAUNDRY,1,0.008629887138097458,0.004717749118711257,0.014462508933477105,3,True,0.008629887138097458
SLEEP_POD_SUEDE,OXYGEN_SHAKE_MINT,5,-0.008629577655690852,-0.012498619179134994,-0.003512947061532061,3,True,0.008629577655690852
GALAXY_SOUNDS_DARK_MATTER,SNACKPACK_RASPBERRY,1,0.00862949098216624,0.0030522683999978113,0.014552941181276816,3,True,0.00862949098216624
SLEEP_POD_COTTON,MICROCHIP_RECTANGLE,1,0.00862149051772425,0.0035316810261450944,0.011303693201888756,3,True,0.00862149051772425
MICROCHIP_OVAL,MICROCHIP_TRIANGLE,1,-0.008621379207244116,-0.015181184210879103,0.00042825681997784356,3,False,0.008621379207244116
PANEL_4X4,OXYGEN_SHAKE_MINT,1,0.008601473670882279,0.0031145738540407056,0.017067614804825625,3,True,0.008601473670882279
PEBBLES_XS,SNACKPACK_STRAWBERRY,3,0.00859431412121018,0.0053052993045746115,0.010912947806616637,3,True,0.00859431412121018
ROBOT_VACUUMING,TRANSLATOR_ASTRO_BLACK,1,0.008590771364487,-0.005739882931379459,0.02067117148390293,3,False,0.008590771364487
ROBOT_DISHES,SLEEP_POD_NYLON,3,-0.008586065018481125,-0.011668920364192046,-0.006460232340308654,3,True,0.008586065018481125
TRANSLATOR_VOID_BLUE,TRANSLATOR_SPACE_GRAY,1,-0.00857058558256901,-0.020914443882789277,0.006840669943459092,3,False,0.00857058558256901
TRANSLATOR_ASTRO_BLACK,OXYGEN_SHAKE_GARLIC,5,-0.008559671851582643,-0.013271067032599183,-0.002978927950155007,3,True,0.008559671851582643
MICROCHIP_TRIANGLE,SLEEP_POD_COTTON,1,0.008557200416398394,-0.003930663606016635,0.0181109611637337,3,False,0.008557200416398394
TRANSLATOR_SPACE_GRAY,UV_VISOR_AMBER,5,0.008556791141361935,-0.0019004838316144183,0.020640880652805067,3,False,0.008556791141361935
ROBOT_LAUNDRY,ROBOT_VACUUMING,5,0.008543907751875206,0.003387774543229009,0.017239200043993964,3,True,0.008543907751875206
ROBOT_VACUUMING,SLEEP_POD_SUEDE,3,-0.008543416054438185,-0.017376588784365158,0.0051043405859893575,3,False,0.008543416054438185
PANEL_2X2,SNACKPACK_CHOCOLATE,3,0.008532233725534735,-0.003150076655479645,0.020128821417001817,3,False,0.008532233725534735
PEBBLES_S,PANEL_4X4,1,-0.008530452173786623,-0.019660388113279664,-0.0022629770465980256,3,True,0.008530452173786623
SNACKPACK_VANILLA,SLEEP_POD_COTTON,1,-0.008527824999938878,-0.02485584675173581,0.007558875219985441,3,False,0.008527824999938878
OXYGEN_SHAKE_GARLIC,ROBOT_VACUUMING,2,-0.008527610252597377,-0.013105766992317892,-0.0011698828312261451,3,True,0.008527610252597377
PANEL_4X4,GALAXY_SOUNDS_SOLAR_FLAMES,2,0.008527405272508766,0.0016159747061075887,0.020973656951522958,3,True,0.008527405272508766
SNACKPACK_CHOCOLATE,PANEL_2X4,4,-0.008526564216406676,-0.020537421647505157,0.002193834010351868,3,False,0.008526564216406676
UV_VISOR_RED,OXYGEN_SHAKE_MINT,2,-0.008524924009446624,-0.016671056905181846,0.0008351537479333311,3,False,0.008524924009446624
MICROCHIP_CIRCLE,MICROCHIP_SQUARE,2,0.008523432474140544,0.002768455958382024,0.011600642566572738,3,True,0.008523432474140544
TRANSLATOR_VOID_BLUE,TRANSLATOR_GRAPHITE_MIST,4,0.008515932842792276,0.0013369034965251957,0.014401156035032728,3,True,0.008515932842792276
SNACKPACK_STRAWBERRY,ROBOT_VACUUMING,5,0.008511086613393256,-0.002028334641976474,0.014691933004500633,3,False,0.008511086613393256
MICROCHIP_CIRCLE,TRANSLATOR_ECLIPSE_CHARCOAL,2,-0.008510194158507156,-0.01211096465153941,-0.0027097496553429423,3,True,0.008510194158507156
PEBBLES_L,GALAXY_SOUNDS_SOLAR_WINDS,5,-0.00850471281745887,-0.013975172291078593,-0.0010686006218898038,3,True,0.00850471281745887
SLEEP_POD_SUEDE,PANEL_2X4,1,-0.008491213153366338,-0.012806442980977575,-0.004320580649125604,3,True,0.008491213153366338
PANEL_2X2,ROBOT_VACUUMING,2,0.0084894119251702,0.0028333402629046635,0.01934791702517869,3,True,0.0084894119251702
GALAXY_SOUNDS_SOLAR_FLAMES,MICROCHIP_OVAL,4,0.008489144338391394,0.0013779159291133322,0.015426019269371037,3,True,0.008489144338391394
MICROCHIP_TRIANGLE,PEBBLES_M,5,-0.008481483769796303,-0.018496116370829714,8.359353041957684e-05,3,False,0.008481483769796303
SLEEP_POD_SUEDE,ROBOT_LAUNDRY,3,0.008478819348775497,0.003977747722232921,0.013389407007917664,3,True,0.008478819348775497
SNACKPACK_PISTACHIO,UV_VISOR_RED,1,-0.008477132370725988,-0.01983592928380985,-0.0019150220397179322,3,True,0.008477132370725988
GALAXY_SOUNDS_DARK_MATTER,GALAXY_SOUNDS_BLACK_HOLES,1,-0.008476264126217685,-0.011324712230785995,-0.003064252601838258,3,True,0.008476264126217685
SLEEP_POD_NYLON,GALAXY_SOUNDS_DARK_MATTER,2,0.008466567411646777,0.0007003808689459876,0.0144229249431333,3,True,0.008466567411646777
MICROCHIP_OVAL,PEBBLES_M,3,-0.008465597325384586,-0.01430506163005659,0.0012890853089001196,3,False,0.008465597325384586
TRANSLATOR_VOID_BLUE,TRANSLATOR_ECLIPSE_CHARCOAL,4,-0.008464959938870241,-0.00967745959018795,-0.007801419651404062,3,True,0.008464959938870241
SLEEP_POD_POLYESTER,MICROCHIP_OVAL,4,-0.008455707636226968,-0.01646890197229861,-0.0006731273918954551,3,True,0.008455707636226968
PANEL_1X2,TRANSLATOR_VOID_BLUE,1,-0.008454327334479157,-0.016150447265590614,-0.003119468388751697,3,True,0.008454327334479157
OXYGEN_SHAKE_CHOCOLATE,ROBOT_MOPPING,5,0.008449561291388422,-0.00696123500713392,0.01740071092536058,3,False,0.008449561291388422
GALAXY_SOUNDS_DARK_MATTER,PANEL_2X4,5,0.008448236407983428,0.0010716788927446854,0.02292874987699573,3,True,0.008448236407983428
TRANSLATOR_SPACE_GRAY,TRANSLATOR_GRAPHITE_MIST,5,-0.008441157662795089,-0.018271316934249254,0.0036727186764220114,3,False,0.008441157662795089
ROBOT_IRONING,SLEEP_POD_POLYESTER,1,-0.008436645223821204,-0.011544356822555661,-0.002408130333622824,3,True,0.008436645223821204
PANEL_2X4,OXYGEN_SHAKE_MORNING_BREATH,3,-0.008429627638187116,-0.00917193282933313,-0.0077485040481763585,3,True,0.008429627638187116
SLEEP_POD_NYLON,GALAXY_SOUNDS_SOLAR_FLAMES,4,0.00842916912706265,-0.0037372291130198564,0.020299819346232928,3,False,0.00842916912706265
GALAXY_SOUNDS_SOLAR_WINDS,ROBOT_MOPPING,5,-0.00842371337922805,-0.01722165656337032,0.004677204043767238,3,False,0.00842371337922805
PANEL_2X2,SNACKPACK_VANILLA,1,-0.008422373209150506,-0.02306463488678466,0.0016824575748574583,3,False,0.008422373209150506
PEBBLES_XL,PANEL_2X2,5,-0.008421307389248397,-0.01254533654771371,-0.0045487787329416,3,True,0.008421307389248397
PANEL_1X4,ROBOT_DISHES,5,0.008419558458547752,2.9835058921067347e-05,0.02286784530445751,3,True,0.008419558458547752
OXYGEN_SHAKE_GARLIC,SLEEP_POD_COTTON,5,0.008419009782454717,0.0036655338957725598,0.011097106932778164,3,True,0.008419009782454717
SNACKPACK_STRAWBERRY,PEBBLES_L,1,-0.008418707397424402,-0.021711887067218875,-0.0012916298875439072,3,True,0.008418707397424402
PEBBLES_XS,PANEL_1X2,5,-0.008407043744374607,-0.013209243020673065,-0.004064400649132629,3,True,0.008407043744374607
GALAXY_SOUNDS_BLACK_HOLES,SLEEP_POD_COTTON,4,0.008404430426739481,-0.005593562293343008,0.0216518340072499,3,False,0.008404430426739481
OXYGEN_SHAKE_MORNING_BREATH,MICROCHIP_RECTANGLE,4,-0.008404416859178516,-0.009693655387928065,-0.006462244872725406,3,True,0.008404416859178516
OXYGEN_SHAKE_MINT,PEBBLES_XL,1,0.00840229337375249,0.001312666937474875,0.02138370519162012,3,True,0.00840229337375249
MICROCHIP_RECTANGLE,GALAXY_SOUNDS_DARK_MATTER,3,-0.008401914618849203,-0.015531003777626638,0.005195178869837977,3,False,0.008401914618849203
TRANSLATOR_SPACE_GRAY,OXYGEN_SHAKE_MORNING_BREATH,4,-0.0083926982207091,-0.017595396422581955,0.0057811220262151035,3,False,0.0083926982207091
PEBBLES_M,TRANSLATOR_VOID_BLUE,1,-0.008391748145311288,-0.017270330109619852,0.006550323888688341,3,False,0.008391748145311288
OXYGEN_SHAKE_MINT,PEBBLES_M,4,0.008387920339633651,0.004018303218314529,0.014608100145428276,3,True,0.008387920339633651
OXYGEN_SHAKE_CHOCOLATE,PANEL_2X2,2,-0.008385269633825907,-0.01676822350144144,-0.00012824440500287565,3,True,0.008385269633825907
GALAXY_SOUNDS_SOLAR_FLAMES,GALAXY_SOUNDS_BLACK_HOLES,5,0.008382803732969483,0.003402316517756674,0.01728683294655046,3,True,0.008382803732969483
OXYGEN_SHAKE_MINT,OXYGEN_SHAKE_CHOCOLATE,3,-0.008382445222295677,-0.02278365389807776,0.012516035084980885,3,False,0.008382445222295677
OXYGEN_SHAKE_GARLIC,TRANSLATOR_VOID_BLUE,1,0.008380747396709803,3.177254120200077e-05,0.02293295082219217,3,True,0.008380747396709803
OXYGEN_SHAKE_MORNING_BREATH,GALAXY_SOUNDS_PLANETARY_RINGS,2,0.008379936385087364,0.0008995136581593819,0.02005942316234773,3,True,0.008379936385087364
TRANSLATOR_ASTRO_BLACK,OXYGEN_SHAKE_MORNING_BREATH,4,0.00837395676089643,0.0022885304909458027,0.011759431646895439,3,True,0.00837395676089643
ROBOT_LAUNDRY,OXYGEN_SHAKE_GARLIC,5,-0.008368692525618176,-0.024827688877137044,0.0012248560653769836,3,False,0.008368692525618176
PANEL_1X2,ROBOT_LAUNDRY,1,-0.008368286588213704,-0.01878058290652582,0.00136276105922396,3,False,0.008368286588213704
ROBOT_LAUNDRY,SLEEP_POD_LAMB_WOOL,4,0.008362640872776314,0.0020707750051874928,0.01222807526747048,3,True,0.008362640872776314
PEBBLES_XS,PANEL_4X4,4,0.008357861712415015,-0.001432622596407962,0.0197294294310253,3,False,0.008357861712415015
GALAXY_SOUNDS_SOLAR_FLAMES,SLEEP_POD_NYLON,4,-0.00835323687670258,-0.016393361431962784,0.005356728196412295,3,False,0.00835323687670258
PEBBLES_L,OXYGEN_SHAKE_CHOCOLATE,1,0.008352323704280714,0.000792165133455759,0.019970162433148784,3,True,0.008352323704280714
SLEEP_POD_SUEDE,OXYGEN_SHAKE_MORNING_BREATH,2,0.008346400721344046,-0.001117132944376791,0.015528030635727719,3,False,0.008346400721344046
MICROCHIP_CIRCLE,TRANSLATOR_SPACE_GRAY,1,0.008345565671264868,-0.0008402129923303066,0.01723604699343053,3,False,0.008345565671264868
UV_VISOR_AMBER,PEBBLES_M,2,-0.008333407095321913,-0.02311510686643507,0.0046801939764361125,3,False,0.008333407095321913
SNACKPACK_CHOCOLATE,PANEL_1X4,5,-0.00833275033590008,-0.024011142193212057,0.006556140779119985,3,False,0.00833275033590008
MICROCHIP_CIRCLE,OXYGEN_SHAKE_MINT,4,0.008332671020196719,0.0034542265297376005,0.011324665094430747,3,True,0.008332671020196719
ROBOT_VACUUMING,TRANSLATOR_VOID_BLUE,5,-0.008332159191383024,-0.01918027639835633,-0.0018720325925269611,3,True,0.008332159191383024
PEBBLES_XL,ROBOT_MOPPING,5,-0.008328734648873177,-0.018009888327715412,-0.0016714687349404136,3,True,0.008328734648873177
PANEL_1X4,SNACKPACK_RASPBERRY,1,0.008326730135536088,-0.0005042917901743522,0.013103239975366384,3,False,0.008326730135536088
PEBBLES_M,UV_VISOR_RED,5,0.008320760872226782,-0.008833937362568423,0.026723430939709976,3,False,0.008320760872226782
PEBBLES_XL,UV_VISOR_MAGENTA,5,-0.008320413847833349,-0.019278995775676502,0.00011864595924770759,3,False,0.008320413847833349
UV_VISOR_ORANGE,PANEL_1X4,4,0.008319295132813416,-0.0005226127650508832,0.01748161546730886,3,False,0.008319295132813416
TRANSLATOR_SPACE_GRAY,SNACKPACK_PISTACHIO,4,0.008317096921190852,-0.004589918952025624,0.016264536219260543,3,False,0.008317096921190852
UV_VISOR_ORANGE,OXYGEN_SHAKE_GARLIC,2,0.008316129960241786,-0.0021634272833075353,0.023184927485241178,3,False,0.008316129960241786
PANEL_4X4,SNACKPACK_VANILLA,1,-0.008315350149197659,-0.0172833144890586,-0.0021609384736157792,3,True,0.008315350149197659
GALAXY_SOUNDS_SOLAR_FLAMES,OXYGEN_SHAKE_GARLIC,3,0.008314442819883737,0.00465330712715705,0.010478219206938566,3,True,0.008314442819883737
ROBOT_IRONING,OXYGEN_SHAKE_MINT,4,-0.008305253703154575,-0.019243055121164157,0.010031605320440808,3,False,0.008305253703154575
GALAXY_SOUNDS_BLACK_HOLES,UV_VISOR_MAGENTA,1,-0.008303179304966215,-0.015695224133193658,-0.00361927443200402,3,True,0.008303179304966215
SLEEP_POD_SUEDE,SNACKPACK_RASPBERRY,2,0.00830282803651831,-0.002623370536221605,0.013986357537220356,3,False,0.00830282803651831
ROBOT_DISHES,UV_VISOR_MAGENTA,3,-0.008300533408250542,-0.01329099234874099,-0.0041659451602167035,3,True,0.008300533408250542
UV_VISOR_YELLOW,PANEL_1X2,1,-0.008297024432611232,-0.015837766518975113,0.002058550900216649,3,False,0.008297024432611232
ROBOT_DISHES,SLEEP_POD_SUEDE,2,-0.008293905958686372,-0.018578191331966337,0.0010421165696292945,3,False,0.008293905958686372
ROBOT_DISHES,MICROCHIP_TRIANGLE,3,0.00829216467874665,0.00362905616193719,0.014431419076507607,3,True,0.00829216467874665
SNACKPACK_STRAWBERRY,SLEEP_POD_LAMB_WOOL,2,-0.0082889911399592,-0.013584673039240717,0.0007547837583242307,3,False,0.0082889911399592
GALAXY_SOUNDS_SOLAR_FLAMES,SNACKPACK_PISTACHIO,4,0.008286366313085115,-0.0047863179117474675,0.02418131864051754,3,False,0.008286366313085115
SLEEP_POD_NYLON,TRANSLATOR_ASTRO_BLACK,1,-0.008286317051842471,-0.02323600114450937,-0.0003114994656298283,3,True,0.008286317051842471
SNACKPACK_RASPBERRY,GALAXY_SOUNDS_PLANETARY_RINGS,3,-0.008281046471303823,-0.014518423416450018,-0.0028165525727793677,3,True,0.008281046471303823
OXYGEN_SHAKE_EVENING_BREATH,ROBOT_VACUUMING,5,-0.00827579239421711,-0.013144096699949417,-0.003471176845684961,3,True,0.00827579239421711
SNACKPACK_RASPBERRY,PANEL_2X4,4,0.008270525424769595,0.005931005516144667,0.01155344549766284,3,True,0.008270525424769595
TRANSLATOR_SPACE_GRAY,PANEL_1X2,4,-0.008269956369438848,-0.016796867000797147,0.004176771894839748,3,False,0.008269956369438848
UV_VISOR_YELLOW,PEBBLES_S,2,-0.008263469637480656,-0.01325610217752863,-0.001610271529313661,3,True,0.008263469637480656
SLEEP_POD_SUEDE,SNACKPACK_STRAWBERRY,2,-0.008261052027419336,-0.016618800379760032,0.0015038137223340742,3,False,0.008261052027419336
TRANSLATOR_GRAPHITE_MIST,GALAXY_SOUNDS_SOLAR_FLAMES,4,-0.008259559854264317,-0.014557687485446955,-0.004201716072390215,3,True,0.008259559854264317
GALAXY_SOUNDS_BLACK_HOLES,PEBBLES_S,4,0.008254361154576085,-0.006974693963347618,0.017914504139404576,3,False,0.008254361154576085
MICROCHIP_OVAL,SNACKPACK_STRAWBERRY,2,-0.008247606004895294,-0.01397036878722937,-0.0031179262438070015,3,True,0.008247606004895294
UV_VISOR_AMBER,MICROCHIP_OVAL,2,-0.008241504480071543,-0.013145991299185221,-0.003905407941068059,3,True,0.008241504480071543
SNACKPACK_VANILLA,PANEL_2X4,1,-0.008238418326603379,-0.010732019424194454,-0.004363779096620056,3,True,0.008238418326603379
GALAXY_SOUNDS_DARK_MATTER,ROBOT_IRONING,1,0.008237471317228589,0.0012595694147855255,0.016082365424509682,3,True,0.008237471317228589
OXYGEN_SHAKE_MORNING_BREATH,UV_VISOR_RED,4,0.008233571360117615,-0.0016924015381393751,0.01732038239934328,3,False,0.008233571360117615
TRANSLATOR_ECLIPSE_CHARCOAL,ROBOT_LAUNDRY,2,-0.008232368110601523,-0.020273554312609094,0.000497835555785357,3,False,0.008232368110601523
MICROCHIP_TRIANGLE,ROBOT_IRONING,5,-0.008216958583376344,-0.016052063547025475,0.005354822549554788,3,False,0.008216958583376344
ROBOT_IRONING,GALAXY_SOUNDS_SOLAR_FLAMES,4,0.008209196872217757,0.004587763504871128,0.013156840165916448,3,True,0.008209196872217757
SNACKPACK_VANILLA,OXYGEN_SHAKE_CHOCOLATE,1,-0.008208979447378962,-0.012487185102694889,-0.0032980655813793303,3,True,0.008208979447378962
GALAXY_SOUNDS_DARK_MATTER,UV_VISOR_ORANGE,1,-0.008207506748556003,-0.012335809023266597,-0.0054874289821746905,3,True,0.008207506748556003
SLEEP_POD_POLYESTER,PEBBLES_XL,4,-0.008207002850059753,-0.01817306806520375,0.003837549124031353,3,False,0.008207002850059753
OXYGEN_SHAKE_GARLIC,TRANSLATOR_ASTRO_BLACK,2,0.00819129591497813,-0.0017874138752124427,0.013761475708412378,3,False,0.00819129591497813
OXYGEN_SHAKE_MINT,SNACKPACK_RASPBERRY,3,-0.008191273614001572,-0.012411192135688445,-0.0012655211593695808,3,True,0.008191273614001572
PANEL_2X2,OXYGEN_SHAKE_GARLIC,2,-0.00819021222376657,-0.02257136473981788,0.003968269931853884,3,False,0.00819021222376657
TRANSLATOR_SPACE_GRAY,OXYGEN_SHAKE_MINT,1,0.008186540986836214,-0.0016402978498449034,0.020501741761257228,3,False,0.008186540986836214
MICROCHIP_CIRCLE,ROBOT_MOPPING,5,-0.008176166064514554,-0.01537898770836874,0.0012561385041949518,3,False,0.008176166064514554
ROBOT_LAUNDRY,TRANSLATOR_GRAPHITE_MIST,5,0.008173087176812909,0.0035836933140095647,0.011318943675059152,3,True,0.008173087176812909
TRANSLATOR_VOID_BLUE,SLEEP_POD_NYLON,4,-0.008171146951468268,-0.011130981794019596,-0.005686842924913766,3,True,0.008171146951468268
UV_VISOR_MAGENTA,PEBBLES_S,4,0.008166700151598772,-0.000482309766398583,0.022554593290989,3,False,0.008166700151598772
UV_VISOR_YELLOW,UV_VISOR_MAGENTA,3,-0.008162527963834336,-0.014893569103801518,-0.001025826722489405,3,True,0.008162527963834336
SNACKPACK_PISTACHIO,PEBBLES_L,2,0.00815936561541187,0.004620260443478422,0.012153911453907176,3,True,0.00815936561541187
PANEL_4X4,SLEEP_POD_LAMB_WOOL,3,0.008156675113111423,-0.001155165632629196,0.01328767756308247,3,False,0.008156675113111423
PEBBLES_XL,OXYGEN_SHAKE_MORNING_BREATH,4,0.008154105046542738,-0.0013530813031223435,0.013973941916957028,3,False,0.008154105046542738
ROBOT_LAUNDRY,PEBBLES_XL,2,0.008147919946594995,0.003195880570625337,0.015910665206208454,3,True,0.008147919946594995
TRANSLATOR_GRAPHITE_MIST,UV_VISOR_AMBER,3,0.008141757175028871,-0.003049251928260814,0.02834924578621627,3,False,0.008141757175028871
PEBBLES_L,OXYGEN_SHAKE_MINT,5,-0.008140205300567544,-0.012801037118226194,-0.0038553810151481854,3,True,0.008140205300567544
ROBOT_IRONING,PANEL_1X2,4,0.008137452139476685,-0.0004239179662907651,0.017787073381767438,3,False,0.008137452139476685
TRANSLATOR_ECLIPSE_CHARCOAL,TRANSLATOR_GRAPHITE_MIST,5,-0.008137014591578838,-0.027592947590288144,0.008725187541389876,3,False,0.008137014591578838
OXYGEN_SHAKE_EVENING_BREATH,ROBOT_DISHES,3,-0.008136797006779259,-0.0198108871192047,-0.0014746387178825617,3,True,0.008136797006779259
MICROCHIP_OVAL,OXYGEN_SHAKE_CHOCOLATE,4,-0.008133628801938998,-0.016437049309781498,-0.0003359361953844957,3,True,0.008133628801938998
ROBOT_DISHES,ROBOT_MOPPING,5,0.008130548708332633,-0.00850024019130869,0.016679651994423977,3,False,0.008130548708332633
GALAXY_SOUNDS_BLACK_HOLES,PANEL_2X2,5,-0.008129074453052594,-0.015558546708127612,0.004112426096729869,3,False,0.008129074453052594
PANEL_1X2,ROBOT_VACUUMING,2,0.008125707945681135,-0.01446333551272358,0.03289072266835362,3,False,0.008125707945681135
SLEEP_POD_LAMB_WOOL,TRANSLATOR_GRAPHITE_MIST,1,0.008125091649992892,-0.009859069805090985,0.02381910877654121,3,False,0.008125091649992892
OXYGEN_SHAKE_GARLIC,SLEEP_POD_LAMB_WOOL,4,-0.008121142005473194,-0.0266120666928404,0.004503874121801806,3,False,0.008121142005473194
GALAXY_SOUNDS_SOLAR_FLAMES,PANEL_1X2,2,-0.008119145997154794,-0.013924640221035935,-0.0015589549535552528,3,True,0.008119145997154794
GALAXY_SOUNDS_BLACK_HOLES,SLEEP_POD_NYLON,1,-0.00811473048984236,-0.01729247322918775,-0.0008486138392488459,3,True,0.00811473048984236
MICROCHIP_RECTANGLE,GALAXY_SOUNDS_SOLAR_FLAMES,4,-0.008112107549185158,-0.016891167470759673,0.006698859911366995,3,False,0.008112107549185158
SLEEP_POD_LAMB_WOOL,ROBOT_MOPPING,3,0.008109723949218906,-0.01243202339683712,0.020548123261850026,3,False,0.008109723949218906
UV_VISOR_ORANGE,PANEL_2X4,2,0.00810778030705889,-0.011742319068017006,0.021880343304935455,3,False,0.00810778030705889
TRANSLATOR_ECLIPSE_CHARCOAL,PEBBLES_XS,3,0.00810666849233868,0.006856193774424365,0.009719394783863295,3,True,0.00810666849233868
TRANSLATOR_ASTRO_BLACK,UV_VISOR_ORANGE,2,0.008105132115852684,-0.011787043427538477,0.02398723802529158,3,False,0.008105132115852684
UV_VISOR_YELLOW,SNACKPACK_PISTACHIO,5,-0.008104663061661672,-0.021227184502277185,0.0008983671140998396,3,False,0.008104663061661672
GALAXY_SOUNDS_SOLAR_FLAMES,TRANSLATOR_VOID_BLUE,2,0.00810161066355826,-0.006022365005242166,0.024825083237771012,3,False,0.00810161066355826
ROBOT_DISHES,PANEL_2X4,5,-0.008101123229558563,-0.01536856020992928,0.00032737465310909454,3,False,0.008101123229558563
ROBOT_IRONING,PEBBLES_L,2,0.008090989152095192,-0.000984273077674803,0.017788924405465995,3,False,0.008090989152095192
SLEEP_POD_POLYESTER,MICROCHIP_TRIANGLE,5,-0.008087788735393396,-0.014363829240852203,-0.0032099196368546383,3,True,0.008087788735393396
TRANSLATOR_ECLIPSE_CHARCOAL,GALAXY_SOUNDS_DARK_MATTER,2,-0.008083689266105205,-0.019292753759541214,0.003622040451113966,3,False,0.008083689266105205
MICROCHIP_TRIANGLE,SLEEP_POD_LAMB_WOOL,4,-0.008082749606106714,-0.021621048444218416,0.0003079279484256739,3,False,0.008082749606106714
SNACKPACK_RASPBERRY,TRANSLATOR_GRAPHITE_MIST,4,0.008079230023612332,-0.004774158541369377,0.01479195963056721,3,False,0.008079230023612332
GALAXY_SOUNDS_SOLAR_WINDS,OXYGEN_SHAKE_CHOCOLATE,5,0.008078966851530518,0.003141450311819672,0.011493267127803908,3,True,0.008078966851530518
SNACKPACK_PISTACHIO,SLEEP_POD_LAMB_WOOL,2,-0.008076885558497785,-0.0117094348581644,-0.005939221092840519,3,True,0.008076885558497785
OXYGEN_SHAKE_EVENING_BREATH,SLEEP_POD_SUEDE,5,0.008073902202448545,0.0018757959762410869,0.011965128442266153,3,True,0.008073902202448545
MICROCHIP_TRIANGLE,GALAXY_SOUNDS_PLANETARY_RINGS,5,0.008073394558728792,-0.01315350540117795,0.02714566377944184,3,False,0.008073394558728792
GALAXY_SOUNDS_BLACK_HOLES,PEBBLES_L,4,0.008071946450939048,-0.013514385265074785,0.021285789599334096,3,False,0.008071946450939048
SLEEP_POD_POLYESTER,OXYGEN_SHAKE_MORNING_BREATH,1,-0.008069840520312213,-0.015985550378382955,-0.0037108336966388033,3,True,0.008069840520312213
SLEEP_POD_SUEDE,UV_VISOR_YELLOW,5,0.008069466673095941,0.0004817051338460291,0.021807290860000873,3,True,0.008069466673095941
PEBBLES_M,ROBOT_LAUNDRY,5,-0.008064636316166591,-0.011403839933354686,-0.002932287815268474,3,True,0.008064636316166591
MICROCHIP_OVAL,MICROCHIP_RECTANGLE,5,0.008059916180110612,0.00308312476331057,0.011426430197586733,3,True,0.008059916180110612
PEBBLES_XS,SLEEP_POD_NYLON,3,0.00805499460684161,-0.003157140675144332,0.01631979923613019,3,False,0.00805499460684161
ROBOT_LAUNDRY,ROBOT_MOPPING,5,0.008046379504901119,0.006707288611858661,0.009948375217499427,3,True,0.008046379504901119
GALAXY_SOUNDS_PLANETARY_RINGS,TRANSLATOR_ASTRO_BLACK,1,-0.008045516812797611,-0.013810282875224313,0.0017759470387249201,3,False,0.008045516812797611
ROBOT_VACUUMING,PEBBLES_XS,1,-0.008039577554771136,-0.010309114337954681,-0.005390061926771968,3,True,0.008039577554771136
GALAXY_SOUNDS_PLANETARY_RINGS,PANEL_1X2,3,0.008034715418336977,0.004703803478706198,0.013640268589056224,3,True,0.008034715418336977
SLEEP_POD_LAMB_WOOL,MICROCHIP_OVAL,4,0.008034610113435035,-0.003950499959380021,0.01893967672746225,3,False,0.008034610113435035
MICROCHIP_RECTANGLE,TRANSLATOR_GRAPHITE_MIST,4,0.008031751017941702,-0.00011886527686211935,0.019430336435227638,3,False,0.008031751017941702
PEBBLES_S,OXYGEN_SHAKE_GARLIC,5,-0.00802899148243578,-0.016083120497712412,-0.0009274093803919571,3,True,0.00802899148243578
ROBOT_MOPPING,PANEL_2X2,5,0.008028169825349556,-0.0027668772901419734,0.018107504677812938,3,False,0.008028169825349556
UV_VISOR_YELLOW,PEBBLES_L,2,0.008027748420553643,-0.0033375584316720796,0.02372923226508449,3,False,0.008027748420553643
UV_VISOR_AMBER,OXYGEN_SHAKE_MINT,3,0.008027135324019823,-0.004089372992847772,0.01411518997058568,3,False,0.008027135324019823
UV_VISOR_AMBER,OXYGEN_SHAKE_EVENING_BREATH,4,0.0080239615272661,0.0021332899768010645,0.015363343156520637,3,True,0.0080239615272661
SLEEP_POD_COTTON,ROBOT_DISHES,4,-0.008023538798805836,-0.026749101149690126,0.008103408903288346,3,False,0.008023538798805836
PEBBLES_M,ROBOT_VACUUMING,3,-0.008022677706837322,-0.014269464724246641,0.0010829568628348547,3,False,0.008022677706837322
TRANSLATOR_VOID_BLUE,GALAXY_SOUNDS_SOLAR_WINDS,3,-0.008021587889751108,-0.014286204987720137,0.0009313748811437749,3,False,0.008021587889751108
PEBBLES_XL,ROBOT_LAUNDRY,4,-0.00802155529577001,-0.015823075337053873,0.0008052838508989153,3,False,0.00802155529577001
TRANSLATOR_VOID_BLUE,ROBOT_IRONING,2,-0.00802020978321861,-0.02382994817991429,0.01738849463002735,3,False,0.00802020978321861
PEBBLES_S,ROBOT_IRONING,2,0.00802020429540764,0.0031595448089897886,0.013573735916171283,3,True,0.00802020429540764
SLEEP_POD_SUEDE,MICROCHIP_RECTANGLE,5,0.008014841633389941,0.001213832492409834,0.012505734040574343,3,True,0.008014841633389941
SLEEP_POD_COTTON,PEBBLES_S,5,-0.008006776517522794,-0.01623429920563537,0.0009634467629002303,3,False,0.008006776517522794
OXYGEN_SHAKE_EVENING_BREATH,GALAXY_SOUNDS_DARK_MATTER,1,0.008004127294692397,-0.004143672066730062,0.01628707547272257,3,False,0.008004127294692397
SLEEP_POD_COTTON,PANEL_2X2,2,-0.0079965395767273,-0.017746143402257993,-0.00248628551873884,3,True,0.0079965395767273
PANEL_1X4,MICROCHIP_SQUARE,5,-0.00799545681563505,-0.018991813165902493,0.003227363205282874,3,False,0.00799545681563505
PANEL_1X4,MICROCHIP_TRIANGLE,2,-0.00799283670962069,-0.02695617962837153,0.00514083901568277,3,False,0.00799283670962069
UV_VISOR_ORANGE,SLEEP_POD_LAMB_WOOL,3,0.00798803702255462,0.002279052510549199,0.018141848258739737,3,True,0.00798803702255462
ROBOT_LAUNDRY,SNACKPACK_RASPBERRY,5,0.007986090988756448,0.0033918181432137733,0.014075048753099253,3,True,0.007986090988756448
GALAXY_SOUNDS_DARK_MATTER,OXYGEN_SHAKE_MINT,3,-0.007980073068978149,-0.03498453469828594,0.009440073284596163,3,False,0.007980073068978149
MICROCHIP_TRIANGLE,UV_VISOR_RED,3,-0.007978110677925162,-0.02196352273652421,0.00950909776343506,3,False,0.007978110677925162
MICROCHIP_TRIANGLE,SNACKPACK_CHOCOLATE,4,-0.007971146468684895,-0.013296081794097941,-0.002294786802733005,3,True,0.007971146468684895
MICROCHIP_CIRCLE,ROBOT_LAUNDRY,5,-0.007966255191965947,-0.012837259281566482,-0.0002522323909432383,3,True,0.007966255191965947
UV_VISOR_ORANGE,SNACKPACK_CHOCOLATE,1,-0.007963546798169773,-0.0184601440983915,0.005259024082711065,3,False,0.007963546798169773
SLEEP_POD_POLYESTER,SLEEP_POD_SUEDE,4,-0.007958694179784974,-0.017652264692153006,0.001915642504880229,3,False,0.007958694179784974
PANEL_2X2,SNACKPACK_STRAWBERRY,3,0.00795658681132636,0.001667729714804503,0.016996584517314,3,True,0.00795658681132636
OXYGEN_SHAKE_MINT,SNACKPACK_PISTACHIO,1,-0.007955246792853784,-0.014650001029968097,0.004752293614879384,3,False,0.007955246792853784
ROBOT_IRONING,SNACKPACK_PISTACHIO,2,-0.007954275967704807,-0.011329696702568809,-0.004431892584484038,3,True,0.007954275967704807
MICROCHIP_TRIANGLE,PANEL_2X2,1,0.007953595440233939,-0.010854552253802913,0.03639904027822245,3,False,0.007953595440233939
ROBOT_VACUUMING,OXYGEN_SHAKE_MORNING_BREATH,2,-0.007952941127530228,-0.01192076574190548,-0.005697906062627723,3,True,0.007952941127530228
TRANSLATOR_ASTRO_BLACK,ROBOT_LAUNDRY,5,-0.007950734695710145,-0.013828573581400234,-0.0032170236495674778,3,True,0.007950734695710145
SLEEP_POD_COTTON,MICROCHIP_TRIANGLE,3,-0.00794774168192864,-0.010821969059419359,-0.004146747741570971,3,True,0.00794774168192864
PANEL_2X4,PANEL_1X2,2,0.007944224736843324,-0.006938802503281845,0.029111141358840843,3,False,0.007944224736843324
ROBOT_LAUNDRY,PANEL_2X4,2,-0.007944167701405018,-0.010315453760096256,-0.0064090586362191004,3,True,0.007944167701405018
OXYGEN_SHAKE_MORNING_BREATH,MICROCHIP_CIRCLE,4,0.00794395382036226,-0.008067643645913157,0.016422264599834698,3,False,0.00794395382036226
UV_VISOR_MAGENTA,PEBBLES_M,2,0.00793853660267281,0.002939010543023134,0.012242520841323733,3,True,0.00793853660267281
OXYGEN_SHAKE_GARLIC,PANEL_1X4,3,0.007936090087073633,-0.0009228280254991223,0.01931743356600169,3,False,0.007936090087073633
UV_VISOR_MAGENTA,PANEL_1X2,2,0.007935902709071735,-0.002409950485647282,0.026474325532326416,3,False,0.007935902709071735
UV_VISOR_RED,MICROCHIP_SQUARE,5,0.007931174201495892,-0.001433486141764037,0.021898014599709477,3,False,0.007931174201495892
ROBOT_IRONING,MICROCHIP_OVAL,1,0.0079281794795593,0.0007908632610178703,0.013276123856337073,3,True,0.0079281794795593
TRANSLATOR_ECLIPSE_CHARCOAL,PANEL_4X4,4,0.007916247329456269,0.0037818421491236016,0.01019626036829142,3,True,0.007916247329456269
SNACKPACK_RASPBERRY,UV_VISOR_ORANGE,5,-0.007916229832017922,-0.020272524540688397,0.0025786221729761755,3,False,0.007916229832017922
ROBOT_VACUUMING,TRANSLATOR_GRAPHITE_MIST,2,-0.00791464539776792,-0.013268302855317065,-0.0035828833407434914,3,True,0.00791464539776792
PEBBLES_XS,GALAXY_SOUNDS_DARK_MATTER,5,-0.007911433445066693,-0.01815626914772392,-0.0021728080261460433,3,True,0.007911433445066693
UV_VISOR_YELLOW,OXYGEN_SHAKE_CHOCOLATE,5,-0.007906842750082065,-0.01616579052168617,-0.0010164926940604262,3,True,0.007906842750082065
GALAXY_SOUNDS_SOLAR_FLAMES,SLEEP_POD_SUEDE,2,0.007905546251173826,-0.006723077582254289,0.02396157339121202,3,False,0.007905546251173826
MICROCHIP_RECTANGLE,OXYGEN_SHAKE_GARLIC,1,-0.007905266464763704,-0.01704219048927394,-0.0010064183231306943,3,True,0.007905266464763704
GALAXY_SOUNDS_PLANETARY_RINGS,PEBBLES_XS,5,-0.007904650583044527,-0.017855341331780718,-0.000665337585880102,3,True,0.007904650583044527
PEBBLES_XL,SNACKPACK_CHOCOLATE,1,0.007904197919005238,0.007127862451533394,0.008802216622757058,3,True,0.007904197919005238
TRANSLATOR_GRAPHITE_MIST,ROBOT_IRONING,2,0.00790178488060521,-0.0009564716487161462,0.01852731465967476,3,False,0.00790178488060521
TRANSLATOR_GRAPHITE_MIST,MICROCHIP_TRIANGLE,3,0.007899064877308444,0.0020193322427103874,0.015565157282262683,3,True,0.007899064877308444
TRANSLATOR_ASTRO_BLACK,SNACKPACK_CHOCOLATE,5,0.007897317286145901,0.0037764935438220873,0.015724835776445626,3,True,0.007897317286145901
SLEEP_POD_SUEDE,OXYGEN_SHAKE_EVENING_BREATH,3,0.007895255356834028,-0.0020970613435205374,0.01519664913594218,3,False,0.007895255356834028
ROBOT_DISHES,SNACKPACK_CHOCOLATE,5,0.007894773172579564,-0.003471279910748183,0.017185139970592497,3,False,0.007894773172579564
PEBBLES_XL,MICROCHIP_RECTANGLE,2,-0.007889580477971858,-0.011496163816102307,-0.004012617651696499,3,True,0.007889580477971858
MICROCHIP_OVAL,PEBBLES_S,2,-0.007887652364801474,-0.018482981133696435,-0.0005454382672728222,3,True,0.007887652364801474
PEBBLES_S,PEBBLES_L,2,-0.007883492745488887,-0.011451993494679928,-0.0011604037094173419,3,True,0.007883492745488887
OXYGEN_SHAKE_MINT,MICROCHIP_OVAL,1,-0.007881203798068505,-0.01902371459659346,0.0034784398767489116,3,False,0.007881203798068505
OXYGEN_SHAKE_GARLIC,OXYGEN_SHAKE_CHOCOLATE,5,-0.007873617697840167,-0.010998372436543578,-0.003996981211176269,3,True,0.007873617697840167
PANEL_2X4,PEBBLES_S,4,-0.007871465894366473,-0.01383852014317387,-0.001681535867075254,3,True,0.007871465894366473
PEBBLES_S,TRANSLATOR_ECLIPSE_CHARCOAL,3,-0.00786737890435707,-0.019267146021453515,0.00034986804129317806,3,False,0.00786737890435707
SLEEP_POD_NYLON,SNACKPACK_PISTACHIO,3,0.007867043315875363,-0.003938647770074094,0.029311949531263592,3,False,0.007867043315875363
SLEEP_POD_COTTON,MICROCHIP_SQUARE,2,-0.007863822285010454,-0.014880611684044481,0.0034824385871516828,3,False,0.007863822285010454
GALAXY_SOUNDS_SOLAR_WINDS,TRANSLATOR_GRAPHITE_MIST,2,-0.007862148107735238,-0.026683687649963695,0.002090105482630609,3,False,0.007862148107735238
TRANSLATOR_ECLIPSE_CHARCOAL,UV_VISOR_AMBER,1,-0.00786183569388838,-0.013363040002978234,-0.003153707735313588,3,True,0.00786183569388838
SLEEP_POD_COTTON,PEBBLES_XS,5,0.007860166890769996,-0.0005650443980692248,0.015421753110614648,3,False,0.007860166890769996
MICROCHIP_CIRCLE,OXYGEN_SHAKE_GARLIC,1,0.007859020544370512,-0.00032581230057357046,0.014935346539667774,3,False,0.007859020544370512
TRANSLATOR_SPACE_GRAY,ROBOT_MOPPING,3,0.00785880547585821,-0.006824981414191443,0.02829395954390181,3,False,0.00785880547585821
MICROCHIP_TRIANGLE,SNACKPACK_VANILLA,4,0.007858325641121038,0.0037323897994693566,0.010333284886850872,3,True,0.007858325641121038
OXYGEN_SHAKE_MINT,MICROCHIP_CIRCLE,2,0.007851872129276934,0.006151481373906129,0.009699139931555597,3,True,0.007851872129276934
PANEL_2X2,OXYGEN_SHAKE_CHOCOLATE,5,0.007844690796050888,0.0009759953373667419,0.017609715537848784,3,True,0.007844690796050888
SLEEP_POD_LAMB_WOOL,ROBOT_IRONING,5,0.007838219509417191,0.003955506450301015,0.013295686869867013,3,True,0.007838219509417191
UV_VISOR_AMBER,MICROCHIP_TRIANGLE,2,0.007832827542614529,-0.004217627052428254,0.020537940268210278,3,False,0.007832827542614529
TRANSLATOR_SPACE_GRAY,PEBBLES_M,2,-0.007832417235725421,-0.020116210670901587,0.008441496211081482,3,False,0.007832417235725421
PANEL_1X4,TRANSLATOR_SPACE_GRAY,1,0.007831789042533802,-0.010226918031076589,0.024488549353173676,3,False,0.007831789042533802
UV_VISOR_MAGENTA,MICROCHIP_CIRCLE,3,0.007825354381552881,-0.010170476544130178,0.018675659736750203,3,False,0.007825354381552881
SLEEP_POD_COTTON,GALAXY_SOUNDS_BLACK_HOLES,3,0.00782413275619904,0.0019009614918709481,0.010881980442018041,3,True,0.00782413275619904
UV_VISOR_MAGENTA,SNACKPACK_PISTACHIO,5,-0.007814306533953467,-0.018857613307843763,-0.0016737625309633886,3,True,0.007814306533953467
OXYGEN_SHAKE_MINT,PANEL_2X4,3,-0.007808135750017562,-0.015561367254661208,0.004135824233901566,3,False,0.007808135750017562
MICROCHIP_RECTANGLE,PANEL_2X2,1,-0.007807927612568172,-0.021515415006479115,0.0013446746490724136,3,False,0.007807927612568172
ROBOT_MOPPING,OXYGEN_SHAKE_MINT,2,0.007806254782254098,-0.010622377639730153,0.02131708707194116,3,False,0.007806254782254098
OXYGEN_SHAKE_EVENING_BREATH,UV_VISOR_ORANGE,2,0.007802715204935278,-0.0027020153496294078,0.015078903009568333,3,False,0.007802715204935278
MICROCHIP_TRIANGLE,PEBBLES_XL,1,0.007787547544650789,-0.0032961474368891595,0.015261987221818906,3,False,0.007787547544650789
PANEL_2X2,PANEL_4X4,3,0.007786698893534567,0.003929638554956342,0.01051213270263997,3,True,0.007786698893534567
PEBBLES_L,PEBBLES_S,5,-0.007785832312867717,-0.018752442732187447,0.00499902336264909,3,False,0.007785832312867717
TRANSLATOR_ASTRO_BLACK,UV_VISOR_AMBER,3,0.007784321009754558,0.0006945424510002361,0.014063235841421114,3,True,0.007784321009754558
MICROCHIP_CIRCLE,SLEEP_POD_SUEDE,3,0.007780343328696939,0.0004476322742287831,0.016599199500046485,3,True,0.007780343328696939
UV_VISOR_RED,PANEL_2X4,5,-0.007776596975313896,-0.020844505953803893,0.01075540085522845,3,False,0.007776596975313896
PEBBLES_XS,GALAXY_SOUNDS_SOLAR_FLAMES,3,-0.00777281162337489,-0.021516694057109174,0.0033954072315571667,3,False,0.00777281162337489
PEBBLES_L,UV_VISOR_YELLOW,3,0.007771442537343368,-0.003766614760847013,0.01665114051052983,3,False,0.007771442537343368
PEBBLES_S,PEBBLES_XL,2,0.00777073124649835,0.0026701251929620575,0.011353793181944299,3,True,0.00777073124649835
SLEEP_POD_COTTON,SNACKPACK_PISTACHIO,5,0.007768558309636807,-0.001857049513147031,0.020483656853777996,3,False,0.007768558309636807
SLEEP_POD_POLYESTER,PANEL_2X4,4,0.007767036565577729,0.005411684697769532,0.011683664817640924,3,True,0.007767036565577729
TRANSLATOR_SPACE_GRAY,SLEEP_POD_POLYESTER,2,0.007766353543389144,0.0018447379238196284,0.01748926770147802,3,True,0.007766353543389144
OXYGEN_SHAKE_GARLIC,ROBOT_LAUNDRY,5,-0.007753016339420875,-0.020615414075447137,0.0025933186143672587,3,False,0.007753016339420875
UV_VISOR_YELLOW,GALAXY_SOUNDS_DARK_MATTER,4,-0.0077495697861242755,-0.018670798737113078,0.005943433863046021,3,False,0.0077495697861242755
SLEEP_POD_COTTON,SNACKPACK_VANILLA,3,0.007748992815842828,0.007358988097560398,0.008386314634439906,3,True,0.007748992815842828
OXYGEN_SHAKE_MORNING_BREATH,PEBBLES_M,2,0.007739677454521876,-0.007468315888220585,0.016915781907613822,3,False,0.007739677454521876
PANEL_1X2,SNACKPACK_RASPBERRY,2,-0.0077382335516609745,-0.013266313401123596,-0.004500976375044082,3,True,0.0077382335516609745
SLEEP_POD_LAMB_WOOL,UV_VISOR_MAGENTA,5,-0.00773694424891061,-0.016766253648270186,0.0056728812129761,3,False,0.00773694424891061
OXYGEN_SHAKE_CHOCOLATE,GALAXY_SOUNDS_SOLAR_FLAMES,1,-0.007736276937720162,-0.0208231125952489,-0.000531028114462164,3,True,0.007736276937720162
GALAXY_SOUNDS_SOLAR_WINDS,ROBOT_IRONING,2,-0.007735806950226941,-0.009892366643736878,-0.006013651722055054,3,True,0.007735806950226941
ROBOT_MOPPING,ROBOT_LAUNDRY,2,-0.007728509329446017,-0.01941017599564656,0.0030105031199689327,3,False,0.007728509329446017
ROBOT_LAUNDRY,SNACKPACK_STRAWBERRY,5,-0.007727390174356814,-0.015205880701198401,-0.003499832929475882,3,True,0.007727390174356814
UV_VISOR_AMBER,PEBBLES_XS,5,-0.0077268420600559275,-0.011144080953903346,-0.005067903335107875,3,True,0.0077268420600559275
SNACKPACK_RASPBERRY,SNACKPACK_PISTACHIO,1,-0.007725359804188037,-0.015544364601228017,-0.003423480006667247,3,True,0.007725359804188037
MICROCHIP_CIRCLE,GALAXY_SOUNDS_BLACK_HOLES,3,0.007722600439415081,-0.0031447783487446573,0.023023377598638855,3,False,0.007722600439415081
MICROCHIP_SQUARE,GALAXY_SOUNDS_BLACK_HOLES,4,-0.007713505366313402,-0.011807970316804684,-0.0014349820295510253,3,True,0.007713505366313402
SNACKPACK_RASPBERRY,SLEEP_POD_LAMB_WOOL,2,0.007712031535250884,0.0023919189836247947,0.012164873189515271,3,True,0.007712031535250884
SLEEP_POD_NYLON,PANEL_4X4,2,-0.0077098291271151045,-0.02569515279708142,0.0036750758667402315,3,False,0.0077098291271151045
SLEEP_POD_LAMB_WOOL,SLEEP_POD_NYLON,2,0.007708090168482754,-0.00040711322633448015,0.01432987445887962,3,False,0.007708090168482754
SLEEP_POD_COTTON,ROBOT_VACUUMING,4,0.007701997944296288,5.492678260587521e-05,0.015012174164857124,3,True,0.007701997944296288
UV_VISOR_ORANGE,MICROCHIP_CIRCLE,2,0.007701424944650168,-0.009038271976785348,0.01949446374383166,3,False,0.007701424944650168
GALAXY_SOUNDS_DARK_MATTER,OXYGEN_SHAKE_GARLIC,4,-0.0076977131068985275,-0.014944457250752954,-0.002203132247430227,3,True,0.0076977131068985275
UV_VISOR_MAGENTA,TRANSLATOR_ASTRO_BLACK,5,-0.00769730633773006,-0.01262758415005732,0.0005004797350353095,3,False,0.00769730633773006
PEBBLES_XL,PANEL_1X2,4,-0.007695820495571351,-0.016240502465965364,0.008365271836148156,3,False,0.007695820495571351
GALAXY_SOUNDS_SOLAR_WINDS,PEBBLES_XL,1,-0.007693139573831266,-0.011542040838455721,-0.004768597488840778,3,True,0.007693139573831266
SNACKPACK_VANILLA,MICROCHIP_RECTANGLE,5,-0.007689021000678122,-0.015666747397012477,0.005494636036819361,3,False,0.007689021000678122
GALAXY_SOUNDS_PLANETARY_RINGS,MICROCHIP_RECTANGLE,1,-0.007685892903283649,-0.019279274081576134,0.0019431994706284763,3,False,0.007685892903283649
SNACKPACK_STRAWBERRY,TRANSLATOR_ECLIPSE_CHARCOAL,5,-0.007683469949755415,-0.014164268022518597,-0.00415012698747919,3,True,0.007683469949755415
OXYGEN_SHAKE_GARLIC,MICROCHIP_CIRCLE,2,-0.007672805757946678,-0.008900416749037781,-0.005358218304481367,3,True,0.007672805757946678
SLEEP_POD_COTTON,SNACKPACK_STRAWBERRY,4,-0.007672677759711189,-0.013969716452023518,-0.0027115720842027452,3,True,0.007672677759711189
TRANSLATOR_GRAPHITE_MIST,PEBBLES_S,2,-0.00767151928187886,-0.015153029742708712,0.0010704088598031101,3,False,0.00767151928187886
PEBBLES_S,PEBBLES_M,2,-0.007669398570934419,-0.020170481227924378,-0.00036984267578859674,3,True,0.007669398570934419
GALAXY_SOUNDS_SOLAR_FLAMES,MICROCHIP_TRIANGLE,5,-0.007669258272155782,-0.01274035830110457,-0.002385311375841335,3,True,0.007669258272155782
MICROCHIP_SQUARE,SNACKPACK_CHOCOLATE,4,-0.007665484950293352,-0.012635052692211799,-0.0048727406251293254,3,True,0.007665484950293352
SLEEP_POD_LAMB_WOOL,TRANSLATOR_ASTRO_BLACK,1,-0.007658650884531361,-0.02213272923830134,0.006450272884373619,3,False,0.007658650884531361
TRANSLATOR_SPACE_GRAY,UV_VISOR_MAGENTA,4,-0.007655948403078791,-0.011789990600411254,-0.0027560465481483542,3,True,0.007655948403078791
PEBBLES_XL,OXYGEN_SHAKE_GARLIC,4,0.0076507784533971675,0.004207025768964521,0.013137124965713277,3,True,0.0076507784533971675
UV_VISOR_ORANGE,UV_VISOR_MAGENTA,1,0.007650311215681222,-0.012347986064949591,0.02191393859395859,3,False,0.007650311215681222
PEBBLES_XL,UV_VISOR_YELLOW,1,-0.0076364350878358475,-0.01382402490406662,0.0005286752596231271,3,False,0.0076364350878358475
PEBBLES_M,SNACKPACK_PISTACHIO,1,-0.00762932628355003,-0.010671921098657496,-0.005940794140336016,3,True,0.00762932628355003
SLEEP_POD_SUEDE,SLEEP_POD_COTTON,5,0.007628182993651547,-0.01243730244883167,0.021117699979115688,3,False,0.007628182993651547
PANEL_4X4,SNACKPACK_PISTACHIO,4,-0.007619298307144154,-0.012669492913411212,-0.002665894935468774,3,True,0.007619298307144154
MICROCHIP_RECTANGLE,GALAXY_SOUNDS_PLANETARY_RINGS,4,0.0076182164638506295,-0.0006872876360759922,0.016984032487416714,3,False,0.0076182164638506295
TRANSLATOR_ECLIPSE_CHARCOAL,MICROCHIP_CIRCLE,4,0.00761713093150345,0.0038439947105529853,0.012848840103114907,3,True,0.00761713093150345
SNACKPACK_PISTACHIO,MICROCHIP_RECTANGLE,2,-0.007612015930204417,-0.021201863058535386,0.0002947807383550127,3,False,0.007612015930204417
SLEEP_POD_COTTON,UV_VISOR_ORANGE,4,0.007596191068960444,-0.0016575408690484579,0.016567932576981182,3,False,0.007596191068960444
GALAXY_SOUNDS_PLANETARY_RINGS,TRANSLATOR_SPACE_GRAY,1,-0.007583048433326897,-0.014179456445117188,0.000558844331299193,3,False,0.007583048433326897
TRANSLATOR_ASTRO_BLACK,ROBOT_VACUUMING,2,0.007571804658278894,0.005179238906361698,0.01212272885988544,3,True,0.007571804658278894
MICROCHIP_RECTANGLE,PEBBLES_XL,5,0.007571441840416596,0.0035545560377760995,0.01450608553162868,3,True,0.007571441840416596
MICROCHIP_SQUARE,PANEL_1X4,5,-0.00757113445886267,-0.012936424109700286,-0.00366829955999797,3,True,0.00757113445886267
ROBOT_VACUUMING,OXYGEN_SHAKE_GARLIC,3,-0.007570306682957575,-0.015097890537339535,-0.0013986319511728926,3,True,0.007570306682957575
PEBBLES_L,UV_VISOR_RED,1,-0.007569617413461991,-0.014319042356355494,0.005409074265978511,3,False,0.007569617413461991
PEBBLES_S,MICROCHIP_OVAL,5,0.007569571129915295,-0.0022098695408733207,0.013558983567300741,3,False,0.007569571129915295
GALAXY_SOUNDS_SOLAR_FLAMES,GALAXY_SOUNDS_DARK_MATTER,2,-0.0075643401819193825,-0.020303535331041914,0.002587391101152768,3,False,0.0075643401819193825
OXYGEN_SHAKE_GARLIC,PANEL_2X4,5,-0.0075602123250389204,-0.010368065545019355,-0.0037085872966833534,3,True,0.0075602123250389204
MICROCHIP_TRIANGLE,GALAXY_SOUNDS_SOLAR_FLAMES,3,-0.007555916897832508,-0.015965820251904215,0.007840175346157498,3,False,0.007555916897832508
PANEL_4X4,UV_VISOR_YELLOW,2,-0.007544103039364486,-0.022514144651701453,0.00209822232164581,3,False,0.007544103039364486
SLEEP_POD_SUEDE,SLEEP_POD_POLYESTER,5,0.007542780337718082,0.002582233165794221,0.01623482693126702,3,True,0.007542780337718082
SLEEP_POD_NYLON,SLEEP_POD_POLYESTER,5,0.007539767609654664,0.0015113801973463553,0.015532844527252095,3,True,0.007539767609654664
PEBBLES_M,SNACKPACK_CHOCOLATE,3,-0.0075370609660818716,-0.024157189320587847,0.0008546503921431839,3,False,0.0075370609660818716
SNACKPACK_STRAWBERRY,ROBOT_MOPPING,3,0.007534466898932442,-0.006790185219516823,0.01851111052340069,3,False,0.007534466898932442
PANEL_1X4,PANEL_4X4,1,0.007525662148636129,0.006854577533183857,0.007899571053366816,3,True,0.007525662148636129
OXYGEN_SHAKE_MINT,OXYGEN_SHAKE_MORNING_BREATH,4,-0.0075245310904458575,-0.01530401793085505,-0.003442181699085219,3,True,0.0075245310904458575
SNACKPACK_STRAWBERRY,MICROCHIP_OVAL,1,0.0075234504086931315,0.0026130344189656237,0.010326758077067457,3,True,0.0075234504086931315
SLEEP_POD_POLYESTER,MICROCHIP_CIRCLE,2,0.007519855128317584,0.003975671185941357,0.009877851486462207,3,True,0.007519855128317584
GALAXY_SOUNDS_BLACK_HOLES,ROBOT_VACUUMING,1,-0.007519667009056873,-0.015747846628943355,0.00017762894885254494,3,False,0.007519667009056873
ROBOT_DISHES,GALAXY_SOUNDS_SOLAR_FLAMES,4,0.007516928716463204,0.0012368841770404502,0.010771180387356175,3,True,0.007516928716463204
OXYGEN_SHAKE_MORNING_BREATH,SNACKPACK_STRAWBERRY,2,-0.00751600498470727,-0.020775046415857,-0.0001904888435603094,3,True,0.00751600498470727
SLEEP_POD_LAMB_WOOL,PEBBLES_S,4,-0.007515321728319852,-0.027456486558756498,0.01523620903706496,3,False,0.007515321728319852
PANEL_4X4,OXYGEN_SHAKE_MORNING_BREATH,4,0.0075150605484102665,0.001585560249978229,0.017034916941764955,3,True,0.0075150605484102665
SLEEP_POD_LAMB_WOOL,GALAXY_SOUNDS_SOLAR_FLAMES,1,-0.007513188261010822,-0.014924279698586212,0.004262521217127874,3,False,0.007513188261010822
PANEL_2X4,UV_VISOR_ORANGE,3,-0.007509897323926874,-0.018257210854414323,-0.0017162973576491144,3,True,0.007509897323926874
TRANSLATOR_VOID_BLUE,GALAXY_SOUNDS_PLANETARY_RINGS,3,-0.007509318550615649,-0.009384728296025827,-0.005626608774769817,3,True,0.007509318550615649
PANEL_4X4,ROBOT_DISHES,4,-0.007507673233932452,-0.025228246098642406,0.009409648639990411,3,False,0.007507673233932452
MICROCHIP_CIRCLE,PEBBLES_M,5,0.007507579164127357,-0.001078405396348464,0.017203515354807884,3,False,0.007507579164127357
GALAXY_SOUNDS_DARK_MATTER,PANEL_1X4,4,-0.007501790505194803,-0.010815440073734164,-0.004047438083287865,3,True,0.007501790505194803
TRANSLATOR_GRAPHITE_MIST,ROBOT_LAUNDRY,2,-0.007500085020821071,-0.013702836324849052,-0.002578247890388855,3,True,0.007500085020821071
ROBOT_MOPPING,SNACKPACK_VANILLA,5,-0.007498315964514231,-0.020549308120304775,0.01274159318918537,3,False,0.007498315964514231
TRANSLATOR_ECLIPSE_CHARCOAL,ROBOT_MOPPING,5,0.007498240901768235,-0.009550121143570227,0.02999510400260552,3,False,0.007498240901768235
MICROCHIP_SQUARE,UV_VISOR_RED,2,0.007496814399899653,-0.0019596918978246622,0.017651663545786195,3,False,0.007496814399899653
PEBBLES_S,GALAXY_SOUNDS_DARK_MATTER,5,0.007485757227812883,-0.004443993271556584,0.017142987582942124,3,False,0.007485757227812883
PANEL_4X4,PEBBLES_S,2,-0.007480740174246678,-0.011408185096359437,-0.0049870208203416705,3,True,0.007480740174246678
TRANSLATOR_GRAPHITE_MIST,TRANSLATOR_ECLIPSE_CHARCOAL,4,0.0074797020732457675,0.0006741894200947091,0.019850004576640337,3,True,0.0074797020732457675
PANEL_2X4,TRANSLATOR_VOID_BLUE,2,0.007476882336091138,0.005854544901247109,0.009005462905154613,3,True,0.007476882336091138
ROBOT_MOPPING,UV_VISOR_MAGENTA,2,0.0074764670567222516,0.0031317120214051407,0.014749866805534528,3,True,0.0074764670567222516
MICROCHIP_CIRCLE,PANEL_2X2,4,0.007473756771963586,0.0022659386593569543,0.014569870949445916,3,True,0.007473756771963586
MICROCHIP_SQUARE,TRANSLATOR_ECLIPSE_CHARCOAL,5,0.007472455581043571,0.006519173831337139,0.007982577294066984,3,True,0.007472455581043571
UV_VISOR_AMBER,UV_VISOR_RED,3,-0.007471876669772219,-0.017708307741368952,0.01019337809291712,3,False,0.007471876669772219
PANEL_4X4,MICROCHIP_TRIANGLE,4,-0.007470338643591636,-0.014615612635189304,0.0013825238186994226,3,False,0.007470338643591636
GALAXY_SOUNDS_PLANETARY_RINGS,SNACKPACK_PISTACHIO,4,-0.007469372076108445,-0.015462093533927135,0.0020884168365308724,3,False,0.007469372076108445
SLEEP_POD_COTTON,GALAXY_SOUNDS_SOLAR_FLAMES,2,-0.0074692191857644585,-0.01901362792426747,0.013706513001845543,3,False,0.0074692191857644585
GALAXY_SOUNDS_BLACK_HOLES,PEBBLES_XS,3,-0.007465815991264353,-0.012312884158741207,0.0012550607650617194,3,False,0.007465815991264353
SLEEP_POD_POLYESTER,PEBBLES_M,3,-0.007465518182625293,-0.024459638694817747,0.005211474632233002,3,False,0.007465518182625293
GALAXY_SOUNDS_DARK_MATTER,UV_VISOR_RED,2,-0.007464918176972867,-0.014796135043729241,0.006101586748160022,3,False,0.007464918176972867
MICROCHIP_RECTANGLE,MICROCHIP_SQUARE,3,-0.007464758377571543,-0.011586039504452715,-0.003969380179138751,3,True,0.007464758377571543
PANEL_2X2,TRANSLATOR_ECLIPSE_CHARCOAL,3,-0.007463760894973121,-0.015923529723762896,0.006160436595999845,3,False,0.007463760894973121
GALAXY_SOUNDS_PLANETARY_RINGS,SNACKPACK_STRAWBERRY,4,-0.007462921890995265,-0.013905561937441135,0.0005745292315148884,3,False,0.007462921890995265
PEBBLES_M,PANEL_2X4,4,-0.0074572089511229485,-0.015385941874154319,0.007366224947516658,3,False,0.0074572089511229485
OXYGEN_SHAKE_CHOCOLATE,TRANSLATOR_GRAPHITE_MIST,4,-0.0074528056408305334,-0.016380501359358045,0.0015058697461972385,3,False,0.0074528056408305334
OXYGEN_SHAKE_MINT,TRANSLATOR_GRAPHITE_MIST,3,0.007452491630824189,-0.0009846844711914376,0.015999478923866432,3,False,0.007452491630824189
TRANSLATOR_ASTRO_BLACK,PANEL_2X4,3,-0.007449527874287879,-0.009108000198652334,-0.004922493846281872,3,True,0.007449527874287879
UV_VISOR_MAGENTA,ROBOT_MOPPING,3,-0.0074484667592713645,-0.012514598879216056,-0.0030685146231941973,3,True,0.0074484667592713645
GALAXY_SOUNDS_BLACK_HOLES,GALAXY_SOUNDS_DARK_MATTER,5,-0.0074440743537213675,-0.025504740337297726,0.019077434434776663,3,False,0.0074440743537213675
PEBBLES_XL,UV_VISOR_ORANGE,5,0.00743596718485932,-0.0012595927582394744,0.01197143632452308,3,False,0.00743596718485932
SLEEP_POD_LAMB_WOOL,UV_VISOR_RED,1,0.007431860476622786,0.0036633916732411362,0.01126980178761279,3,True,0.007431860476622786
ROBOT_IRONING,TRANSLATOR_ECLIPSE_CHARCOAL,1,-0.007429129214802796,-0.017889379081255624,0.00623625587598041,3,False,0.007429129214802796
SLEEP_POD_COTTON,UV_VISOR_RED,5,0.007426056661340216,-0.0036552923663851727,0.013639938290806477,3,False,0.007426056661340216
GALAXY_SOUNDS_BLACK_HOLES,MICROCHIP_OVAL,4,0.007419606376678707,-0.00015272254162337535,0.013795035768424444,3,False,0.007419606376678707
ROBOT_IRONING,OXYGEN_SHAKE_GARLIC,2,-0.007412440750727965,-0.02328565722897301,0.011007695418468834,3,False,0.007412440750727965
PEBBLES_XS,SNACKPACK_PISTACHIO,3,0.007403318546541966,0.0037261417179546225,0.014576712839745869,3,True,0.007403318546541966
PEBBLES_M,SNACKPACK_VANILLA,4,-0.00739801832116494,-0.013293702888546748,-0.004288864224881921,3,True,0.00739801832116494
GALAXY_SOUNDS_SOLAR_FLAMES,TRANSLATOR_ECLIPSE_CHARCOAL,4,-0.007395941605578105,-0.010995762541222625,-0.005295025691450441,3,True,0.007395941605578105
TRANSLATOR_VOID_BLUE,SLEEP_POD_SUEDE,3,-0.007393407331169215,-0.011449848063301448,-0.0018795731882870876,3,True,0.007393407331169215
TRANSLATOR_VOID_BLUE,ROBOT_VACUUMING,1,-0.007387864004778931,-0.010180509691516643,-0.003972318713308,3,True,0.007387864004778931
ROBOT_IRONING,PANEL_1X4,5,-0.007384603222170282,-0.010163246635563426,-0.0027975507923981634,3,True,0.007384603222170282
MICROCHIP_RECTANGLE,SNACKPACK_VANILLA,3,-0.007377079816595751,-0.01961653854847116,0.006625678555703746,3,False,0.007377079816595751
UV_VISOR_YELLOW,OXYGEN_SHAKE_EVENING_BREATH,1,-0.007374579145643313,-0.015085833412949608,0.001766316376932176,3,False,0.007374579145643313
TRANSLATOR_ECLIPSE_CHARCOAL,PANEL_2X4,1,-0.0073692411017174985,-0.023382639392501715,0.003657017648762452,3,False,0.0073692411017174985
PANEL_1X2,PEBBLES_S,3,-0.007367943272356158,-0.011245173977920738,-0.004215110574743564,3,True,0.007367943272356158
OXYGEN_SHAKE_GARLIC,ROBOT_DISHES,4,-0.0073664842770192395,-0.018506720773320127,0.014466092775463825,3,False,0.0073664842770192395
OXYGEN_SHAKE_GARLIC,GALAXY_SOUNDS_PLANETARY_RINGS,2,0.007364502146100036,0.0005062478392399386,0.016853040463288987,3,True,0.007364502146100036
PANEL_2X4,SLEEP_POD_SUEDE,4,0.007363905401693981,-0.006771333506386423,0.019289500762480247,3,False,0.007363905401693981
MICROCHIP_RECTANGLE,UV_VISOR_YELLOW,3,-0.0073614184199166455,-0.014030371763593157,0.0025880097514105454,3,False,0.0073614184199166455
TRANSLATOR_ASTRO_BLACK,PEBBLES_XS,3,0.007357665586275469,0.0023466131123172865,0.012652046482257663,3,True,0.007357665586275469
SLEEP_POD_NYLON,PEBBLES_M,4,-0.007357544182281212,-0.018510243248294325,-0.00173929930856688,3,True,0.007357544182281212
SLEEP_POD_POLYESTER,UV_VISOR_YELLOW,2,0.0073497903291775855,0.00180829351499642,0.014292844567629373,3,True,0.0073497903291775855
SLEEP_POD_SUEDE,MICROCHIP_CIRCLE,4,-0.007348120899307632,-0.015027901512388706,0.007252155846817004,3,False,0.007348120899307632
PEBBLES_L,MICROCHIP_CIRCLE,4,-0.007345160405563233,-0.015404823102065337,0.005577236197370823,3,False,0.007345160405563233
GALAXY_SOUNDS_BLACK_HOLES,ROBOT_MOPPING,5,0.007341139349870614,0.00036287420283752115,0.01684350822871823,3,True,0.007341139349870614
UV_VISOR_YELLOW,PEBBLES_XS,5,-0.007329376269332058,-0.020159151726577017,-0.0006393010508796072,3,True,0.007329376269332058
PANEL_4X4,MICROCHIP_OVAL,1,-0.0073189850439128665,-0.009424600885127966,-0.0055817069145416825,3,True,0.0073189850439128665
SLEEP_POD_LAMB_WOOL,SLEEP_POD_SUEDE,1,0.007317118180077718,0.006147106806149588,0.009583859672945637,3,True,0.007317118180077718
GALAXY_SOUNDS_SOLAR_WINDS,GALAXY_SOUNDS_SOLAR_FLAMES,1,0.007310059714316918,0.000990328111001873,0.016089447435221574,3,True,0.007310059714316918
MICROCHIP_TRIANGLE,TRANSLATOR_GRAPHITE_MIST,2,-0.007305738655142301,-0.014974910394834132,0.0068870548170347524,3,False,0.007305738655142301
GALAXY_SOUNDS_DARK_MATTER,MICROCHIP_OVAL,1,-0.007302460847874957,-0.012533024760925096,0.002856106967035952,3,False,0.007302460847874957
OXYGEN_SHAKE_CHOCOLATE,PEBBLES_S,2,-0.007290844767442743,-0.016697851306149793,-0.00016874965742935493,3,True,0.007290844767442743
TRANSLATOR_GRAPHITE_MIST,OXYGEN_SHAKE_GARLIC,4,0.0072839399380819625,-0.007727951191874778,0.01653830381824578,3,False,0.0072839399380819625
OXYGEN_SHAKE_GARLIC,GALAXY_SOUNDS_SOLAR_FLAMES,5,0.007282586354541304,-0.01030667964846778,0.017391288734248247,3,False,0.007282586354541304
SNACKPACK_CHOCOLATE,GALAXY_SOUNDS_DARK_MATTER,4,-0.007282408738600386,-0.0320993460629075,0.015100780626155072,3,False,0.007282408738600386
OXYGEN_SHAKE_CHOCOLATE,TRANSLATOR_SPACE_GRAY,5,-0.007275957623669804,-0.02182123359644358,0.0079954650446344,3,False,0.007275957623669804
GALAXY_SOUNDS_BLACK_HOLES,PANEL_1X4,1,-0.007260444299133212,-0.01470813882396814,0.0025929544735672134,3,False,0.007260444299133212
OXYGEN_SHAKE_MORNING_BREATH,PANEL_4X4,5,-0.007255724976232926,-0.02002035877984223,0.0032320125302397374,3,False,0.007255724976232926
MICROCHIP_RECTANGLE,SLEEP_POD_COTTON,2,-0.00725241377609205,-0.01726501036749365,0.0020028284553129045,3,False,0.00725241377609205
MICROCHIP_SQUARE,SNACKPACK_VANILLA,4,0.00724916475754369,0.0013160171760686335,0.015263161115302617,3,True,0.00724916475754369
ROBOT_MOPPING,OXYGEN_SHAKE_MORNING_BREATH,4,-0.007247733224733274,-0.016458636974517684,0.0013889257000083506,3,False,0.007247733224733274
PEBBLES_L,PEBBLES_XS,3,-0.007238385449725058,-0.016806908259318337,0.005836610193889033,3,False,0.007238385449725058
SLEEP_POD_SUEDE,TRANSLATOR_SPACE_GRAY,1,0.007238268945081409,-0.009301767799189918,0.017285764822026158,3,False,0.007238268945081409
ROBOT_VACUUMING,TRANSLATOR_ECLIPSE_CHARCOAL,2,0.00723468728505938,-0.0006583777860101347,0.021451238262251617,3,False,0.00723468728505938
ROBOT_MOPPING,SNACKPACK_CHOCOLATE,5,0.007234605319344449,-0.012283214389298464,0.01904979952755153,3,False,0.007234605319344449
ROBOT_DISHES,OXYGEN_SHAKE_MORNING_BREATH,3,0.007227599734575019,0.004839671008875748,0.010651098577371529,3,True,0.007227599734575019
ROBOT_IRONING,TRANSLATOR_GRAPHITE_MIST,5,-0.007224948959354854,-0.019289348765964578,0.0012283952785695237,3,False,0.007224948959354854
PANEL_1X2,MICROCHIP_TRIANGLE,2,-0.007224729022048626,-0.013748562450875253,-0.00019166970412464308,3,True,0.007224729022048626
SNACKPACK_VANILLA,SLEEP_POD_SUEDE,1,0.007222958733715218,-0.00037403034170803044,0.01782255146245337,3,False,0.007222958733715218
MICROCHIP_RECTANGLE,SNACKPACK_CHOCOLATE,3,0.007217235017175051,-0.006610055328254925,0.022618231369698164,3,False,0.007217235017175051
ROBOT_VACUUMING,SNACKPACK_PISTACHIO,5,-0.007216425634601333,-0.02018414925055291,0.015093414377366927,3,False,0.007216425634601333
PEBBLES_S,ROBOT_LAUNDRY,4,0.007214060110262829,-0.0037803893728313768,0.023299122881803885,3,False,0.007214060110262829
SLEEP_POD_COTTON,TRANSLATOR_VOID_BLUE,5,-0.007212992095451661,-0.014295526274849658,0.0018926612067368036,3,False,0.007212992095451661
SNACKPACK_CHOCOLATE,ROBOT_MOPPING,1,-0.007210852184252467,-0.019636101507329345,-0.0001826666450667332,3,True,0.007210852184252467
PANEL_1X4,PEBBLES_XS,2,0.007210838039371926,-8.518092522084888e-06,0.018260691564509053,3,False,0.007210838039371926
SLEEP_POD_NYLON,SNACKPACK_STRAWBERRY,3,0.007210091927797461,-0.007382798700724537,0.0289820109813943,3,False,0.007210091927797461
OXYGEN_SHAKE_MORNING_BREATH,PANEL_2X4,3,-0.007209346396927287,-0.022905051811002344,0.0020543634561083417,3,False,0.007209346396927287
MICROCHIP_CIRCLE,UV_VISOR_MAGENTA,2,0.007207089309608235,0.006343470811817545,0.008004726238634501,3,True,0.007207089309608235
SNACKPACK_RASPBERRY,TRANSLATOR_SPACE_GRAY,1,-0.007203697954488202,-0.01007720808504222,-0.0055854906170651935,3,True,0.007203697954488202
TRANSLATOR_SPACE_GRAY,MICROCHIP_SQUARE,2,0.007201735188931239,0.0032760892884880865,0.010174033801340843,3,True,0.007201735188931239
TRANSLATOR_VOID_BLUE,ROBOT_DISHES,4,-0.007195049480412405,-0.017272078786179264,0.003457849932884392,3,False,0.007195049480412405
SLEEP_POD_COTTON,MICROCHIP_CIRCLE,3,0.007191687988297709,-0.0031505069217728425,0.015917003678933807,3,False,0.007191687988297709
SLEEP_POD_NYLON,PEBBLES_XS,3,0.007189832381517134,-0.007707843529592558,0.01710681974000634,3,False,0.007189832381517134
ROBOT_IRONING,PANEL_4X4,3,0.007188107795202188,0.0052856369325911924,0.009272273843160888,3,True,0.007188107795202188
PEBBLES_S,GALAXY_SOUNDS_PLANETARY_RINGS,5,0.007184816356784915,-0.003717042505685858,0.021213391979413236,3,False,0.007184816356784915
GALAXY_SOUNDS_DARK_MATTER,OXYGEN_SHAKE_CHOCOLATE,4,-0.007183258871392733,-0.010263984927766898,-0.005296205193484876,3,True,0.007183258871392733
MICROCHIP_SQUARE,SLEEP_POD_COTTON,5,-0.007173276082813423,-0.010219992106686499,-0.004626834672206731,3,True,0.007173276082813423
MICROCHIP_RECTANGLE,SNACKPACK_STRAWBERRY,5,0.007172635365343512,0.0037967652819280557,0.009846613150954538,3,True,0.007172635365343512
TRANSLATOR_ECLIPSE_CHARCOAL,PANEL_2X2,4,-0.007165170163624615,-0.010742320491538502,-0.0010538287527127872,3,True,0.007165170163624615
PEBBLES_M,SLEEP_POD_LAMB_WOOL,4,0.007163143744024765,-0.0033562647279608143,0.01658802290459281,3,False,0.007163143744024765
TRANSLATOR_GRAPHITE_MIST,PEBBLES_XS,2,0.007161812217357715,-0.004015412339857785,0.01936557862355502,3,False,0.007161812217357715
ROBOT_VACUUMING,PEBBLES_L,4,-0.007158592746400822,-0.009814741156213613,-0.003231816775957971,3,True,0.007158592746400822
GALAXY_SOUNDS_BLACK_HOLES,UV_VISOR_YELLOW,2,0.007154384502642506,-0.0002264082591578755,0.013577817946363717,3,False,0.007154384502642506
ROBOT_IRONING,UV_VISOR_RED,2,0.007140373774918299,0.001300168042191227,0.01078827462599007,3,True,0.007140373774918299
GALAXY_SOUNDS_DARK_MATTER,MICROCHIP_CIRCLE,1,0.007134819287334303,0.0024110473468313674,0.013654265047470825,3,True,0.007134819287334303
SNACKPACK_VANILLA,UV_VISOR_AMBER,1,-0.0071277421073937175,-0.01695786384363115,0.007596294806606581,3,False,0.0071277421073937175
SNACKPACK_STRAWBERRY,PANEL_2X2,2,-0.007119335275701706,-0.011624973277811326,-0.003142971768136825,3,True,0.007119335275701706
SNACKPACK_STRAWBERRY,ROBOT_IRONING,3,-0.007114836449352207,-0.01186428111877603,-0.0022367492460966653,3,True,0.007114836449352207
GALAXY_SOUNDS_BLACK_HOLES,MICROCHIP_RECTANGLE,5,0.007109208215042122,-0.007851499379347234,0.021612867686715016,3,False,0.007109208215042122
MICROCHIP_SQUARE,GALAXY_SOUNDS_PLANETARY_RINGS,5,-0.007107394806044452,-0.01256521465687968,-0.000983883478443368,3,True,0.007107394806044452
SNACKPACK_STRAWBERRY,MICROCHIP_RECTANGLE,1,0.007107007429285269,0.004231985894697154,0.00990970120524286,3,True,0.007107007429285269
ROBOT_LAUNDRY,MICROCHIP_SQUARE,2,0.007105867660652301,0.0031295040873439172,0.01417072413140272,3,True,0.007105867660652301
UV_VISOR_MAGENTA,GALAXY_SOUNDS_PLANETARY_RINGS,1,-0.007105010870086245,-0.019110718607576273,0.003668817696191076,3,False,0.007105010870086245
SLEEP_POD_LAMB_WOOL,PEBBLES_XL,1,-0.007095138596859198,-0.01080150909890784,-0.0028796811283759247,3,True,0.007095138596859198
PEBBLES_S,SLEEP_POD_LAMB_WOOL,2,-0.007094184655766078,-0.014867015568473835,-0.0007273892895794979,3,True,0.007094184655766078
TRANSLATOR_SPACE_GRAY,GALAXY_SOUNDS_PLANETARY_RINGS,2,0.007092666230498738,0.002919877869053862,0.010554306322893598,3,True,0.007092666230498738
OXYGEN_SHAKE_MINT,TRANSLATOR_ASTRO_BLACK,5,0.007088000149784448,0.003502458045960737,0.012922470951608275,3,True,0.007088000149784448
PEBBLES_S,SLEEP_POD_POLYESTER,5,-0.007086802502542989,-0.016018280462962553,0.00571530407965282,3,False,0.007086802502542989
ROBOT_LAUNDRY,GALAXY_SOUNDS_PLANETARY_RINGS,2,0.007083069895179155,-0.007747870541006037,0.02328923836400162,3,False,0.007083069895179155
SLEEP_POD_COTTON,ROBOT_IRONING,1,0.007076278262750003,-0.016802496411312956,0.026328038962063382,3,False,0.007076278262750003
SLEEP_POD_LAMB_WOOL,OXYGEN_SHAKE_MORNING_BREATH,1,-0.007074744500377959,-0.013275600931538052,0.0042665023477634414,3,False,0.007074744500377959
GALAXY_SOUNDS_SOLAR_WINDS,SNACKPACK_VANILLA,3,0.007069762344659868,0.0021974248697627908,0.010246942822052723,3,True,0.007069762344659868
SLEEP_POD_NYLON,OXYGEN_SHAKE_MORNING_BREATH,4,0.007051590523382234,0.0015277721649116446,0.014691392761965074,3,True,0.007051590523382234
UV_VISOR_AMBER,UV_VISOR_YELLOW,4,0.007050365507286688,0.004226839782162975,0.012440799153242576,3,True,0.007050365507286688
PANEL_4X4,ROBOT_VACUUMING,1,0.007044750106189542,1.760341792407826e-05,0.017398468325456256,3,True,0.007044750106189542
OXYGEN_SHAKE_MORNING_BREATH,ROBOT_VACUUMING,3,0.007044529969505313,-0.0020875350794667367,0.015340551682365458,3,False,0.007044529969505313
SNACKPACK_VANILLA,ROBOT_LAUNDRY,5,-0.007040799547489152,-0.015962612049498944,0.008152581406892477,3,False,0.007040799547489152
PEBBLES_L,MICROCHIP_RECTANGLE,5,-0.007036682326064775,-0.010399241772022578,-0.0011874003848121113,3,True,0.007036682326064775
SNACKPACK_RASPBERRY,TRANSLATOR_ASTRO_BLACK,3,-0.0070362592709993345,-0.015340113019121037,0.00265093056451963,3,False,0.0070362592709993345
SLEEP_POD_SUEDE,GALAXY_SOUNDS_BLACK_HOLES,1,-0.007033736320489547,-0.010189507729315862,-0.004015472801551466,3,True,0.007033736320489547
ROBOT_IRONING,PANEL_2X4,5,0.007030391573729648,0.0022855619154511205,0.01581197964242184,3,True,0.007030391573729648
PANEL_1X4,TRANSLATOR_VOID_BLUE,5,-0.007029619499785671,-0.018003512684101698,0.009663433020218477,3,False,0.007029619499785671
SNACKPACK_RASPBERRY,SNACKPACK_STRAWBERRY,1,-0.0070292961447064916,-0.012999281686003637,-0.0008667726137197751,3,True,0.0070292961447064916
OXYGEN_SHAKE_EVENING_BREATH,OXYGEN_SHAKE_CHOCOLATE,4,0.007028222784337461,-1.552047383208941e-05,0.01657782128677736,3,False,0.007028222784337461
PANEL_4X4,GALAXY_SOUNDS_BLACK_HOLES,3,0.007026185035595488,0.0013489222812649007,0.011285817424995825,3,True,0.007026185035595488
PANEL_1X4,UV_VISOR_AMBER,5,-0.007023920128948716,-0.013666339759544954,0.004624268299878588,3,False,0.007023920128948716
SLEEP_POD_COTTON,UV_VISOR_AMBER,1,-0.007023115491146231,-0.02283255110816406,0.008470260505946766,3,False,0.007023115491146231
SNACKPACK_VANILLA,ROBOT_IRONING,5,0.007017391767252866,-0.000312866053676952,0.017948255441683842,3,False,0.007017391767252866
ROBOT_LAUNDRY,TRANSLATOR_SPACE_GRAY,3,0.007016961400240607,0.0033261111087658393,0.011129158173330237,3,True,0.007016961400240607
PANEL_1X2,MICROCHIP_CIRCLE,1,-0.007016383205007246,-0.013369444387775513,0.0006746658979560764,3,False,0.007016383205007246
PEBBLES_M,MICROCHIP_OVAL,1,-0.007014213862859493,-0.01374412415628538,-0.0016793421648301143,3,True,0.007014213862859493
UV_VISOR_YELLOW,TRANSLATOR_GRAPHITE_MIST,2,-0.007013338998915176,-0.009606227677824593,-0.002844635862299167,3,True,0.007013338998915176
MICROCHIP_OVAL,SNACKPACK_RASPBERRY,3,-0.007010384829883697,-0.012106316105392123,-0.0002484800070307738,3,True,0.007010384829883697
OXYGEN_SHAKE_MINT,UV_VISOR_RED,5,0.007009601303421987,0.002564470265341316,0.011543945306295843,3,True,0.007009601303421987
OXYGEN_SHAKE_EVENING_BREATH,ROBOT_IRONING,4,0.007008097952606739,-0.007628727204900578,0.024898800735640852,3,False,0.007008097952606739
PEBBLES_S,UV_VISOR_ORANGE,5,-0.0070050044571867585,-0.015172196572508298,0.008798598352539863,3,False,0.0070050044571867585
MICROCHIP_SQUARE,OXYGEN_SHAKE_MORNING_BREATH,3,-0.006996582792986366,-0.010512243461641403,-0.003759451788591735,3,True,0.006996582792986366
SLEEP_POD_SUEDE,PANEL_1X2,1,-0.006994828595731574,-0.016209932978293227,-0.0016105427421196695,3,True,0.006994828595731574
UV_VISOR_YELLOW,UV_VISOR_RED,2,0.006990560630721125,-0.0034638261752400526,0.01744733890060353,3,False,0.006990560630721125
UV_VISOR_YELLOW,UV_VISOR_AMBER,5,-0.006984282307989119,-0.023486726867201237,0.01244610333997243,3,False,0.006984282307989119
SNACKPACK_PISTACHIO,TRANSLATOR_SPACE_GRAY,3,-0.006983541584684627,-0.010112090580543206,-0.0012188396184456673,3,True,0.006983541584684627
GALAXY_SOUNDS_DARK_MATTER,OXYGEN_SHAKE_EVENING_BREATH,2,-0.0069780786910759425,-0.017902802146310296,-0.0012768578926895733,3,True,0.0069780786910759425
TRANSLATOR_VOID_BLUE,MICROCHIP_CIRCLE,1,0.006977086642322811,-0.0036386176182140267,0.014862764615671336,3,False,0.006977086642322811
ROBOT_VACUUMING,SNACKPACK_CHOCOLATE,2,0.006976465868682678,-0.00835599828910038,0.016076801340513217,3,False,0.006976465868682678
SLEEP_POD_POLYESTER,MICROCHIP_SQUARE,2,-0.006970265121662357,-0.011980894727270234,0.0021038896127900603,3,False,0.006970265121662357
OXYGEN_SHAKE_CHOCOLATE,PANEL_4X4,2,-0.006968875275641652,-0.01235698693970002,-0.002541534516728185,3,True,0.006968875275641652
MICROCHIP_CIRCLE,SLEEP_POD_LAMB_WOOL,5,-0.00696141726279291,-0.009069606927828829,-0.005848701912561044,3,True,0.00696141726279291
PANEL_1X4,UV_VISOR_ORANGE,1,0.006953655476134091,0.0031008120778298867,0.01081376168432279,3,True,0.006953655476134091
PANEL_4X4,ROBOT_IRONING,2,0.006951297067629041,-0.011206599841463261,0.021781517266580536,3,False,0.006951297067629041
SLEEP_POD_SUEDE,TRANSLATOR_ASTRO_BLACK,1,-0.006947304459933699,-0.014172508095523607,-0.001906125643939318,3,True,0.006947304459933699
PANEL_1X4,TRANSLATOR_ECLIPSE_CHARCOAL,4,0.006947164234083991,-0.008624399608701679,0.019568587990605346,3,False,0.006947164234083991
GALAXY_SOUNDS_BLACK_HOLES,SLEEP_POD_POLYESTER,2,0.006946820370422203,-0.0006791424153060611,0.011610794317176428,3,False,0.006946820370422203
PANEL_2X2,MICROCHIP_OVAL,2,0.006944994603446762,-0.0017820203035239434,0.02033607381060905,3,False,0.006944994603446762
GALAXY_SOUNDS_PLANETARY_RINGS,GALAXY_SOUNDS_BLACK_HOLES,3,0.006935440714683391,0.004156025606810732,0.009942360341672774,3,True,0.006935440714683391
ROBOT_IRONING,GALAXY_SOUNDS_BLACK_HOLES,5,-0.006934875934129631,-0.016177185957281744,0.0023440632918587155,3,False,0.006934875934129631
PEBBLES_L,SLEEP_POD_COTTON,5,0.006930472257181841,0.005446935999418745,0.009208559327932797,3,True,0.006930472257181841
GALAXY_SOUNDS_PLANETARY_RINGS,SLEEP_POD_SUEDE,3,-0.006926320522705654,-0.014522752663033751,0.005315440125344713,3,False,0.006926320522705654
TRANSLATOR_ASTRO_BLACK,PEBBLES_S,2,-0.0069253384823545735,-0.0181091767262238,0.00378420003764607,3,False,0.0069253384823545735
PANEL_2X2,OXYGEN_SHAKE_EVENING_BREATH,2,-0.006920043327438711,-0.011468497401901902,-0.004503008432826022,3,True,0.006920043327438711
PEBBLES_XS,OXYGEN_SHAKE_EVENING_BREATH,2,0.006917291662441064,0.003315631744018285,0.011466019468754788,3,True,0.006917291662441064
PANEL_2X4,SNACKPACK_CHOCOLATE,1,-0.006913646737626754,-0.013546433328477114,0.00011271033594442202,3,False,0.006913646737626754
UV_VISOR_MAGENTA,UV_VISOR_RED,3,-0.0069119407123393985,-0.01674867127834338,-0.0007565461823957665,3,True,0.0069119407123393985
PANEL_2X4,GALAXY_SOUNDS_PLANETARY_RINGS,5,-0.006909644336018266,-0.017648417515575353,0.004796556327945181,3,False,0.006909644336018266
SLEEP_POD_POLYESTER,ROBOT_VACUUMING,2,0.006908149367770845,0.0028716034978962207,0.010586056770316685,3,True,0.006908149367770845
PEBBLES_S,UV_VISOR_AMBER,5,-0.006902887765929028,-0.011817282681612216,-0.0034094245441544536,3,True,0.006902887765929028
SLEEP_POD_POLYESTER,UV_VISOR_RED,5,-0.006902836562370364,-0.016493368212161144,0.004256784484623061,3,False,0.006902836562370364
TRANSLATOR_ASTRO_BLACK,UV_VISOR_YELLOW,5,0.006900007400577307,-0.003702734556303656,0.02100908810378977,3,False,0.006900007400577307
SLEEP_POD_POLYESTER,ROBOT_LAUNDRY,5,-0.006898759616617479,-0.013088214695603121,0.002595290538578617,3,False,0.006898759616617479
SNACKPACK_PISTACHIO,UV_VISOR_YELLOW,3,0.006897345321199272,-0.01224329960998886,0.026224754133691,3,False,0.006897345321199272
UV_VISOR_MAGENTA,PANEL_1X4,5,-0.006892106723568576,-0.0123849306208364,0.001781002509348453,3,False,0.006892106723568576
OXYGEN_SHAKE_CHOCOLATE,GALAXY_SOUNDS_BLACK_HOLES,3,0.006890498236724514,-0.0021996491856249144,0.017134848075152136,3,False,0.006890498236724514
GALAXY_SOUNDS_SOLAR_WINDS,UV_VISOR_ORANGE,4,0.006889779472494195,-0.0050202853886012425,0.014919995379293359,3,False,0.006889779472494195
MICROCHIP_RECTANGLE,OXYGEN_SHAKE_MORNING_BREATH,4,-0.006877728111155117,-0.024037918588476582,0.003147320054783017,3,False,0.006877728111155117
TRANSLATOR_ECLIPSE_CHARCOAL,SLEEP_POD_POLYESTER,2,-0.006874877809591288,-0.012021004709567767,-0.004277042272616843,3,True,0.006874877809591288
ROBOT_VACUUMING,GALAXY_SOUNDS_DARK_MATTER,1,-0.006869008688818983,-0.015286541273482656,-0.0004187241416728275,3,True,0.006869008688818983
SLEEP_POD_COTTON,TRANSLATOR_ECLIPSE_CHARCOAL,4,-0.006864432507866351,-0.015052162921240637,0.0004560694685957555,3,False,0.006864432507866351
SLEEP_POD_COTTON,SNACKPACK_CHOCOLATE,2,-0.006863953608628751,-0.01986014281722456,0.002918629549678564,3,False,0.006863953608628751
UV_VISOR_AMBER,ROBOT_DISHES,1,-0.006862023316262592,-0.010607601923093178,-0.003014822052801227,3,True,0.006862023316262592
TRANSLATOR_VOID_BLUE,UV_VISOR_AMBER,4,-0.006858619307281301,-0.01665263017799775,0.009188001298734734,3,False,0.006858619307281301
OXYGEN_SHAKE_GARLIC,OXYGEN_SHAKE_MINT,3,-0.006857936714576073,-0.018438338304941446,-0.0005782684619439949,3,True,0.006857936714576073
OXYGEN_SHAKE_GARLIC,PEBBLES_L,4,0.006847864540981949,0.003289885332482548,0.011374944976230086,3,True,0.006847864540981949
MICROCHIP_CIRCLE,OXYGEN_SHAKE_CHOCOLATE,5,0.006847245515829836,0.003228312337363879,0.010208050636152202,3,True,0.006847245515829836
MICROCHIP_TRIANGLE,PEBBLES_L,5,-0.00684040248344529,-0.014564793794579476,0.0033838792369026683,3,False,0.00684040248344529
GALAXY_SOUNDS_SOLAR_FLAMES,SLEEP_POD_LAMB_WOOL,1,-0.006835336060610525,-0.014074353898499483,-0.00221033073145418,3,True,0.006835336060610525
TRANSLATOR_VOID_BLUE,PANEL_1X4,4,0.006834501387740437,-0.008698377927450745,0.01594539614323356,3,False,0.006834501387740437
PANEL_1X2,SLEEP_POD_LAMB_WOOL,2,-0.006825950936372599,-0.01693509986396781,0.004651489941064754,3,False,0.006825950936372599
UV_VISOR_YELLOW,SLEEP_POD_LAMB_WOOL,3,0.006823208375008052,0.0009611712676125524,0.012621771065910684,3,True,0.006823208375008052
UV_VISOR_YELLOW,ROBOT_LAUNDRY,4,-0.006819424822607584,-0.018868043823315462,0.0028618432076049356,3,False,0.006819424822607584
ROBOT_VACUUMING,MICROCHIP_CIRCLE,1,0.006816853971376078,0.0005736042301986364,0.015182511038453295,3,True,0.006816853971376078
SNACKPACK_STRAWBERRY,OXYGEN_SHAKE_GARLIC,3,0.006813135740954671,-0.009206985248265733,0.02833943298474867,3,False,0.006813135740954671
ROBOT_DISHES,UV_VISOR_ORANGE,2,-0.0068121739354911545,-0.0099509955620039,-0.000921719165542904,3,True,0.0068121739354911545
PEBBLES_XS,UV_VISOR_MAGENTA,5,-0.006805005638557813,-0.015451432743897832,0.0018776157155527687,3,False,0.006805005638557813
ROBOT_DISHES,PANEL_1X4,3,0.006803202912660484,-0.004058249589469802,0.021435497053579236,3,False,0.006803202912660484
ROBOT_DISHES,PANEL_4X4,2,-0.0068028880268171865,-0.016929977615521268,0.00313590944762106,3,False,0.0068028880268171865
SLEEP_POD_POLYESTER,GALAXY_SOUNDS_DARK_MATTER,3,0.006802314720067807,0.002767109329614633,0.012265311223983812,3,True,0.006802314720067807
PEBBLES_L,OXYGEN_SHAKE_EVENING_BREATH,5,0.006800711390756275,0.0002766264459977528,0.010844798919499722,3,True,0.006800711390756275
UV_VISOR_RED,PANEL_1X4,3,-0.006800509360734411,-0.01745119748615393,0.005466755973166995,3,False,0.006800509360734411
SNACKPACK_CHOCOLATE,GALAXY_SOUNDS_BLACK_HOLES,1,-0.0068001453817229,-0.01420731258388703,0.00021337781156768263,3,False,0.0068001453817229
ROBOT_VACUUMING,UV_VISOR_YELLOW,4,-0.006798302996216601,-0.009337851985182244,-0.0017886085400629402,3,True,0.006798302996216601
TRANSLATOR_VOID_BLUE,PEBBLES_XS,5,-0.006797782754127177,-0.014356265575788498,0.007947383287259736,3,False,0.006797782754127177
PANEL_2X2,OXYGEN_SHAKE_MINT,2,-0.006796902939610022,-0.01715118723128003,0.008770249544604359,3,False,0.006796902939610022
SLEEP_POD_POLYESTER,ROBOT_MOPPING,1,-0.006795516055125608,-0.02745382691205701,0.005762553751513482,3,False,0.006795516055125608
ROBOT_DISHES,TRANSLATOR_GRAPHITE_MIST,4,0.006793525913394653,-0.003487127946006714,0.023875620715922093,3,False,0.006793525913394653
TRANSLATOR_ASTRO_BLACK,GALAXY_SOUNDS_DARK_MATTER,4,-0.0067875329530670036,-0.01683692959408355,0.003587516095008816,3,False,0.0067875329530670036
SNACKPACK_STRAWBERRY,UV_VISOR_ORANGE,1,-0.006777418424095078,-0.012228634135922341,-0.004018486254215162,3,True,0.006777418424095078
OXYGEN_SHAKE_EVENING_BREATH,GALAXY_SOUNDS_BLACK_HOLES,1,-0.006775383394240347,-0.018226857183657137,0.0009324557212960682,3,False,0.006775383394240347
SNACKPACK_PISTACHIO,GALAXY_SOUNDS_DARK_MATTER,4,-0.006771767941910947,-0.013956025772048944,0.0008603070677507199,3,False,0.006771767941910947
GALAXY_SOUNDS_BLACK_HOLES,SNACKPACK_RASPBERRY,5,0.006765613461644171,0.003389961171458015,0.011329695818897678,3,True,0.006765613461644171
MICROCHIP_RECTANGLE,SLEEP_POD_NYLON,5,-0.0067624613360861285,-0.01238539986238207,-0.0014587691139803297,3,True,0.0067624613360861285
MICROCHIP_TRIANGLE,ROBOT_VACUUMING,3,-0.006745003976862079,-0.015307968590880372,0.008806326273047843,3,False,0.006745003976862079
ROBOT_LAUNDRY,OXYGEN_SHAKE_MORNING_BREATH,2,-0.006741726300587561,-0.022241459659355884,0.0030917265527036146,3,False,0.006741726300587561
OXYGEN_SHAKE_MORNING_BREATH,OXYGEN_SHAKE_MINT,1,-0.006741569079251703,-0.01723706720697246,0.010758951295313948,3,False,0.006741569079251703
MICROCHIP_OVAL,OXYGEN_SHAKE_EVENING_BREATH,4,-0.006737940086180284,-0.009625857162580477,-0.004103967607131131,3,True,0.006737940086180284
ROBOT_IRONING,GALAXY_SOUNDS_PLANETARY_RINGS,2,-0.006737372919864752,-0.01711261026083486,-0.0005656758541187196,3,True,0.006737372919864752
PANEL_1X2,TRANSLATOR_ECLIPSE_CHARCOAL,2,0.006732928591870957,-0.016921040028159248,0.02268162720443926,3,False,0.006732928591870957
GALAXY_SOUNDS_SOLAR_FLAMES,SNACKPACK_STRAWBERRY,4,0.006729684602473422,0.0018441593794857403,0.01544341757116197,3,True,0.006729684602473422
PEBBLES_XL,TRANSLATOR_VOID_BLUE,1,0.006725485112502416,-0.0010205172658707946,0.01939978973093653,3,False,0.006725485112502416
PEBBLES_XL,PEBBLES_S,1,-0.006721990728650938,-0.01097872082928274,-0.002418295554660723,3,True,0.006721990728650938
SLEEP_POD_NYLON,TRANSLATOR_VOID_BLUE,1,0.006710195769348681,-0.0003225839528655135,0.01696332055360947,3,False,0.006710195769348681
UV_VISOR_RED,PEBBLES_M,1,0.006708127412863305,0.0025454354066166657,0.011278313849049038,3,True,0.006708127412863305
ROBOT_DISHES,TRANSLATOR_VOID_BLUE,5,-0.006691502945399337,-0.021934309623706075,0.008591967534068422,3,False,0.006691502945399337
SLEEP_POD_LAMB_WOOL,OXYGEN_SHAKE_EVENING_BREATH,1,-0.006688392692613944,-0.019250611888111453,0.0027096677518949957,3,False,0.006688392692613944
SLEEP_POD_NYLON,SNACKPACK_CHOCOLATE,3,-0.006681893665869429,-0.016596046129140694,0.005209727256997444,3,False,0.006681893665869429
PEBBLES_XS,PEBBLES_L,2,0.006674797929390491,-0.006623092118054155,0.014345054293487577,3,False,0.006674797929390491
SLEEP_POD_NYLON,MICROCHIP_SQUARE,3,-0.006672296714105612,-0.017923909218294776,0.00811292921746335,3,False,0.006672296714105612
GALAXY_SOUNDS_BLACK_HOLES,ROBOT_LAUNDRY,4,-0.006665189666683162,-0.011450776869413013,-0.001283680452743405,3,True,0.006665189666683162
PEBBLES_XL,PANEL_4X4,5,0.006661908041772565,0.00037300440932382963,0.00998839375352631,3,True,0.006661908041772565
GALAXY_SOUNDS_SOLAR_WINDS,ROBOT_LAUNDRY,5,-0.006660250369520022,-0.023805539840863452,0.003588178352697053,3,False,0.006660250369520022
OXYGEN_SHAKE_EVENING_BREATH,PANEL_4X4,4,-0.006660198958280423,-0.015322454637624381,0.0008042945139021898,3,False,0.006660198958280423
SNACKPACK_PISTACHIO,PANEL_2X2,2,-0.006658945248741538,-0.010703402715900114,0.0007094512788191483,3,False,0.006658945248741538
SNACKPACK_VANILLA,PEBBLES_S,5,0.006654791977777283,-0.0006971564888624853,0.010664714614423802,3,False,0.006654791977777283
OXYGEN_SHAKE_CHOCOLATE,SLEEP_POD_NYLON,3,-0.00665272977335853,-0.020179638333108225,0.004596276006804418,3,False,0.00665272977335853
PANEL_2X2,PEBBLES_S,2,0.006644229192368681,0.002601335322841211,0.009853309380998548,3,True,0.006644229192368681
ROBOT_LAUNDRY,PANEL_1X4,2,-0.006643768320142377,-0.019505876646451998,0.010562768006057306,3,False,0.006643768320142377
PANEL_2X2,ROBOT_LAUNDRY,3,0.006643336092906192,-0.0006229915093301242,0.012379942391167261,3,False,0.006643336092906192
GALAXY_SOUNDS_SOLAR_WINDS,PEBBLES_L,1,0.006640854711023686,-0.0012785475396133773,0.019267112958145295,3,False,0.006640854711023686
OXYGEN_SHAKE_EVENING_BREATH,PANEL_2X2,2,-0.006640804716867856,-0.012353614900246277,-0.0015166761050514571,3,True,0.006640804716867856
MICROCHIP_RECTANGLE,PEBBLES_M,4,-0.00663550921387946,-0.024108770416016195,0.0033154475775323635,3,False,0.00663550921387946
UV_VISOR_ORANGE,TRANSLATOR_SPACE_GRAY,5,0.006635498241281623,0.0005719586662644287,0.013183051410442435,3,True,0.006635498241281623
GALAXY_SOUNDS_DARK_MATTER,TRANSLATOR_SPACE_GRAY,5,0.006633136305118435,-0.0019807837560840325,0.02096346569664796,3,False,0.006633136305118435
OXYGEN_SHAKE_EVENING_BREATH,TRANSLATOR_GRAPHITE_MIST,5,0.006628370073526203,-0.0006794958765455133,0.014361660654844174,3,False,0.006628370073526203
TRANSLATOR_ASTRO_BLACK,TRANSLATOR_GRAPHITE_MIST,2,0.0066213899260254006,-0.00038748553422025806,0.010257923054512143,3,False,0.0066213899260254006
TRANSLATOR_GRAPHITE_MIST,SLEEP_POD_LAMB_WOOL,1,0.006603437071070543,-0.009286997435203018,0.021439243195231994,3,False,0.006603437071070543
SNACKPACK_CHOCOLATE,OXYGEN_SHAKE_MORNING_BREATH,4,-0.006597866345106176,-0.016845203330091058,0.0038635224020042765,3,False,0.006597866345106176
OXYGEN_SHAKE_EVENING_BREATH,OXYGEN_SHAKE_MINT,2,0.006596918462830856,-0.0028927750324103433,0.02203972033385271,3,False,0.006596918462830856
SLEEP_POD_LAMB_WOOL,MICROCHIP_CIRCLE,2,-0.006595790758716226,-0.017740323899369005,0.005299161663432947,3,False,0.006595790758716226
PEBBLES_XL,MICROCHIP_CIRCLE,2,-0.0065946386742509015,-0.012855327970981765,0.0005491933313011056,3,False,0.0065946386742509015
PEBBLES_XS,MICROCHIP_SQUARE,4,0.006589329264402868,-0.0035682505723170677,0.022153900073037372,3,False,0.006589329264402868
UV_VISOR_MAGENTA,SLEEP_POD_COTTON,4,0.006584230619347362,-0.00535822013523745,0.018246365022273107,3,False,0.006584230619347362
SNACKPACK_PISTACHIO,SLEEP_POD_NYLON,1,-0.00657238675255986,-0.019765336021177773,0.0018285608113219514,3,False,0.00657238675255986
OXYGEN_SHAKE_MINT,SLEEP_POD_LAMB_WOOL,4,0.006571765894478415,-0.005701217372011028,0.0200030597975127,3,False,0.006571765894478415
OXYGEN_SHAKE_MINT,GALAXY_SOUNDS_PLANETARY_RINGS,3,-0.0065694701563728366,-0.018912854168153522,0.006470687444773693,3,False,0.0065694701563728366
OXYGEN_SHAKE_MINT,SNACKPACK_STRAWBERRY,2,0.006568564001037146,0.0008384171530266537,0.010118254653246787,3,True,0.006568564001037146
MICROCHIP_SQUARE,SLEEP_POD_LAMB_WOOL,3,0.006559263947890723,-0.007359031251062617,0.01696926222684836,3,False,0.006559263947890723
MICROCHIP_OVAL,OXYGEN_SHAKE_MORNING_BREATH,3,0.00655895698406389,-0.007033795680038394,0.020496799100240763,3,False,0.00655895698406389
GALAXY_SOUNDS_BLACK_HOLES,SNACKPACK_VANILLA,3,-0.006558163891956307,-0.01294501411417296,-0.0027521593320619674,3,True,0.006558163891956307
PEBBLES_M,SNACKPACK_STRAWBERRY,1,-0.006556988735797208,-0.009375824454345913,-0.002723900425264733,3,True,0.006556988735797208
ROBOT_VACUUMING,GALAXY_SOUNDS_PLANETARY_RINGS,1,-0.006551774986340073,-0.014025765199960754,-0.0008709883927188689,3,True,0.006551774986340073
PANEL_2X4,ROBOT_IRONING,2,-0.006551455881257877,-0.01793914814045236,0.005143562330779634,3,False,0.006551455881257877
UV_VISOR_MAGENTA,UV_VISOR_YELLOW,3,-0.006550791356892901,-0.00850638124298469,-0.004372721161315005,3,True,0.006550791356892901
UV_VISOR_RED,PEBBLES_XL,1,-0.0065424066679375045,-0.012683603316277136,-0.0010615971006327778,3,True,0.0065424066679375045
GALAXY_SOUNDS_SOLAR_WINDS,PEBBLES_XS,4,0.00654164116011297,-0.001827670151041102,0.013392056014273604,3,False,0.00654164116011297
ROBOT_MOPPING,TRANSLATOR_ECLIPSE_CHARCOAL,2,0.0065408808548381705,-0.0055138141843192765,0.01425627949155012,3,False,0.0065408808548381705
ROBOT_MOPPING,TRANSLATOR_SPACE_GRAY,2,-0.006540356071967643,-0.012428787427157324,-0.00012441798111578035,3,True,0.006540356071967643
PANEL_2X4,SLEEP_POD_POLYESTER,4,0.006536090074986072,-0.002040950388830598,0.01182912402522834,3,False,0.006536090074986072
GALAXY_SOUNDS_PLANETARY_RINGS,UV_VISOR_MAGENTA,5,-0.006535124735897645,-0.01174096995547924,-0.0015754891149106329,3,True,0.006535124735897645
SLEEP_POD_COTTON,PEBBLES_L,1,0.006534824820725624,-0.006367203792678705,0.02570183342660892,3,False,0.006534824820725624
SLEEP_POD_LAMB_WOOL,SLEEP_POD_POLYESTER,4,0.006532567286376069,-0.0030331918425616487,0.015233921696495054,3,False,0.006532567286376069
OXYGEN_SHAKE_MINT,PEBBLES_XS,1,-0.006530759272659535,-0.014388544681983138,-0.0019574105348377393,3,True,0.006530759272659535
SLEEP_POD_SUEDE,SNACKPACK_PISTACHIO,2,-0.006528844871952968,-0.011554429455878533,0.0012036177636533926,3,False,0.006528844871952968
MICROCHIP_TRIANGLE,PEBBLES_XS,1,-0.006528339248934211,-0.014025830757506462,0.0018236846326752463,3,False,0.006528339248934211
MICROCHIP_OVAL,GALAXY_SOUNDS_PLANETARY_RINGS,2,-0.006523016011950472,-0.01137743463812866,-0.003162605888942493,3,True,0.006523016011950472
OXYGEN_SHAKE_CHOCOLATE,OXYGEN_SHAKE_MINT,1,-0.006521258391117967,-0.012172827962813501,-0.003547899535577679,3,True,0.006521258391117967
PANEL_2X2,UV_VISOR_RED,2,-0.006519458954797362,-0.0167555949628672,0.0007900280246899436,3,False,0.006519458954797362
MICROCHIP_TRIANGLE,MICROCHIP_CIRCLE,3,-0.0065169172371495054,-0.013151015844996715,-0.003033415802469327,3,True,0.0065169172371495054
SNACKPACK_CHOCOLATE,MICROCHIP_CIRCLE,4,0.006508755393981192,-0.001181380367552274,0.016463537355899234,3,False,0.006508755393981192
GALAXY_SOUNDS_SOLAR_FLAMES,TRANSLATOR_ASTRO_BLACK,2,0.0064980149703856745,0.0013066382548300771,0.012599323337720908,3,True,0.0064980149703856745
TRANSLATOR_SPACE_GRAY,SNACKPACK_RASPBERRY,4,-0.00648906634229147,-0.01853936646417633,0.00020920872081540352,3,False,0.00648906634229147
SNACKPACK_CHOCOLATE,ROBOT_DISHES,1,-0.006486599793552587,-0.012102038475017734,0.0019125105276691944,3,False,0.006486599793552587
UV_VISOR_YELLOW,MICROCHIP_OVAL,5,0.006486213944474246,0.0039636277560239205,0.009154312219951125,3,True,0.006486213944474246
GALAXY_SOUNDS_DARK_MATTER,GALAXY_SOUNDS_SOLAR_FLAMES,4,0.006482342259555973,-0.004217165700081452,0.012409878713109102,3,False,0.006482342259555973
OXYGEN_SHAKE_GARLIC,ROBOT_IRONING,1,0.006479743654541593,-5.433960797377955e-05,0.010979312518825113,3,False,0.006479743654541593
OXYGEN_SHAKE_MINT,ROBOT_LAUNDRY,3,-0.006476406272993289,-0.01673974792415144,0.0025851121995584176,3,False,0.006476406272993289
TRANSLATOR_SPACE_GRAY,PEBBLES_L,5,0.0064735365557375335,0.0034801255333661973,0.011551894142074247,3,True,0.0064735365557375335
UV_VISOR_RED,TRANSLATOR_ECLIPSE_CHARCOAL,4,-0.0064729606755489525,-0.0224766288871635,0.005067981074013173,3,False,0.0064729606755489525
PANEL_1X4,SLEEP_POD_SUEDE,5,-0.006470168184605406,-0.01379923752871351,0.003948616895925535,3,False,0.006470168184605406
OXYGEN_SHAKE_CHOCOLATE,OXYGEN_SHAKE_GARLIC,3,0.006469736800870607,-0.00029512727463235083,0.017023433209830272,3,False,0.006469736800870607
UV_VISOR_AMBER,GALAXY_SOUNDS_SOLAR_WINDS,5,-0.006467698301327426,-0.02203736668639668,0.00682779230757788,3,False,0.006467698301327426
PEBBLES_L,SNACKPACK_RASPBERRY,3,-0.006467299902887677,-0.012870247315244027,0.0013142812954102304,3,False,0.006467299902887677
GALAXY_SOUNDS_BLACK_HOLES,UV_VISOR_AMBER,3,-0.006461777348431781,-0.01250602399489255,0.0012075098995894193,3,False,0.006461777348431781
SLEEP_POD_COTTON,PEBBLES_XL,2,0.006460537119267708,0.0035035489379495787,0.012032615417557405,3,True,0.006460537119267708
OXYGEN_SHAKE_EVENING_BREATH,GALAXY_SOUNDS_SOLAR_FLAMES,1,-0.00644843086559493,-0.008805309149007385,-0.0018635330885263738,3,True,0.00644843086559493
SLEEP_POD_NYLON,ROBOT_DISHES,4,0.0064444600841422955,-0.004256652300618561,0.02353052203907806,3,False,0.0064444600841422955
MICROCHIP_RECTANGLE,TRANSLATOR_ECLIPSE_CHARCOAL,1,0.006444093165922396,-0.0017174693480652538,0.015428157626208524,3,False,0.006444093165922396
GALAXY_SOUNDS_BLACK_HOLES,OXYGEN_SHAKE_MINT,4,-0.006439160420377563,-0.0173796551171741,0.012743999803050432,3,False,0.006439160420377563
MICROCHIP_TRIANGLE,PANEL_1X4,1,-0.006432293153655121,-0.018750107046885855,0.0014188329894262804,3,False,0.006432293153655121
SLEEP_POD_POLYESTER,OXYGEN_SHAKE_MINT,3,-0.006429676089924142,-0.013227186628414822,0.0030379819591852767,3,False,0.006429676089924142
SNACKPACK_CHOCOLATE,UV_VISOR_MAGENTA,2,0.00642468026101175,-0.0012864855732097828,0.01394675179735814,3,False,0.00642468026101175
UV_VISOR_RED,ROBOT_VACUUMING,1,0.006422817309271329,-0.0045803737299854085,0.01910583330674918,3,False,0.006422817309271329
OXYGEN_SHAKE_EVENING_BREATH,MICROCHIP_OVAL,3,-0.006421380687977371,-0.01950370352505418,0.00623005172286162,3,False,0.006421380687977371
SNACKPACK_CHOCOLATE,ROBOT_IRONING,5,-0.006418425475830075,-0.014887289035990289,0.002092233032337468,3,False,0.006418425475830075
UV_VISOR_RED,MICROCHIP_OVAL,3,0.006417206284825148,-0.004235790551101652,0.019962287862751057,3,False,0.006417206284825148
PANEL_1X2,SLEEP_POD_NYLON,2,-0.006411004082130082,-0.01438340476541063,0.0004818615736877739,3,False,0.006411004082130082
ROBOT_MOPPING,PEBBLES_XS,5,-0.006405727238313059,-0.014299208766271599,0.0008831962755099074,3,False,0.006405727238313059
ROBOT_DISHES,OXYGEN_SHAKE_CHOCOLATE,5,-0.006403327192279371,-0.02303326828711549,0.0029038925741338754,3,False,0.006403327192279371
TRANSLATOR_ASTRO_BLACK,SLEEP_POD_POLYESTER,3,-0.006403074515122428,-0.021325212681314307,0.0025734147590623065,3,False,0.006403074515122428
MICROCHIP_OVAL,SLEEP_POD_COTTON,5,-0.006401840677784106,-0.021273332543868508,0.014323774634583196,3,False,0.006401840677784106
SLEEP_POD_COTTON,TRANSLATOR_GRAPHITE_MIST,4,-0.006395638126946286,-0.01978424782835501,0.006584570895725484,3,False,0.006395638126946286
UV_VISOR_MAGENTA,ROBOT_VACUUMING,2,-0.006391507257522293,-0.02572181869462736,0.004535005297331283,3,False,0.006391507257522293
OXYGEN_SHAKE_MORNING_BREATH,UV_VISOR_ORANGE,4,-0.006390647650948559,-0.011850813423297442,-0.0010038988644561798,3,True,0.006390647650948559
SLEEP_POD_POLYESTER,UV_VISOR_ORANGE,2,-0.006386639754894373,-0.021754121381398,0.00666379917088835,3,False,0.006386639754894373
MICROCHIP_RECTANGLE,GALAXY_SOUNDS_BLACK_HOLES,1,0.00638586505321054,-0.0004961695226639361,0.012994570334508121,3,False,0.00638586505321054
OXYGEN_SHAKE_MORNING_BREATH,SLEEP_POD_COTTON,1,0.006373956308414678,-0.0033205593789996045,0.01623483634240939,3,False,0.006373956308414678
GALAXY_SOUNDS_BLACK_HOLES,TRANSLATOR_SPACE_GRAY,2,0.006372863858903414,-0.0026260390429400722,0.01660010755908246,3,False,0.006372863858903414
ROBOT_LAUNDRY,ROBOT_DISHES,2,0.006372330161983345,0.00041109113007902203,0.010345233925889211,3,True,0.006372330161983345
MICROCHIP_SQUARE,PANEL_4X4,1,-0.006369348009448971,-0.009698090425212936,-0.0015792861319070762,3,True,0.006369348009448971
GALAXY_SOUNDS_SOLAR_WINDS,PANEL_1X4,3,-0.006361959753457584,-0.010402238394809055,-0.0037823787611656664,3,True,0.006361959753457584
ROBOT_LAUNDRY,SNACKPACK_VANILLA,5,0.006361811665462606,0.001305277806739481,0.012563920902027001,3,True,0.006361811665462606
OXYGEN_SHAKE_GARLIC,PEBBLES_XL,2,0.0063612644337667406,-0.0020183834878961223,0.010887120629346247,3,False,0.0063612644337667406
UV_VISOR_AMBER,ROBOT_VACUUMING,2,0.006353399538422092,-0.007231131030235343,0.016822777000606234,3,False,0.006353399538422092
TRANSLATOR_GRAPHITE_MIST,SNACKPACK_RASPBERRY,5,-0.006353296623431212,-0.011277143978761445,-0.000933734821697938,3,True,0.006353296623431212
GALAXY_SOUNDS_BLACK_HOLES,SNACKPACK_CHOCOLATE,3,0.006349301009681237,0.0052934295800695025,0.007717785616984255,3,True,0.006349301009681237
PANEL_4X4,PEBBLES_L,4,-0.006334964391132372,-0.010852436356813816,0.0026080486955681616,3,False,0.006334964391132372
MICROCHIP_OVAL,PANEL_2X4,4,-0.006332976240811022,-0.011272490134788671,-0.0004483877269821165,3,True,0.006332976240811022
SLEEP_POD_SUEDE,MICROCHIP_TRIANGLE,3,0.006331916283253358,0.0006550145321826259,0.011315396104725461,3,True,0.006331916283253358
ROBOT_IRONING,PEBBLES_XL,2,-0.006324292211011172,-0.013903058000615047,0.005849930208154678,3,False,0.006324292211011172
ROBOT_LAUNDRY,MICROCHIP_RECTANGLE,5,-0.006316802518341506,-0.008483856203752483,-0.004381467267737268,3,True,0.006316802518341506
TRANSLATOR_ASTRO_BLACK,SNACKPACK_RASPBERRY,5,-0.006309973550549811,-0.020675771108718717,0.0024694215202127885,3,False,0.006309973550549811
ROBOT_DISHES,ROBOT_IRONING,5,0.006308619127201583,-0.010443178904898279,0.01590151461009593,3,False,0.006308619127201583
OXYGEN_SHAKE_GARLIC,SLEEP_POD_SUEDE,5,0.006307660128407114,0.0019120228586422703,0.008702114789386487,3,True,0.006307660128407114
ROBOT_MOPPING,MICROCHIP_RECTANGLE,5,0.006307459700192426,-0.00811935355820504,0.01787569166750356,3,False,0.006307459700192426
MICROCHIP_OVAL,SNACKPACK_VANILLA,2,0.006306766769282441,8.118806197845874e-05,0.015468552169131202,3,True,0.006306766769282441
PANEL_1X2,TRANSLATOR_GRAPHITE_MIST,5,-0.006298210770664237,-0.012898358194182722,0.004209613809520529,3,False,0.006298210770664237
OXYGEN_SHAKE_MORNING_BREATH,MICROCHIP_TRIANGLE,1,-0.006297638639161165,-0.009284923442640555,-0.00110619838595135,3,True,0.006297638639161165
SLEEP_POD_NYLON,SNACKPACK_VANILLA,1,-0.006293172932177283,-0.02811322548529399,0.022592102975647357,3,False,0.006293172932177283
OXYGEN_SHAKE_MORNING_BREATH,SLEEP_POD_SUEDE,5,0.006283862720057587,-0.0045729262220090645,0.018545136281168162,3,False,0.006283862720057587
SLEEP_POD_NYLON,OXYGEN_SHAKE_CHOCOLATE,1,-0.006282322214199984,-0.01602191798543009,0.005281305554775387,3,False,0.006282322214199984
PANEL_1X2,ROBOT_MOPPING,4,0.006276120182789014,-0.0005823573763766497,0.01567452149095451,3,False,0.006276120182789014
MICROCHIP_CIRCLE,SNACKPACK_VANILLA,2,-0.006274254461849339,-0.011774394428200635,0.001514640754227609,3,False,0.006274254461849339
PANEL_1X4,GALAXY_SOUNDS_PLANETARY_RINGS,1,-0.00627179028132212,-0.008972046022200733,-0.004098149706387827,3,True,0.00627179028132212
TRANSLATOR_SPACE_GRAY,UV_VISOR_RED,1,0.006271417174575227,-0.0025239620055242857,0.015866625621223943,3,False,0.006271417174575227
MICROCHIP_SQUARE,UV_VISOR_YELLOW,4,-0.006270261685340228,-0.020009574516963145,0.00441091183759045,3,False,0.006270261685340228
ROBOT_LAUNDRY,UV_VISOR_YELLOW,5,-0.006267528320734135,-0.02063477974998775,0.0030613087325572687,3,False,0.006267528320734135
MICROCHIP_OVAL,MICROCHIP_SQUARE,3,0.006265491088664993,-0.006454402116659472,0.01992127621397699,3,False,0.006265491088664993
UV_VISOR_RED,UV_VISOR_ORANGE,4,0.006254671929922626,-0.0018238701360745832,0.010827744183766192,3,False,0.006254671929922626
OXYGEN_SHAKE_GARLIC,GALAXY_SOUNDS_BLACK_HOLES,5,0.006252773682928131,0.00020595859185469772,0.010445899122683594,3,True,0.006252773682928131
MICROCHIP_TRIANGLE,MICROCHIP_RECTANGLE,1,-0.0062527657548036375,-0.010685121134174826,0.00032252543389242914,3,False,0.0062527657548036375
PANEL_4X4,PANEL_2X2,5,-0.0062410307539345,-0.01394951896485122,0.001567297954779747,3,False,0.0062410307539345
MICROCHIP_OVAL,UV_VISOR_ORANGE,5,-0.006234571871090004,-0.015666906211414474,0.0068701991882235474,3,False,0.006234571871090004
GALAXY_SOUNDS_SOLAR_FLAMES,UV_VISOR_AMBER,1,-0.006234548646039009,-0.01668868854342197,-0.00018888175148798673,3,True,0.006234548646039009
PANEL_4X4,TRANSLATOR_SPACE_GRAY,3,0.006234165695704989,-0.005133853175664328,0.01342033465249826,3,False,0.006234165695704989
PEBBLES_M,OXYGEN_SHAKE_MORNING_BREATH,1,-0.006228627894398882,-0.01640852421791396,0.010790993215363719,3,False,0.006228627894398882
OXYGEN_SHAKE_CHOCOLATE,GALAXY_SOUNDS_DARK_MATTER,3,-0.006223158744355428,-0.017117133959523217,0.007153638327985967,3,False,0.006223158744355428
PANEL_1X4,UV_VISOR_RED,1,-0.006220294149853413,-0.009528147790269535,-0.002870727596756296,3,True,0.006220294149853413
SNACKPACK_PISTACHIO,OXYGEN_SHAKE_GARLIC,5,0.006219996596313317,0.0016647652975801841,0.011788325224165806,3,True,0.006219996596313317
PEBBLES_M,OXYGEN_SHAKE_EVENING_BREATH,1,0.006219812978857924,-0.00023793606112793898,0.011398996436056288,3,False,0.006219812978857924
MICROCHIP_TRIANGLE,ROBOT_DISHES,2,0.006214072610612208,0.004102297662921577,0.00835540254659559,3,True,0.006214072610612208
ROBOT_VACUUMING,UV_VISOR_MAGENTA,2,-0.006212754005937682,-0.02507324872463032,0.0038789870534415953,3,False,0.006212754005937682
ROBOT_VACUUMING,SNACKPACK_STRAWBERRY,5,-0.006212314413978556,-0.01970293333990926,0.017578608477910294,3,False,0.006212314413978556
MICROCHIP_SQUARE,SLEEP_POD_SUEDE,2,0.00620988714318589,0.00399062191819027,0.009815871131442945,3,True,0.00620988714318589
PANEL_2X2,TRANSLATOR_GRAPHITE_MIST,4,-0.006208803172816049,-0.018053466011105686,0.006920726292001112,3,False,0.006208803172816049
TRANSLATOR_GRAPHITE_MIST,SLEEP_POD_POLYESTER,3,0.006207795695443069,0.0018328443172831133,0.012504171039111956,3,True,0.006207795695443069
UV_VISOR_ORANGE,PEBBLES_M,2,0.006207781070667065,-0.0011286391910774816,0.013930830917956185,3,False,0.006207781070667065
SLEEP_POD_COTTON,OXYGEN_SHAKE_CHOCOLATE,1,-0.006205412339132601,-0.009778868016756983,0.0008616278988067548,3,False,0.006205412339132601
ROBOT_DISHES,SNACKPACK_RASPBERRY,1,0.006200794837440365,0.0030197662014686964,0.010507387762410688,3,True,0.006200794837440365
PEBBLES_S,UV_VISOR_MAGENTA,1,0.006199621963212298,0.002951439801256882,0.009155442871543922,3,True,0.006199621963212298
PANEL_1X4,OXYGEN_SHAKE_EVENING_BREATH,4,0.006197411419877385,-0.01220317478302419,0.02547668402737001,3,False,0.006197411419877385
TRANSLATOR_ECLIPSE_CHARCOAL,PEBBLES_XL,2,-0.006191227394222975,-0.007428256852960999,-0.005553200047740494,3,True,0.006191227394222975
PEBBLES_XS,SLEEP_POD_POLYESTER,2,-0.006190659712336914,-0.01534291109316281,-0.00134099230738241,3,True,0.006190659712336914
PANEL_2X2,ROBOT_IRONING,5,0.0061890792198819565,-0.0008485269752171025,0.015420996422987599,3,False,0.0061890792198819565
UV_VISOR_ORANGE,SLEEP_POD_COTTON,2,0.00618627784058198,-0.0012795962819202,0.011269352005451498,3,False,0.00618627784058198
PEBBLES_XL,OXYGEN_SHAKE_MINT,5,0.006182736033233777,0.002949440591275321,0.009533847006969564,3,True,0.006182736033233777
UV_VISOR_YELLOW,UV_VISOR_ORANGE,5,-0.006178463701421916,-0.0075537246873360105,-0.0048648466689545445,3,True,0.006178463701421916
UV_VISOR_MAGENTA,GALAXY_SOUNDS_DARK_MATTER,3,-0.006175154441142657,-0.021897089120346457,0.007962574604842553,3,False,0.006175154441142657
PANEL_4X4,TRANSLATOR_VOID_BLUE,2,-0.006165661030988679,-0.020910414098558157,0.005517367760934234,3,False,0.006165661030988679
PEBBLES_L,TRANSLATOR_ECLIPSE_CHARCOAL,3,0.006165295750273449,0.000839561784392665,0.012519631794647608,3,True,0.006165295750273449
ROBOT_VACUUMING,PANEL_2X2,3,-0.006164029299677759,-0.015635276564089366,-0.001026159263458599,3,True,0.006164029299677759
SLEEP_POD_POLYESTER,PEBBLES_XS,2,-0.006162314820728754,-0.019660426416197644,0.002217508481397125,3,False,0.006162314820728754
MICROCHIP_TRIANGLE,MICROCHIP_OVAL,1,0.0061577664723226925,-0.009328548323984762,0.016788193284859844,3,False,0.0061577664723226925
UV_VISOR_YELLOW,GALAXY_SOUNDS_SOLAR_WINDS,2,-0.006151799633651616,-0.012761222000207547,-0.0010214181578414678,3,True,0.006151799633651616
SNACKPACK_PISTACHIO,SLEEP_POD_SUEDE,3,-0.006144988217438952,-0.01676872802282367,0.0018117109549479849,3,False,0.006144988217438952
SLEEP_POD_NYLON,SLEEP_POD_LAMB_WOOL,4,0.00613686369469504,-0.0052957583849953345,0.012006472206439307,3,False,0.00613686369469504
MICROCHIP_TRIANGLE,SLEEP_POD_POLYESTER,2,-0.006129513553285411,-0.023676662821941984,0.006155307330060657,3,False,0.006129513553285411
SLEEP_POD_SUEDE,ROBOT_IRONING,4,0.006126548603545286,0.0014918467191599913,0.012246222927993565,3,True,0.006126548603545286
GALAXY_SOUNDS_SOLAR_FLAMES,MICROCHIP_RECTANGLE,5,0.006124026253669497,-0.001401346676658836,0.012116648852968712,3,False,0.006124026253669497
SNACKPACK_VANILLA,ROBOT_VACUUMING,5,0.006115453494411255,0.000957171499713546,0.014244192163831213,3,True,0.006115453494411255
MICROCHIP_SQUARE,OXYGEN_SHAKE_EVENING_BREATH,3,0.0061042697794625985,-0.0009602266542479838,0.015661319253192196,3,False,0.0061042697794625985
PANEL_4X4,SNACKPACK_CHOCOLATE,2,0.006098350656202382,-0.0026397884372031063,0.021581486009427574,3,False,0.006098350656202382
ROBOT_MOPPING,PEBBLES_L,3,-0.006096331152336351,-0.016446188480732673,-0.0008142049698425591,3,True,0.006096331152336351
GALAXY_SOUNDS_PLANETARY_RINGS,SLEEP_POD_LAMB_WOOL,2,0.0060947569843306,-0.002293803468726367,0.017606479587987896,3,False,0.0060947569843306
SLEEP_POD_COTTON,PEBBLES_M,3,0.006093326950428287,0.0029604969199521843,0.012008738041042294,3,True,0.006093326950428287
SLEEP_POD_LAMB_WOOL,OXYGEN_SHAKE_MINT,5,-0.006078614566384741,-0.015025962207870933,0.000545046720214094,3,False,0.006078614566384741
PEBBLES_M,OXYGEN_SHAKE_MINT,2,-0.006058040710498157,-0.010594362396337598,-0.0019421637956323703,3,True,0.006058040710498157
PANEL_4X4,MICROCHIP_CIRCLE,4,-0.006053756491006583,-0.01102288673852486,-0.002216623095229212,3,True,0.006053756491006583
SNACKPACK_RASPBERRY,PANEL_2X2,1,-0.006049804856180587,-0.014663093047258043,-0.00014887534910033658,3,True,0.006049804856180587
OXYGEN_SHAKE_CHOCOLATE,PEBBLES_L,3,-0.006035302514848781,-0.017496658107046544,0.013413702342006473,3,False,0.006035302514848781
OXYGEN_SHAKE_EVENING_BREATH,SNACKPACK_RASPBERRY,5,0.006035206443699262,0.004928593625990689,0.007414650225794868,3,True,0.006035206443699262
MICROCHIP_OVAL,PEBBLES_L,3,-0.006027101353588234,-0.012664145713978364,0.0008478753792524921,3,False,0.006027101353588234
PANEL_4X4,PANEL_1X4,1,-0.006012122097047586,-0.011257432212111564,-0.001983538512515872,3,True,0.006012122097047586
SLEEP_POD_NYLON,UV_VISOR_MAGENTA,1,0.006001177010634271,0.0018497985804234042,0.010741391463946728,3,True,0.006001177010634271
TRANSLATOR_SPACE_GRAY,ROBOT_VACUUMING,1,-0.005999069157848427,-0.010836368223738176,0.00176851754641643,3,False,0.005999069157848427
GALAXY_SOUNDS_PLANETARY_RINGS,SLEEP_POD_NYLON,2,-0.00599547758660552,-0.013914554651828186,-0.0015796857534177843,3,True,0.00599547758660552
SNACKPACK_PISTACHIO,ROBOT_IRONING,3,-0.005994034032520509,-0.00948314173784005,-0.001272982230237021,3,True,0.005994034032520509
PEBBLES_XL,ROBOT_IRONING,2,-0.00598829396566519,-0.009668380534853126,-0.003951646809765491,3,True,0.00598829396566519
SNACKPACK_CHOCOLATE,UV_VISOR_YELLOW,4,0.0059879733423135835,-0.005120867130382539,0.01431757830383707,3,False,0.0059879733423135835
GALAXY_SOUNDS_BLACK_HOLES,ROBOT_DISHES,3,-0.005984984456241799,-0.01330177591922185,0.0015709104987645505,3,False,0.005984984456241799
TRANSLATOR_GRAPHITE_MIST,PEBBLES_XL,2,0.005983933222970368,0.0025655292590040595,0.011416505417882382,3,True,0.005983933222970368
UV_VISOR_RED,ROBOT_LAUNDRY,4,-0.005976939245052743,-0.017025295010741067,0.0066628506008829585,3,False,0.005976939245052743
PANEL_2X2,SLEEP_POD_COTTON,2,-0.00597360310047761,-0.016051320712959793,0.0008242580419699409,3,False,0.00597360310047761
MICROCHIP_RECTANGLE,ROBOT_VACUUMING,5,-0.005960598268385571,-0.007699619604194896,-0.003682315176461609,3,True,0.005960598268385571
GALAXY_SOUNDS_PLANETARY_RINGS,PANEL_2X4,5,-0.005949899345196735,-0.013018270484479214,0.003113862228530812,3,False,0.005949899345196735
OXYGEN_SHAKE_CHOCOLATE,MICROCHIP_OVAL,5,-0.005947361586149243,-0.009191028033715512,-0.0022641020283734018,3,True,0.005947361586149243
PANEL_1X4,GALAXY_SOUNDS_SOLAR_FLAMES,1,-0.005942094194394939,-0.007138380352980595,-0.004789608857336332,3,True,0.005942094194394939
GALAXY_SOUNDS_DARK_MATTER,SLEEP_POD_COTTON,1,0.005940815428221102,0.00519400676210222,0.006394634770483215,3,True,0.005940815428221102
MICROCHIP_CIRCLE,GALAXY_SOUNDS_PLANETARY_RINGS,5,-0.005940096854834108,-0.012718490487648115,0.006265010665593978,3,False,0.005940096854834108
GALAXY_SOUNDS_PLANETARY_RINGS,SLEEP_POD_POLYESTER,2,-0.005934742698539441,-0.01444472153702868,0.005403246097932098,3,False,0.005934742698539441
SNACKPACK_VANILLA,OXYGEN_SHAKE_MINT,1,0.005916371958893141,0.0015391938194459962,0.008836802910521017,3,True,0.005916371958893141
SLEEP_POD_COTTON,MICROCHIP_OVAL,5,0.005909705157851476,-0.0067383374890164225,0.013855173802092849,3,False,0.005909705157851476
OXYGEN_SHAKE_GARLIC,PEBBLES_S,4,0.0059083456850200855,-0.002585182671404436,0.021682092071548868,3,False,0.0059083456850200855
MICROCHIP_CIRCLE,OXYGEN_SHAKE_EVENING_BREATH,4,0.0059043218987070885,0.0009916866219677129,0.015294989161746195,3,True,0.0059043218987070885
SNACKPACK_CHOCOLATE,UV_VISOR_AMBER,1,-0.005902466337543034,-0.014186010184350431,0.004219187566283142,3,False,0.005902466337543034
ROBOT_IRONING,UV_VISOR_ORANGE,3,0.00589200250453998,0.004888590171460648,0.007055619166127685,3,True,0.00589200250453998
MICROCHIP_CIRCLE,SNACKPACK_CHOCOLATE,1,-0.005891705263018778,-0.013636480118308364,0.0002079586145360492,3,False,0.005891705263018778
UV_VISOR_AMBER,PEBBLES_L,5,-0.005888741307112376,-0.012628708833268084,0.0018335180370430291,3,False,0.005888741307112376
GALAXY_SOUNDS_SOLAR_FLAMES,ROBOT_VACUUMING,4,-0.00588867234409302,-0.009726215372591454,0.0004232665737927017,3,False,0.00588867234409302
SLEEP_POD_NYLON,MICROCHIP_TRIANGLE,4,0.005885753610117225,-0.0007579251422038793,0.010667033822847657,3,False,0.005885753610117225
TRANSLATOR_ECLIPSE_CHARCOAL,ROBOT_VACUUMING,2,0.005867678950418134,0.0015659958265129567,0.012413964930326085,3,True,0.005867678950418134
ROBOT_DISHES,OXYGEN_SHAKE_GARLIC,2,-0.005862036632698821,-0.011699012258524058,0.0027066985336323115,3,False,0.005862036632698821
TRANSLATOR_ECLIPSE_CHARCOAL,GALAXY_SOUNDS_SOLAR_WINDS,5,0.005855052969537606,0.0015076817169648814,0.012343854594217446,3,True,0.005855052969537606
PEBBLES_S,OXYGEN_SHAKE_MORNING_BREATH,4,0.005845375128228189,-0.00865761825436822,0.013983839760323314,3,False,0.005845375128228189
PEBBLES_S,TRANSLATOR_GRAPHITE_MIST,2,0.00584246474493121,-0.008842120289890327,0.022701562406926834,3,False,0.00584246474493121
PEBBLES_M,MICROCHIP_SQUARE,1,0.00583919194336813,-0.01749996272715823,0.030944568003935045,3,False,0.00583919194336813
SLEEP_POD_POLYESTER,GALAXY_SOUNDS_SOLAR_FLAMES,3,0.005836111183004822,-0.007838984198561641,0.024895008777797923,3,False,0.005836111183004822
GALAXY_SOUNDS_DARK_MATTER,SLEEP_POD_NYLON,5,0.005835406536489077,-0.0003877197420519089,0.01659804210965505,3,False,0.005835406536489077
PEBBLES_XL,OXYGEN_SHAKE_EVENING_BREATH,1,0.0058280651723703935,-0.020626524999327205,0.03206617590821218,3,False,0.0058280651723703935
MICROCHIP_TRIANGLE,PANEL_1X2,1,-0.005816912324633344,-0.007982358765272007,-0.001748011095730516,3,True,0.005816912324633344
SNACKPACK_RASPBERRY,ROBOT_IRONING,2,0.005809794572544022,-0.00719771844645667,0.01266300594579861,3,False,0.005809794572544022
PEBBLES_M,PANEL_2X2,4,0.005808639453100725,-0.015825963411016684,0.019510402902918306,3,False,0.005808639453100725
ROBOT_MOPPING,SLEEP_POD_POLYESTER,3,-0.005805384675404174,-0.015976468519791526,0.002535909220342469,3,False,0.005805384675404174
PEBBLES_XL,TRANSLATOR_ASTRO_BLACK,5,-0.005803610547049794,-0.010686306334702434,0.0017146860444311291,3,False,0.005803610547049794
SLEEP_POD_NYLON,MICROCHIP_OVAL,3,-0.005800376495772047,-0.010897766102904645,-0.003122640334362078,3,True,0.005800376495772047
PANEL_4X4,PEBBLES_M,3,-0.00579768194085432,-0.01667768134389234,0.013717061208252397,3,False,0.00579768194085432
ROBOT_DISHES,MICROCHIP_SQUARE,4,0.005795426330479835,-0.007416973500766502,0.018989340476449436,3,False,0.005795426330479835
SNACKPACK_CHOCOLATE,OXYGEN_SHAKE_CHOCOLATE,1,-0.005792934950432156,-0.010405505519526308,-0.0031156663075223166,3,True,0.005792934950432156
SLEEP_POD_LAMB_WOOL,GALAXY_SOUNDS_BLACK_HOLES,4,0.005792796762687267,-0.002264794635005219,0.01977486606643583,3,False,0.005792796762687267
MICROCHIP_TRIANGLE,MICROCHIP_SQUARE,2,0.005786140334320865,-0.004250899470361411,0.013824321360324281,3,False,0.005786140334320865
ROBOT_LAUNDRY,TRANSLATOR_ASTRO_BLACK,3,0.005780336470203863,0.00066015620406726,0.015579974829801092,3,True,0.005780336470203863
SLEEP_POD_POLYESTER,ROBOT_IRONING,3,0.005775368439431762,-0.009788413555021719,0.01683414765042148,3,False,0.005775368439431762
SLEEP_POD_POLYESTER,TRANSLATOR_ASTRO_BLACK,4,-0.005774134340420601,-0.015399046477856266,0.0034171022691402743,3,False,0.005774134340420601
MICROCHIP_CIRCLE,OXYGEN_SHAKE_MORNING_BREATH,2,-0.005768103909463723,-0.014014598363687328,0.0073598336993006405,3,False,0.005768103909463723
PEBBLES_L,TRANSLATOR_SPACE_GRAY,4,0.005765219485709298,-0.001137661466894243,0.01318624687274528,3,False,0.005765219485709298
OXYGEN_SHAKE_MINT,PANEL_1X2,3,0.005764774778699255,0.0009921645241360562,0.010091483472666859,3,True,0.005764774778699255
MICROCHIP_OVAL,TRANSLATOR_VOID_BLUE,4,0.005757509953636018,-0.0012728911014122397,0.011015159602498324,3,False,0.005757509953636018
ROBOT_LAUNDRY,MICROCHIP_CIRCLE,2,-0.005756441505894736,-0.022433753598860923,0.011146967113967836,3,False,0.005756441505894736
OXYGEN_SHAKE_MINT,ROBOT_MOPPING,2,-0.005756201241808183,-0.009927875296340332,-0.0015431114302823458,3,True,0.005756201241808183
TRANSLATOR_ASTRO_BLACK,OXYGEN_SHAKE_MINT,5,-0.005756036689271955,-0.00853148177293183,-0.0019481571457734353,3,True,0.005756036689271955
GALAXY_SOUNDS_SOLAR_FLAMES,PEBBLES_S,4,0.005751661826714372,-0.0017436391633414347,0.01765630483042336,3,False,0.005751661826714372
PANEL_1X4,SLEEP_POD_NYLON,3,-0.005746887358035941,-0.024906810480053193,0.006113350187881802,3,False,0.005746887358035941
UV_VISOR_RED,PANEL_4X4,5,-0.005732873750175597,-0.008542734094631965,-0.003051459079190547,3,True,0.005732873750175597
PANEL_1X2,OXYGEN_SHAKE_MINT,4,-0.005732183125579257,-0.014516886970386455,0.008732559128191536,3,False,0.005732183125579257
UV_VISOR_AMBER,ROBOT_LAUNDRY,5,-0.005728659763989047,-0.009080184263826325,-0.00364096906097391,3,True,0.005728659763989047
GALAXY_SOUNDS_BLACK_HOLES,TRANSLATOR_VOID_BLUE,5,-0.0057271905436878864,-0.013254325736265619,0.0017086472802420993,3,False,0.0057271905436878864
GALAXY_SOUNDS_SOLAR_WINDS,PEBBLES_S,5,0.005724946930009297,-0.004834663585689275,0.015846073299969284,3,False,0.005724946930009297
PEBBLES_S,ROBOT_MOPPING,4,-0.005705954883691518,-0.010062087844646945,-0.0027021183866572825,3,True,0.005705954883691518
SNACKPACK_CHOCOLATE,PANEL_1X2,5,0.005702297884721027,0.002590469437238654,0.008707112316839271,3,True,0.005702297884721027
TRANSLATOR_VOID_BLUE,UV_VISOR_ORANGE,5,-0.005699897094543656,-0.010928896802076258,0.0004864839617403826,3,False,0.005699897094543656
SNACKPACK_CHOCOLATE,SLEEP_POD_COTTON,3,0.005695607505035939,-0.006352713199766007,0.012480421758092069,3,False,0.005695607505035939
SNACKPACK_CHOCOLATE,GALAXY_SOUNDS_PLANETARY_RINGS,4,0.005693922122133113,0.0017847229225206893,0.008489662057511333,3,True,0.005693922122133113
GALAXY_SOUNDS_PLANETARY_RINGS,ROBOT_IRONING,3,0.00568318620580337,-0.004652467342212072,0.020217411698575827,3,False,0.00568318620580337
OXYGEN_SHAKE_MINT,OXYGEN_SHAKE_GARLIC,5,-0.0056814262117206304,-0.022463117166967146,0.005122745787473219,3,False,0.0056814262117206304
GALAXY_SOUNDS_BLACK_HOLES,PANEL_4X4,3,-0.005680243695786222,-0.00936668065803191,0.000410873903471514,3,False,0.005680243695786222
UV_VISOR_ORANGE,SNACKPACK_VANILLA,2,-0.005675468628613813,-0.010613071405068262,0.001372313230069598,3,False,0.005675468628613813
OXYGEN_SHAKE_EVENING_BREATH,MICROCHIP_TRIANGLE,3,-0.005665154179915157,-0.019702844315072732,0.005297256873127806,3,False,0.005665154179915157
ROBOT_LAUNDRY,PANEL_1X2,5,-0.005663512986186445,-0.01820764231464062,0.0009517851148983647,3,False,0.005663512986186445
UV_VISOR_MAGENTA,MICROCHIP_OVAL,5,-0.005654078803458866,-0.012415787291368812,-0.0015293466196766939,3,True,0.005654078803458866
ROBOT_MOPPING,MICROCHIP_CIRCLE,2,-0.005652493907939554,-0.015630931476656666,0.0055744591668598995,3,False,0.005652493907939554
MICROCHIP_CIRCLE,SNACKPACK_PISTACHIO,1,-0.005649432330212662,-0.010251664290720209,0.002431501449638056,3,False,0.005649432330212662
TRANSLATOR_ECLIPSE_CHARCOAL,PEBBLES_S,3,-0.005637206764847264,-0.010065686522741042,-0.0007668240955164245,3,True,0.005637206764847264
TRANSLATOR_SPACE_GRAY,ROBOT_LAUNDRY,5,-0.005633670238768218,-0.018478864899353742,0.001740029088561364,3,False,0.005633670238768218
SLEEP_POD_COTTON,UV_VISOR_YELLOW,4,-0.0056180436220548925,-0.01909353993233627,0.007382357349929015,3,False,0.0056180436220548925
MICROCHIP_RECTANGLE,UV_VISOR_MAGENTA,2,-0.005613546524916344,-0.01256577597997638,0.00013044685288472667,3,False,0.005613546524916344
PANEL_2X2,SLEEP_POD_LAMB_WOOL,4,0.005610811011213183,-0.002922978146343965,0.01842444144220759,3,False,0.005610811011213183
PANEL_1X2,SNACKPACK_VANILLA,4,0.005608898603589616,-0.0032338196854544295,0.014422532137267841,3,False,0.005608898603589616
PANEL_1X2,PEBBLES_M,1,0.0056082025713212426,-0.004913238635239762,0.022530260087625056,3,False,0.0056082025713212426
ROBOT_LAUNDRY,MICROCHIP_TRIANGLE,5,-0.005605198253056992,-0.010416781463079918,0.002238200658961278,3,False,0.005605198253056992
MICROCHIP_TRIANGLE,SLEEP_POD_SUEDE,2,-0.005601944676317753,-0.009196937912663851,0.0014719192946000405,3,False,0.005601944676317753
MICROCHIP_OVAL,SLEEP_POD_SUEDE,3,0.005597950754393139,-0.006001260121453909,0.016455328922405428,3,False,0.005597950754393139
OXYGEN_SHAKE_CHOCOLATE,PEBBLES_M,3,-0.005596307557531478,-0.020763938491847926,0.005082707086226712,3,False,0.005596307557531478
UV_VISOR_YELLOW,OXYGEN_SHAKE_MORNING_BREATH,2,-0.00559073647033528,-0.010392084527018949,-0.0019405508421162403,3,True,0.00559073647033528
GALAXY_SOUNDS_SOLAR_FLAMES,PANEL_2X2,2,0.0055907359012500905,-4.512802629162384e-05,0.008933893399129743,3,False,0.0055907359012500905
ROBOT_IRONING,OXYGEN_SHAKE_CHOCOLATE,1,-0.005584408883472375,-0.018332061466680167,0.0018271976083338046,3,False,0.005584408883472375
UV_VISOR_RED,PANEL_1X2,5,-0.005574604473179178,-0.015775745921029927,0.007241446810213343,3,False,0.005574604473179178
TRANSLATOR_VOID_BLUE,PANEL_4X4,4,-0.005559497033001975,-0.008181192461530002,-0.003897190473694714,3,True,0.005559497033001975
SLEEP_POD_LAMB_WOOL,UV_VISOR_YELLOW,4,-0.005538208881820915,-0.017581267004062155,0.010152517961390842,3,False,0.005538208881820915
TRANSLATOR_GRAPHITE_MIST,GALAXY_SOUNDS_SOLAR_WINDS,1,-0.005538061129938072,-0.012014085804370028,0.0048932317051936245,3,False,0.005538061129938072
GALAXY_SOUNDS_DARK_MATTER,ROBOT_LAUNDRY,3,0.0055368675182777905,-0.0015332676915297732,0.017125308449982817,3,False,0.0055368675182777905
MICROCHIP_OVAL,ROBOT_VACUUMING,4,0.005531475316421317,-0.0010017090009454875,0.014932648041569954,3,False,0.005531475316421317
SLEEP_POD_SUEDE,PANEL_4X4,3,0.005514450526269243,-0.00468592367609281,0.014973781246234084,3,False,0.005514450526269243
PANEL_1X2,ROBOT_DISHES,3,0.005504108172516661,-0.00308987791939415,0.017569233774878935,3,False,0.005504108172516661
PEBBLES_S,PANEL_1X2,4,0.005501175237750243,-0.005744762877834118,0.021752918837399448,3,False,0.005501175237750243
TRANSLATOR_SPACE_GRAY,SNACKPACK_STRAWBERRY,1,-0.0055006509415529625,-0.009893322635343274,-0.0012165052769649062,3,True,0.0055006509415529625
GALAXY_SOUNDS_PLANETARY_RINGS,OXYGEN_SHAKE_CHOCOLATE,4,-0.005481812953506731,-0.013276069903099742,0.009871785451290914,3,False,0.005481812953506731
ROBOT_LAUNDRY,OXYGEN_SHAKE_CHOCOLATE,5,-0.005474931818848296,-0.015467198035431843,0.010024901063632338,3,False,0.005474931818848296
UV_VISOR_ORANGE,PEBBLES_L,5,0.005471298061968506,-0.006886049599730009,0.0199283986084142,3,False,0.005471298061968506
GALAXY_SOUNDS_DARK_MATTER,PEBBLES_S,3,-0.0054700394609696655,-0.017761938617868338,0.009171369330724446,3,False,0.0054700394609696655
MICROCHIP_TRIANGLE,GALAXY_SOUNDS_BLACK_HOLES,5,0.005466563485093616,0.0011887025531758378,0.013292386475170498,3,True,0.005466563485093616
MICROCHIP_RECTANGLE,ROBOT_MOPPING,3,-0.005463234236118698,-0.011095895449984041,-0.0022733605216381874,3,True,0.005463234236118698
SNACKPACK_CHOCOLATE,ROBOT_LAUNDRY,5,0.005457819208967467,-0.004898036883670101,0.01337910129432795,3,False,0.005457819208967467
TRANSLATOR_SPACE_GRAY,PEBBLES_S,5,0.0054573089855026015,-0.0017862815871250994,0.016596433862588526,3,False,0.0054573089855026015
PEBBLES_XS,OXYGEN_SHAKE_MINT,2,0.00545571082112582,-0.0025937262082625116,0.01204683859142672,3,False,0.00545571082112582
GALAXY_SOUNDS_SOLAR_WINDS,PANEL_2X2,2,0.005444195251516611,-0.001397996771936336,0.01748741690754332,3,False,0.005444195251516611
ROBOT_DISHES,ROBOT_VACUUMING,1,-0.0054386880457528534,-0.02097975593046174,0.0074241110050718515,3,False,0.0054386880457528534
GALAXY_SOUNDS_BLACK_HOLES,MICROCHIP_CIRCLE,2,0.005436661541893025,-0.0010712931088118708,0.017740918513246804,3,False,0.005436661541893025
GALAXY_SOUNDS_SOLAR_FLAMES,ROBOT_MOPPING,1,0.005428222518865892,-0.0025454373721449466,0.013314584776250166,3,False,0.005428222518865892
SNACKPACK_RASPBERRY,PANEL_1X2,3,-0.005419660928070664,-0.008489698420521625,-0.003633558143967541,3,True,0.005419660928070664
GALAXY_SOUNDS_SOLAR_WINDS,MICROCHIP_CIRCLE,5,0.005401776687698276,-0.007206892930621089,0.01238015084384796,3,False,0.005401776687698276
ROBOT_IRONING,SLEEP_POD_SUEDE,2,-0.005392731046789123,-0.014531753865653876,0.005621296847710579,3,False,0.005392731046789123
OXYGEN_SHAKE_MINT,MICROCHIP_TRIANGLE,3,-0.005388714125218587,-0.013634657023958295,0.001091719569775861,3,False,0.005388714125218587
SLEEP_POD_LAMB_WOOL,TRANSLATOR_VOID_BLUE,5,0.005383018998337783,-0.0005507841887457285,0.011437541811249468,3,False,0.005383018998337783
SNACKPACK_CHOCOLATE,SLEEP_POD_LAMB_WOOL,5,-0.00538076601460626,-0.02362094341482896,0.01338853401258503,3,False,0.00538076601460626
TRANSLATOR_GRAPHITE_MIST,OXYGEN_SHAKE_EVENING_BREATH,1,0.005378023440729442,0.0007289454250024829,0.01449936326840864,3,True,0.005378023440729442
PEBBLES_M,SNACKPACK_RASPBERRY,1,0.005364686819705178,0.0017597436346589762,0.008963042999419184,3,True,0.005364686819705178
SLEEP_POD_NYLON,GALAXY_SOUNDS_SOLAR_WINDS,4,-0.0053586183456389895,-0.01347296730940487,-7.584710368056098e-05,3,True,0.0053586183456389895
UV_VISOR_YELLOW,OXYGEN_SHAKE_MINT,3,-0.0053580198464052734,-0.008152467103956488,-0.0025617359366938257,3,True,0.0053580198464052734
MICROCHIP_RECTANGLE,SNACKPACK_PISTACHIO,5,0.005357293735952641,-0.0009935157447606578,0.009287151978277583,3,False,0.005357293735952641
SNACKPACK_PISTACHIO,PANEL_1X2,3,0.005357236014807548,0.0004262265585076632,0.011573834169121828,3,True,0.005357236014807548
UV_VISOR_RED,ROBOT_MOPPING,4,0.00535424616362893,0.00022888556332875673,0.012333867755817494,3,True,0.00535424616362893
GALAXY_SOUNDS_SOLAR_WINDS,OXYGEN_SHAKE_GARLIC,3,0.005348955982835246,0.0033751244609718355,0.007943144585128261,3,True,0.005348955982835246
OXYGEN_SHAKE_GARLIC,SNACKPACK_VANILLA,5,0.005332642132032671,0.003059211448978059,0.0074318640591182665,3,True,0.005332642132032671
GALAXY_SOUNDS_PLANETARY_RINGS,GALAXY_SOUNDS_DARK_MATTER,4,0.005320441268929732,-0.0025513056886735984,0.012691836245158033,3,False,0.005320441268929732
ROBOT_VACUUMING,PANEL_1X4,4,0.0053196105778615084,0.000507289690098653,0.010849523299956218,3,True,0.0053196105778615084
MICROCHIP_CIRCLE,GALAXY_SOUNDS_SOLAR_FLAMES,5,-0.00531137715383703,-0.011609431150835414,-0.0012772734684376866,3,True,0.00531137715383703
SNACKPACK_VANILLA,PANEL_2X2,1,-0.00530732947043499,-0.006517394917252151,-0.004513356493207757,3,True,0.00530732947043499
SNACKPACK_CHOCOLATE,SNACKPACK_VANILLA,5,0.005294579888538604,-0.002972260244589242,0.020430786679623947,3,False,0.005294579888538604
SNACKPACK_VANILLA,SLEEP_POD_LAMB_WOOL,1,-0.005286216153396381,-0.014091203700993073,0.00014431508484217707,3,False,0.005286216153396381
SLEEP_POD_NYLON,SLEEP_POD_SUEDE,5,0.005282915816297705,-0.00797614746026014,0.01573927231885619,3,False,0.005282915816297705
OXYGEN_SHAKE_MORNING_BREATH,PANEL_2X2,4,0.0052766972209149525,-0.003033957577814892,0.012612930650783836,3,False,0.0052766972209149525
PEBBLES_S,OXYGEN_SHAKE_MINT,2,0.005271340038722004,-0.003863691996451187,0.017140896796020228,3,False,0.005271340038722004
UV_VISOR_ORANGE,TRANSLATOR_GRAPHITE_MIST,1,0.005266607926224951,0.0023110760333363753,0.00905840181842277,3,True,0.005266607926224951
GALAXY_SOUNDS_SOLAR_FLAMES,UV_VISOR_YELLOW,4,0.005262341957181039,-0.0025280341241965348,0.01199915636558338,3,False,0.005262341957181039
PANEL_4X4,UV_VISOR_AMBER,5,-0.00525608670435557,-0.016046537330533104,0.008207469794871953,3,False,0.00525608670435557
OXYGEN_SHAKE_MINT,GALAXY_SOUNDS_SOLAR_WINDS,5,0.005250938582717722,0.0010245612506816523,0.008464626249870533,3,True,0.005250938582717722
UV_VISOR_AMBER,PEBBLES_XL,5,0.005245192155037651,-0.00040931202450327696,0.010397933004177433,3,False,0.005245192155037651
SNACKPACK_STRAWBERRY,TRANSLATOR_SPACE_GRAY,4,-0.00524270563594829,-0.008707686819752428,-0.0026860584209792244,3,True,0.00524270563594829
UV_VISOR_AMBER,MICROCHIP_SQUARE,3,0.005229047719530237,-0.001350207696171566,0.010629698120690386,3,False,0.005229047719530237
ROBOT_MOPPING,OXYGEN_SHAKE_EVENING_BREATH,5,-0.005227723896430365,-0.012666996107159672,0.006239230570016201,3,False,0.005227723896430365
PANEL_1X2,OXYGEN_SHAKE_GARLIC,4,-0.005209683742455785,-0.017906228122894326,0.018984189157736732,3,False,0.005209683742455785
OXYGEN_SHAKE_MORNING_BREATH,SNACKPACK_CHOCOLATE,3,-0.005205407765123825,-0.013559777823579713,0.004875745258297214,3,False,0.005205407765123825
PANEL_1X2,TRANSLATOR_SPACE_GRAY,1,-0.0051973046946869805,-0.02364632762225858,0.008212175656281974,3,False,0.0051973046946869805
OXYGEN_SHAKE_CHOCOLATE,PEBBLES_XS,2,-0.005196881577981385,-0.012549226325360695,-0.0004369732423327736,3,True,0.005196881577981385
ROBOT_IRONING,TRANSLATOR_VOID_BLUE,1,0.0051955061602218236,-0.001669310712120812,0.01829623324563112,3,False,0.0051955061602218236
SNACKPACK_RASPBERRY,PEBBLES_XS,4,0.005191712413469708,-0.001606022057006682,0.013217332714695856,3,False,0.005191712413469708
TRANSLATOR_VOID_BLUE,OXYGEN_SHAKE_GARLIC,3,-0.005190056887733084,-0.013251431040992318,0.0019080886948179049,3,False,0.005190056887733084
PEBBLES_M,ROBOT_IRONING,4,0.005180273446400399,-0.004914021250229737,0.019586700037884253,3,False,0.005180273446400399
SNACKPACK_STRAWBERRY,GALAXY_SOUNDS_PLANETARY_RINGS,5,-0.005159189017728869,-0.018769415995186712,0.004818948758344853,3,False,0.005159189017728869
MICROCHIP_CIRCLE,GALAXY_SOUNDS_DARK_MATTER,5,0.005151433390606298,-0.006727941758649656,0.013685977415386562,3,False,0.005151433390606298
UV_VISOR_RED,PEBBLES_S,4,0.005135767810972685,-0.006033653575360195,0.017298133135697374,3,False,0.005135767810972685
ROBOT_VACUUMING,PEBBLES_S,5,-0.005115355799475707,-0.01018323987695519,0.003871298672272253,3,False,0.005115355799475707
TRANSLATOR_ASTRO_BLACK,SLEEP_POD_COTTON,2,0.005095891135576924,-0.004686079805487486,0.015265133085324189,3,False,0.005095891135576924
ROBOT_LAUNDRY,SLEEP_POD_NYLON,5,0.005095534424298924,-0.0062643481439815804,0.016182894349110008,3,False,0.005095534424298924
UV_VISOR_RED,OXYGEN_SHAKE_CHOCOLATE,1,-0.005093319510568376,-0.008633820686118976,-0.002305487567920622,3,True,0.005093319510568376
MICROCHIP_CIRCLE,ROBOT_IRONING,1,-0.0050922134145337805,-0.012282717844291352,0.0050855104509971915,3,False,0.0050922134145337805
PANEL_2X4,SNACKPACK_VANILLA,1,-0.005091571180190485,-0.010130438611291651,-8.162409011403833e-05,3,True,0.005091571180190485
MICROCHIP_RECTANGLE,MICROCHIP_TRIANGLE,5,-0.005087066722101759,-0.016494845674688466,0.0028447035990600087,3,False,0.005087066722101759
OXYGEN_SHAKE_MINT,TRANSLATOR_SPACE_GRAY,2,-0.005081768916945848,-0.027757642607085763,0.013008510712840442,3,False,0.005081768916945848
UV_VISOR_MAGENTA,MICROCHIP_TRIANGLE,3,-0.005080434900253446,-0.007299389969155995,-0.003554027459647964,3,True,0.005080434900253446
TRANSLATOR_GRAPHITE_MIST,MICROCHIP_OVAL,3,-0.00506351318899907,-0.009869104147434495,-0.001986046998810694,3,True,0.00506351318899907
MICROCHIP_CIRCLE,SNACKPACK_RASPBERRY,1,0.005061513996466572,-0.007266347115492127,0.01420419524165956,3,False,0.005061513996466572
SNACKPACK_PISTACHIO,PANEL_1X4,5,0.005043984780272816,-0.015931012676355483,0.01919611497459059,3,False,0.005043984780272816
OXYGEN_SHAKE_EVENING_BREATH,PEBBLES_M,3,-0.005042470917282784,-0.01404814731297661,0.003490424195334046,3,False,0.005042470917282784
TRANSLATOR_VOID_BLUE,PANEL_2X2,5,0.005038216392628663,-0.0006269083594672129,0.008374009431750378,3,False,0.005038216392628663
SNACKPACK_PISTACHIO,UV_VISOR_ORANGE,1,-0.0050223031089601106,-0.007389728890085325,-0.003028909118670494,3,True,0.0050223031089601106
SLEEP_POD_POLYESTER,SNACKPACK_RASPBERRY,2,-0.0050085764940788835,-0.012739972833499438,0.01044861438221013,3,False,0.0050085764940788835
ROBOT_LAUNDRY,SLEEP_POD_COTTON,3,-0.005008257240234697,-0.01562716331758583,0.007377671435195258,3,False,0.005008257240234697
GALAXY_SOUNDS_DARK_MATTER,PANEL_4X4,1,-0.005007336065222447,-0.012523421631205144,0.0020445793361279804,3,False,0.005007336065222447
GALAXY_SOUNDS_SOLAR_FLAMES,PANEL_4X4,5,0.005006935031237276,-0.005129578528288889,0.014619704414998021,3,False,0.005006935031237276
TRANSLATOR_ECLIPSE_CHARCOAL,GALAXY_SOUNDS_BLACK_HOLES,2,0.004996429814515064,0.0016434669589746262,0.008931692347675803,3,True,0.004996429814515064
OXYGEN_SHAKE_MORNING_BREATH,UV_VISOR_YELLOW,2,-0.00498682496319497,-0.014729923776262081,0.008125126786445289,3,False,0.00498682496319497
TRANSLATOR_ASTRO_BLACK,OXYGEN_SHAKE_CHOCOLATE,5,0.004978484853896761,-0.003855756517507091,0.017106928216745965,3,False,0.004978484853896761
SNACKPACK_VANILLA,MICROCHIP_CIRCLE,4,-0.004975738073916024,-0.015840610131542587,0.0038739131718794444,3,False,0.004975738073916024
PANEL_1X4,PEBBLES_L,2,-0.004970731054480984,-0.009937289994631582,0.003823907228648213,3,False,0.004970731054480984
SNACKPACK_PISTACHIO,ROBOT_MOPPING,3,0.004968133341446052,-0.008567120688654848,0.0178864542525708,3,False,0.004968133341446052
GALAXY_SOUNDS_DARK_MATTER,TRANSLATOR_ASTRO_BLACK,4,0.0049627608169135725,-0.00212576025037336,0.00858874245179074,3,False,0.0049627608169135725
UV_VISOR_RED,PEBBLES_L,1,0.004950839118851821,0.0037924125782625258,0.0063266144667112785,3,True,0.004950839118851821
GALAXY_SOUNDS_PLANETARY_RINGS,GALAXY_SOUNDS_SOLAR_WINDS,5,-0.004944000763815871,-0.00886643454256412,-0.0012902340490551726,3,True,0.004944000763815871
SNACKPACK_RASPBERRY,UV_VISOR_MAGENTA,4,0.004938759852641742,-0.005635009101607697,0.014430988569241087,3,False,0.004938759852641742
ROBOT_LAUNDRY,UV_VISOR_ORANGE,3,-0.004921668029851663,-0.008342951982075108,-0.0007589903145432502,3,True,0.004921668029851663
PEBBLES_M,ROBOT_DISHES,5,-0.00491716416027372,-0.011721933123947316,-0.00041274251163016376,3,True,0.00491716416027372
MICROCHIP_SQUARE,PEBBLES_XL,5,-0.004911607971061158,-0.017557983861386642,0.003205116254055565,3,False,0.004911607971061158
PANEL_2X2,TRANSLATOR_ASTRO_BLACK,5,0.004905305451715291,-0.0013336271417992518,0.013029393057810498,3,False,0.004905305451715291
PANEL_1X4,OXYGEN_SHAKE_CHOCOLATE,3,0.004895874643478446,-0.00285619607863724,0.012829075067096213,3,False,0.004895874643478446
OXYGEN_SHAKE_MORNING_BREATH,GALAXY_SOUNDS_DARK_MATTER,2,0.004878693145663578,-0.004447553101605531,0.015496972269776619,3,False,0.004878693145663578
TRANSLATOR_SPACE_GRAY,TRANSLATOR_VOID_BLUE,3,0.004875381597131177,-0.0017421578704642235,0.012187649270831127,3,False,0.004875381597131177
PEBBLES_L,TRANSLATOR_ASTRO_BLACK,3,-0.004850457764871658,-0.015506867816433782,0.0007825108297270487,3,False,0.004850457764871658
TRANSLATOR_ECLIPSE_CHARCOAL,ROBOT_IRONING,2,0.004848914226806452,-0.00041935224479550776,0.008896583517966936,3,False,0.004848914226806452
SLEEP_POD_POLYESTER,GALAXY_SOUNDS_BLACK_HOLES,1,-0.004847102281425442,-0.016052076343056033,0.009393505103855216,3,False,0.004847102281425442
GALAXY_SOUNDS_SOLAR_WINDS,PANEL_2X4,3,0.00481480213022881,-0.00042398491625489734,0.014201826306042855,3,False,0.00481480213022881
MICROCHIP_OVAL,TRANSLATOR_ECLIPSE_CHARCOAL,3,0.004813799696317687,-0.010576295508017329,0.018939509557342186,3,False,0.004813799696317687
ROBOT_IRONING,GALAXY_SOUNDS_DARK_MATTER,1,0.004810979214887593,-0.0015055874389625938,0.00814068412543361,3,False,0.004810979214887593
MICROCHIP_OVAL,TRANSLATOR_GRAPHITE_MIST,2,-0.00480902093541624,-0.008165634681415046,1.667768407216382e-05,3,False,0.00480902093541624
PANEL_2X4,UV_VISOR_MAGENTA,1,-0.004807766646953499,-0.010554298698531844,0.0009374832194131926,3,False,0.004807766646953499
UV_VISOR_ORANGE,TRANSLATOR_ECLIPSE_CHARCOAL,5,-0.004797020095370303,-0.012075056763380086,0.00012738934483412227,3,False,0.004797020095370303
TRANSLATOR_ASTRO_BLACK,ROBOT_IRONING,1,0.004796261886674391,-0.00708271161075723,0.012083808815747606,3,False,0.004796261886674391
SNACKPACK_RASPBERRY,SLEEP_POD_SUEDE,2,0.004788314879868918,-0.008720221461472714,0.026389957773449973,3,False,0.004788314879868918
PANEL_2X4,ROBOT_LAUNDRY,2,0.004779022821883714,-0.002920605695603871,0.011858553430064584,3,False,0.004779022821883714
MICROCHIP_SQUARE,UV_VISOR_MAGENTA,3,0.0047498991979790005,-0.012515663969545123,0.019597377811348335,3,False,0.0047498991979790005
GALAXY_SOUNDS_SOLAR_FLAMES,TRANSLATOR_GRAPHITE_MIST,3,0.004748689321280709,-0.015005005332741607,0.023374556545894522,3,False,0.004748689321280709
PEBBLES_L,PANEL_2X4,5,-0.004746226830378889,-0.012925171501751986,0.004290264227931472,3,False,0.004746226830378889
SLEEP_POD_NYLON,ROBOT_MOPPING,3,0.004729924635220557,-0.007027496081596197,0.016591519053410168,3,False,0.004729924635220557
UV_VISOR_AMBER,OXYGEN_SHAKE_CHOCOLATE,2,-0.004724300998643827,-0.009412588262750777,0.0015479847998290525,3,False,0.004724300998643827
PANEL_2X4,UV_VISOR_AMBER,3,0.004720355734412737,-0.003957285639548118,0.010000493207434513,3,False,0.004720355734412737
MICROCHIP_CIRCLE,SNACKPACK_STRAWBERRY,1,-0.004714614291141227,-0.010357848724542797,0.0033889721497742647,3,False,0.004714614291141227
TRANSLATOR_ECLIPSE_CHARCOAL,OXYGEN_SHAKE_CHOCOLATE,3,0.004707214632860232,-0.007145137966648917,0.016712811412623298,3,False,0.004707214632860232
GALAXY_SOUNDS_SOLAR_FLAMES,MICROCHIP_CIRCLE,3,-0.0047066104383380195,-0.010000077830839693,0.004625363346870151,3,False,0.0047066104383380195
SLEEP_POD_SUEDE,GALAXY_SOUNDS_PLANETARY_RINGS,2,0.004702244522037452,-0.00800256205202643,0.02131762629074007,3,False,0.004702244522037452
PEBBLES_M,GALAXY_SOUNDS_SOLAR_FLAMES,3,-0.004695816052901807,-0.013302004628236816,0.003711748523328184,3,False,0.004695816052901807
MICROCHIP_SQUARE,PEBBLES_L,3,-0.00469391214114791,-0.011969841603906706,0.006820652246677476,3,False,0.00469391214114791
TRANSLATOR_ECLIPSE_CHARCOAL,MICROCHIP_OVAL,3,0.004679184888377467,-0.003258167590268532,0.015275245460040672,3,False,0.004679184888377467
PEBBLES_M,SLEEP_POD_POLYESTER,5,-0.004672221248344867,-0.012615090976269299,-0.00020767128830923354,3,True,0.004672221248344867
SNACKPACK_RASPBERRY,SLEEP_POD_NYLON,4,0.004653380206971364,-0.001981949731419177,0.010675096755808343,3,False,0.004653380206971364
ROBOT_DISHES,UV_VISOR_RED,2,0.00462672562983162,-0.006659877577408141,0.010432467663617368,3,False,0.00462672562983162
PEBBLES_L,SNACKPACK_PISTACHIO,2,0.004612569299416736,-0.00999301467580995,0.020668073755758576,3,False,0.004612569299416736
MICROCHIP_RECTANGLE,PEBBLES_L,3,0.004609129282365076,0.0030276662324328434,0.006849718286725139,3,True,0.004609129282365076
OXYGEN_SHAKE_MINT,PANEL_2X2,5,0.0046017377421574785,-0.00579108083184198,0.01204382760249933,3,False,0.0046017377421574785
GALAXY_SOUNDS_PLANETARY_RINGS,OXYGEN_SHAKE_MINT,3,-0.004600787896751006,-0.02132025514177506,0.0050927987528257175,3,False,0.004600787896751006
ROBOT_MOPPING,UV_VISOR_YELLOW,2,-0.004598432283474359,-0.014664886410964213,0.005477578710757708,3,False,0.004598432283474359
PEBBLES_XS,PEBBLES_S,3,-0.004589476379918152,-0.006140150985415657,-0.0015709557610398388,3,True,0.004589476379918152
PANEL_4X4,UV_VISOR_MAGENTA,1,-0.00458678641798698,-0.010460841593493246,0.0036155856445360167,3,False,0.00458678641798698
PANEL_1X4,MICROCHIP_CIRCLE,3,-0.004576909407815431,-0.009031424393411992,-0.001369952216770432,3,True,0.004576909407815431
SLEEP_POD_POLYESTER,SLEEP_POD_COTTON,4,0.00457410833593285,-0.012804408410584823,0.01472424560801844,3,False,0.00457410833593285
SLEEP_POD_POLYESTER,MICROCHIP_RECTANGLE,4,-0.004552311343676902,-0.006312436437724558,-0.003206945057983295,3,True,0.004552311343676902
PANEL_2X4,PANEL_2X2,5,-0.004545314784365471,-0.020064124346766445,0.00682327425415097,3,False,0.004545314784365471
OXYGEN_SHAKE_GARLIC,UV_VISOR_RED,5,-0.00454447657327385,-0.006597272783203953,-0.002224540780135629,3,True,0.00454447657327385
UV_VISOR_MAGENTA,SNACKPACK_RASPBERRY,2,0.004544033514303654,-0.0029082056318511383,0.015606939479679047,3,False,0.004544033514303654
MICROCHIP_TRIANGLE,OXYGEN_SHAKE_GARLIC,3,-0.004543996782208014,-0.011488829549214648,0.0012716815800054146,3,False,0.004543996782208014
PEBBLES_XS,ROBOT_VACUUMING,3,-0.004523182186128884,-0.01239462069239681,0.001207284739139534,3,False,0.004523182186128884
MICROCHIP_RECTANGLE,SLEEP_POD_LAMB_WOOL,5,-0.004517852721298744,-0.011601703527034879,0.0001875207726725711,3,False,0.004517852721298744
MICROCHIP_TRIANGLE,PANEL_2X4,3,0.004517759329635005,-0.0007690059400555404,0.012401358442776348,3,False,0.004517759329635005
OXYGEN_SHAKE_GARLIC,SNACKPACK_RASPBERRY,3,0.004514503960745187,-0.001475476617967933,0.008860827400166483,3,False,0.004514503960745187
SNACKPACK_CHOCOLATE,TRANSLATOR_SPACE_GRAY,3,-0.0045135386362003425,-0.014305099024560917,0.0012273310752652382,3,False,0.0045135386362003425
SLEEP_POD_COTTON,TRANSLATOR_SPACE_GRAY,1,-0.004509428650840533,-0.023897817137065194,0.011890821869543478,3,False,0.004509428650840533
ROBOT_VACUUMING,UV_VISOR_RED,2,0.004499612248451971,-0.0036219797001271273,0.01655150343768579,3,False,0.004499612248451971
SLEEP_POD_COTTON,SNACKPACK_RASPBERRY,4,0.004497059108976177,-0.006306190388086188,0.01091930134078832,3,False,0.004497059108976177
UV_VISOR_ORANGE,OXYGEN_SHAKE_CHOCOLATE,5,-0.004486214145600486,-0.012343392588222308,0.008775243841936868,3,False,0.004486214145600486
SLEEP_POD_NYLON,UV_VISOR_ORANGE,4,0.004479258261270031,-0.005210144563868304,0.012387228129434156,3,False,0.004479258261270031
GALAXY_SOUNDS_DARK_MATTER,SLEEP_POD_SUEDE,1,0.004478789162749263,-0.0028938242987139023,0.010997134313028352,3,False,0.004478789162749263
PANEL_2X4,SLEEP_POD_LAMB_WOOL,3,-0.004467970268154942,-0.02855487535754072,0.012285795318331665,3,False,0.004467970268154942
UV_VISOR_ORANGE,SLEEP_POD_NYLON,3,-0.0044359696402747765,-0.008283265825731679,0.0027602534431171973,3,False,0.0044359696402747765
PEBBLES_M,ROBOT_MOPPING,5,-0.00443389326931415,-0.013465935939144271,0.007726053431536603,3,False,0.00443389326931415
UV_VISOR_AMBER,SLEEP_POD_NYLON,1,0.004416251011924391,-0.006661520658668022,0.013060998845282078,3,False,0.004416251011924391
PEBBLES_XL,PEBBLES_L,3,0.004412732839255377,-0.000483323641375831,0.01328411402776976,3,False,0.004412732839255377
UV_VISOR_RED,GALAXY_SOUNDS_DARK_MATTER,1,-0.004399319658224877,-0.010113325615118896,-0.000538325924719624,3,True,0.004399319658224877
ROBOT_VACUUMING,SLEEP_POD_POLYESTER,5,0.004390340332683686,-0.0028549425406753054,0.014168166277426146,3,False,0.004390340332683686
PEBBLES_XS,TRANSLATOR_ASTRO_BLACK,5,0.004390059726499765,-0.0005024571402791605,0.007103509285332015,3,False,0.004390059726499765
ROBOT_DISHES,SLEEP_POD_LAMB_WOOL,4,-0.004382906398050244,-0.012025256797938422,0.007168881092941863,3,False,0.004382906398050244
GALAXY_SOUNDS_PLANETARY_RINGS,TRANSLATOR_ECLIPSE_CHARCOAL,2,-0.00436107752059401,-0.014753321973637231,0.007775013478835381,3,False,0.00436107752059401
PEBBLES_M,PANEL_1X2,2,-0.004358774510781076,-0.014597455543695053,0.0059067550964529555,3,False,0.004358774510781076
OXYGEN_SHAKE_GARLIC,MICROCHIP_RECTANGLE,5,0.004318214626448533,-0.008312507667147076,0.021084353721691942,3,False,0.004318214626448533
OXYGEN_SHAKE_EVENING_BREATH,PANEL_2X4,4,-0.004298142924313942,-0.016131076708316212,0.004132150361002937,3,False,0.004298142924313942
SNACKPACK_STRAWBERRY,PANEL_1X2,1,-0.0042838743421179945,-0.009482921772183264,0.005784378346654785,3,False,0.0042838743421179945
MICROCHIP_RECTANGLE,PANEL_1X4,2,-0.004267564428558798,-0.011255690690325448,0.007034051682149436,3,False,0.004267564428558798
OXYGEN_SHAKE_MORNING_BREATH,SNACKPACK_PISTACHIO,1,-0.004266442729215745,-0.01482097335138253,0.007605530740140932,3,False,0.004266442729215745
SNACKPACK_RASPBERRY,SLEEP_POD_COTTON,2,-0.004265691879228707,-0.010597712353779655,0.0003335947514861469,3,False,0.004265691879228707
SLEEP_POD_POLYESTER,TRANSLATOR_SPACE_GRAY,2,0.004247783160569093,-0.009136682629117907,0.012923797502543891,3,False,0.004247783160569093
PANEL_2X2,PANEL_1X2,2,0.004246680285249729,-0.0024318391910227366,0.012043222006991927,3,False,0.004246680285249729
TRANSLATOR_ECLIPSE_CHARCOAL,UV_VISOR_ORANGE,5,-0.004238466274589961,-0.023442205394682055,0.013468887457592834,3,False,0.004238466274589961
OXYGEN_SHAKE_CHOCOLATE,MICROCHIP_RECTANGLE,1,-0.004220395798471706,-0.014792110369300247,0.013111772390647721,3,False,0.004220395798471706
GALAXY_SOUNDS_PLANETARY_RINGS,MICROCHIP_SQUARE,2,-0.004218810108998974,-0.013060773519918146,0.003208185850482715,3,False,0.004218810108998974
SLEEP_POD_LAMB_WOOL,ROBOT_LAUNDRY,1,0.0042032047537659545,-0.0019657541656321656,0.010849927100467257,3,False,0.0042032047537659545
MICROCHIP_TRIANGLE,OXYGEN_SHAKE_MORNING_BREATH,4,0.0042001039481339595,-0.006038119236241489,0.010766710630916478,3,False,0.0042001039481339595
OXYGEN_SHAKE_MINT,PANEL_4X4,1,0.004162493031338472,-0.0040726111043650325,0.013677238277080934,3,False,0.004162493031338472
SNACKPACK_CHOCOLATE,PEBBLES_S,1,-0.004162362580688154,-0.008686687028672405,0.0013892646321573372,3,False,0.004162362580688154
PEBBLES_XS,MICROCHIP_RECTANGLE,5,0.004131376006577592,-0.001316071703740537,0.010292862071523948,3,False,0.004131376006577592
SNACKPACK_RASPBERRY,PANEL_1X4,1,-0.004117797294277667,-0.007950532812812232,-0.00048694387131549457,3,True,0.004117797294277667
TRANSLATOR_GRAPHITE_MIST,PANEL_1X4,4,-0.004104967487276956,-0.01128975021738276,0.00015080242818075822,3,False,0.004104967487276956
SNACKPACK_STRAWBERRY,SLEEP_POD_SUEDE,2,-0.004102607110535772,-0.02209340354631114,0.006987341825736646,3,False,0.004102607110535772
GALAXY_SOUNDS_SOLAR_WINDS,MICROCHIP_SQUARE,1,-0.004082138954873585,-0.016042354524870107,0.0034889195868458107,3,False,0.004082138954873585
OXYGEN_SHAKE_MORNING_BREATH,OXYGEN_SHAKE_CHOCOLATE,2,-0.004064766364909719,-0.010640225227835075,0.00624480172880823,3,False,0.004064766364909719
ROBOT_VACUUMING,ROBOT_IRONING,3,0.0040315975464057935,0.0019131944154621295,0.00775816374891734,3,True,0.0040315975464057935
ROBOT_IRONING,PANEL_2X2,3,-0.004029576595559755,-0.010062725947162388,0.0046527140795973865,3,False,0.004029576595559755
ROBOT_LAUNDRY,UV_VISOR_AMBER,2,-0.004026846580506584,-0.010659810011864947,0.0050262890287382355,3,False,0.004026846580506584
UV_VISOR_AMBER,PEBBLES_S,2,0.004025165391926291,-0.009270702102678096,0.01682880322058299,3,False,0.004025165391926291
GALAXY_SOUNDS_DARK_MATTER,ROBOT_MOPPING,2,0.0040230701046806,-0.005114848745326497,0.011176552789217715,3,False,0.0040230701046806
MICROCHIP_TRIANGLE,OXYGEN_SHAKE_EVENING_BREATH,4,0.004005059099490233,-0.0016683822912595659,0.009979462517493091,3,False,0.004005059099490233
SLEEP_POD_COTTON,SLEEP_POD_POLYESTER,5,-0.003995934754058303,-0.01450862286650926,0.006531603327690241,3,False,0.003995934754058303
MICROCHIP_OVAL,PANEL_1X2,3,-0.003992875030202614,-0.006339473572898087,-0.0026372284624624365,3,True,0.003992875030202614
SLEEP_POD_LAMB_WOOL,PANEL_1X2,4,-0.003986526612385161,-0.004836812966782372,-0.003362785992315212,3,True,0.003986526612385161
MICROCHIP_OVAL,ROBOT_MOPPING,4,0.003976269718012188,-0.009289772072463502,0.013367575266634102,3,False,0.003976269718012188
ROBOT_LAUNDRY,GALAXY_SOUNDS_BLACK_HOLES,2,0.003965466927512315,-0.0037495624032342356,0.014519331738583765,3,False,0.003965466927512315
UV_VISOR_RED,SLEEP_POD_COTTON,4,-0.0039437197839406034,-0.01580756552235363,0.00860522376770208,3,False,0.0039437197839406034
SNACKPACK_STRAWBERRY,PEBBLES_XS,4,-0.003935159470973775,-0.017143229452420486,0.004169609433531178,3,False,0.003935159470973775
SLEEP_POD_LAMB_WOOL,MICROCHIP_SQUARE,5,0.003926184633576758,-0.006180413301408213,0.0155805995798621,3,False,0.003926184633576758
UV_VISOR_MAGENTA,TRANSLATOR_SPACE_GRAY,2,0.003919683286923914,0.0014884785394348892,0.00602899942583495,3,True,0.003919683286923914
PANEL_2X4,MICROCHIP_SQUARE,1,-0.003895329525899176,-0.011548419616947306,0.0003845967834139988,3,False,0.003895329525899176
GALAXY_SOUNDS_DARK_MATTER,PANEL_2X2,1,0.003889741877922868,0.0002682757160606402,0.006556429384613903,3,True,0.003889741877922868
SLEEP_POD_NYLON,ROBOT_VACUUMING,4,0.0038848353909676342,-0.012138382501787545,0.014954467680667967,3,False,0.0038848353909676342
GALAXY_SOUNDS_DARK_MATTER,PANEL_1X2,4,0.0038783648608080416,-0.0033030454240281374,0.009116969717936713,3,False,0.0038783648608080416
TRANSLATOR_GRAPHITE_MIST,UV_VISOR_RED,2,0.0038771219933679663,-0.001242953428020572,0.007673757481039105,3,False,0.0038771219933679663
SNACKPACK_VANILLA,SNACKPACK_CHOCOLATE,3,0.003870231264168828,-0.008663873983131747,0.023799427377050698,3,False,0.003870231264168828
PEBBLES_L,SLEEP_POD_SUEDE,2,0.0038518211080767113,-0.006441597317654149,0.01029150133142526,3,False,0.0038518211080767113
ROBOT_MOPPING,PANEL_2X4,1,-0.003848615568063918,-0.013811446535855677,0.0019429325821498913,3,False,0.003848615568063918
UV_VISOR_ORANGE,OXYGEN_SHAKE_MINT,3,-0.003842258958829238,-0.010254777022847689,0.0034841199656270886,3,False,0.003842258958829238
UV_VISOR_MAGENTA,ROBOT_DISHES,4,0.0038329841295783058,-0.012526510120614457,0.012523515839368352,3,False,0.0038329841295783058
SLEEP_POD_NYLON,MICROCHIP_CIRCLE,3,0.0038112738204222254,-0.00541250762297008,0.017704903989576075,3,False,0.0038112738204222254
TRANSLATOR_GRAPHITE_MIST,MICROCHIP_CIRCLE,2,0.003782773671952717,-0.005243909167302887,0.008939855909156602,3,False,0.003782773671952717
TRANSLATOR_SPACE_GRAY,ROBOT_DISHES,2,-0.0037568961533141626,-0.009350833345356751,-0.00019571719401781463,3,True,0.0037568961533141626
SLEEP_POD_SUEDE,TRANSLATOR_VOID_BLUE,3,0.003740097559551441,-0.0057522051616269105,0.015859146820498302,3,False,0.003740097559551441
MICROCHIP_SQUARE,GALAXY_SOUNDS_SOLAR_WINDS,2,0.0037381422210380016,-0.002037341297414943,0.007318498733098641,3,False,0.0037381422210380016
SLEEP_POD_SUEDE,GALAXY_SOUNDS_DARK_MATTER,4,-0.0037299900383575093,-0.014143897399140957,0.00602142912115779,3,False,0.0037299900383575093
OXYGEN_SHAKE_GARLIC,PANEL_4X4,2,-0.0037254762127293278,-0.009747780005207624,0.0051176907541419245,3,False,0.0037254762127293278
MICROCHIP_RECTANGLE,PEBBLES_XS,4,-0.0037042732841047594,-0.01307306302124327,0.004722262290444845,3,False,0.0037042732841047594
TRANSLATOR_ECLIPSE_CHARCOAL,SLEEP_POD_LAMB_WOOL,5,0.003670193827002096,-0.010493127185821191,0.0152936519445592,3,False,0.003670193827002096
TRANSLATOR_SPACE_GRAY,OXYGEN_SHAKE_GARLIC,4,-0.0036612887408738887,-0.005482761463641396,-0.0015938958293069208,3,True,0.0036612887408738887
MICROCHIP_CIRCLE,GALAXY_SOUNDS_SOLAR_WINDS,4,0.0036572684032678063,-0.0016595121964242717,0.007806930306413934,3,False,0.0036572684032678063
MICROCHIP_OVAL,TRANSLATOR_ASTRO_BLACK,4,-0.0036514962837851,-0.009366448588833261,0.0008376116136040635,3,False,0.0036514962837851
PEBBLES_M,UV_VISOR_ORANGE,1,-0.0036153746564994813,-0.007579765386201542,0.0012838640360981312,3,False,0.0036153746564994813
PEBBLES_S,UV_VISOR_RED,1,0.0036141818594913008,-0.0004623487926239072,0.011728137485520594,3,False,0.0036141818594913008
ROBOT_MOPPING,TRANSLATOR_VOID_BLUE,4,0.0036015932297648076,-0.000970344930821204,0.009208759488191299,3,False,0.0036015932297648076
TRANSLATOR_ECLIPSE_CHARCOAL,MICROCHIP_TRIANGLE,1,-0.003597875609704894,-0.010851853788018789,0.006296031524079577,3,False,0.003597875609704894
TRANSLATOR_ASTRO_BLACK,MICROCHIP_SQUARE,5,-0.0035962790774941365,-0.016612209405743032,0.005014909561736136,3,False,0.0035962790774941365
ROBOT_MOPPING,PEBBLES_XL,1,-0.0035761070712866314,-0.00408458463308477,-0.0030181680075923468,3,True,0.0035761070712866314
PEBBLES_XL,UV_VISOR_AMBER,3,0.00354202454166413,-0.005115928957991217,0.014933973173180357,3,False,0.00354202454166413
ROBOT_MOPPING,PEBBLES_M,2,0.0035230726228980234,-0.004597166991158104,0.008722767898596906,3,False,0.0035230726228980234
MICROCHIP_SQUARE,TRANSLATOR_SPACE_GRAY,5,-0.0035192525109674078,-0.016763671806357523,0.005737888105488834,3,False,0.0035192525109674078
TRANSLATOR_VOID_BLUE,OXYGEN_SHAKE_CHOCOLATE,2,-0.0035141392986666764,-0.010266367465025981,0.0018399277130355643,3,False,0.0035141392986666764
GALAXY_SOUNDS_PLANETARY_RINGS,GALAXY_SOUNDS_SOLAR_FLAMES,4,-0.0034550013381506937,-0.010332999088939943,0.00330127677786819,3,False,0.0034550013381506937
ROBOT_LAUNDRY,PANEL_2X2,2,-0.0034023742856106273,-0.017461882656551842,0.009754158163637906,3,False,0.0034023742856106273
TRANSLATOR_VOID_BLUE,ROBOT_LAUNDRY,5,-0.0033971695784626318,-0.007449303664112331,-0.0007538138636727546,3,True,0.0033971695784626318
ROBOT_IRONING,PEBBLES_S,2,-0.0033942933589034964,-0.0074462071963754765,-0.00045149500829349436,3,True,0.0033942933589034964
PANEL_2X2,MICROCHIP_TRIANGLE,4,-0.003371620199421588,-0.018977623838290974,0.006145052137301318,3,False,0.003371620199421588
MICROCHIP_OVAL,TRANSLATOR_SPACE_GRAY,5,0.0033565399634113992,-0.0007737464147580927,0.005851610921701282,3,False,0.0033565399634113992
TRANSLATOR_ASTRO_BLACK,UV_VISOR_MAGENTA,5,-0.0033132207047783836,-0.009055941816777666,0.003684412841173331,3,False,0.0033132207047783836
GALAXY_SOUNDS_PLANETARY_RINGS,ROBOT_DISHES,1,0.003266297703672066,-0.0011507495246470465,0.011142637096619274,3,False,0.003266297703672066
PANEL_2X4,ROBOT_MOPPING,3,0.003247449189089924,-0.007609658124807826,0.009707987775973401,3,False,0.003247449189089924
SNACKPACK_STRAWBERRY,PANEL_1X4,5,0.0032456189838942474,-0.016404283664929225,0.013301017622325554,3,False,0.0032456189838942474
ROBOT_DISHES,MICROCHIP_CIRCLE,3,0.0032435054384665814,0.00112289093134963,0.005056106310132455,3,True,0.0032435054384665814
PANEL_2X2,UV_VISOR_MAGENTA,3,0.0032205380444285427,-0.0023696377199219185,0.011825193729926629,3,False,0.0032205380444285427
GALAXY_SOUNDS_BLACK_HOLES,OXYGEN_SHAKE_GARLIC,3,-0.0032203036462108204,-0.008326182082406921,0.0009301263801489507,3,False,0.0032203036462108204
SLEEP_POD_NYLON,UV_VISOR_AMBER,4,-0.003192089858280058,-0.0071045926287335755,-0.0007607818504023006,3,True,0.003192089858280058
UV_VISOR_YELLOW,SLEEP_POD_NYLON,4,-0.003191144729829539,-0.013502188738933968,0.004683635757177253,3,False,0.003191144729829539
PANEL_2X2,GALAXY_SOUNDS_PLANETARY_RINGS,4,-0.003177145853122239,-0.018461889767675026,0.014229925143127636,3,False,0.003177145853122239
SLEEP_POD_SUEDE,SLEEP_POD_NYLON,4,-0.003176077074350436,-0.012238985425449728,0.0062583926543212055,3,False,0.003176077074350436
ROBOT_MOPPING,MICROCHIP_OVAL,1,-0.0031536844920217514,-0.014792512328790247,0.0061442836125514605,3,False,0.0031536844920217514
UV_VISOR_MAGENTA,PEBBLES_XS,3,-0.003118166804856657,-0.007835383308268816,0.006080145480415842,3,False,0.003118166804856657
PEBBLES_XL,GALAXY_SOUNDS_SOLAR_WINDS,2,0.0031054030013470883,-0.008993703030350221,0.010603738160922676,3,False,0.0031054030013470883
GALAXY_SOUNDS_SOLAR_WINDS,TRANSLATOR_ECLIPSE_CHARCOAL,4,-0.0030168522772028184,-0.015307049199951102,0.010914550867666066,3,False,0.0030168522772028184
UV_VISOR_ORANGE,ROBOT_VACUUMING,5,0.002993390769840958,-0.00217260472656895,0.007229766065047505,3,False,0.002993390769840958
UV_VISOR_ORANGE,PEBBLES_XL,1,0.0029719420918574557,-0.0010255249426695582,0.009603573805351035,3,False,0.0029719420918574557
ROBOT_VACUUMING,MICROCHIP_RECTANGLE,5,0.002930838487860044,-0.006839352302161999,0.013773786801422832,3,False,0.002930838487860044
ROBOT_VACUUMING,UV_VISOR_AMBER,5,-0.0029218355200872023,-0.007650470308499525,0.001328302647221349,3,False,0.0029218355200872023
PEBBLES_M,UV_VISOR_AMBER,5,0.0028537419564515242,-0.004967813766495539,0.00918687503554468,3,False,0.0028537419564515242
GALAXY_SOUNDS_PLANETARY_RINGS,SNACKPACK_VANILLA,2,-0.002829557798851688,-0.011836228792358145,0.00898934434811725,3,False,0.002829557798851688
SNACKPACK_CHOCOLATE,PANEL_2X2,1,-0.0028024759961959565,-0.004473204563771964,-0.0019474116115553084,3,True,0.0028024759961959565
PEBBLES_M,TRANSLATOR_ASTRO_BLACK,2,0.0027976168168037893,-0.009104583627842989,0.02009742404286906,3,False,0.0027976168168037893
PANEL_2X2,SNACKPACK_RASPBERRY,3,-0.0027375610283787086,-0.017240476213292794,0.0074774122472782804,3,False,0.0027375610283787086
ROBOT_VACUUMING,TRANSLATOR_SPACE_GRAY,4,-0.002733060789337119,-0.01440376087920794,0.017654107588226324,3,False,0.002733060789337119
PEBBLES_L,OXYGEN_SHAKE_GARLIC,2,0.0027182789377947583,-0.004296349481009363,0.011258737637202351,3,False,0.0027182789377947583
UV_VISOR_YELLOW,SNACKPACK_VANILLA,3,0.0027081152955014177,-0.002988694907418095,0.011872081896936486,3,False,0.0027081152955014177
SNACKPACK_VANILLA,ROBOT_MOPPING,3,-0.0026967788308942674,-0.008533119965048887,0.00030313600108406976,3,False,0.0026967788308942674
PANEL_4X4,ROBOT_LAUNDRY,4,-0.002624409420665464,-0.010047010153531493,0.0030487390484462387,3,False,0.002624409420665464
TRANSLATOR_GRAPHITE_MIST,TRANSLATOR_SPACE_GRAY,4,-0.0026243105105894144,-0.01998545800669126,0.011091745011842348,3,False,0.0026243105105894144
TRANSLATOR_ECLIPSE_CHARCOAL,SLEEP_POD_NYLON,4,0.002617720347211522,-0.000338604554249304,0.005029798279821666,3,False,0.002617720347211522
PANEL_2X2,UV_VISOR_AMBER,2,-0.0026068282756570044,-0.01042922791450475,0.002642963047192168,3,False,0.0026068282756570044
MICROCHIP_OVAL,SLEEP_POD_POLYESTER,5,-0.002558762110600162,-0.009397284103723773,0.005405043069750512,3,False,0.002558762110600162
ROBOT_LAUNDRY,ROBOT_IRONING,1,-0.0025430113786819876,-0.007640577666363647,0.0005405458826057061,3,False,0.0025430113786819876
OXYGEN_SHAKE_MORNING_BREATH,PEBBLES_XS,4,0.002516112678167574,-0.010052324089624613,0.018894944740559107,3,False,0.002516112678167574
MICROCHIP_CIRCLE,TRANSLATOR_ASTRO_BLACK,4,-0.0024266233482191616,-0.008084054166329086,0.00045933871930722175,3,False,0.0024266233482191616
OXYGEN_SHAKE_CHOCOLATE,ROBOT_DISHES,3,0.0022740102855822674,-0.007620001405871287,0.010930576029628217,3,False,0.0022740102855822674
PEBBLES_L,PANEL_4X4,1,0.0022558109719401937,-0.005564812607547463,0.008565349213330176,3,False,0.0022558109719401937
OXYGEN_SHAKE_CHOCOLATE,MICROCHIP_TRIANGLE,3,-0.0022458643549953953,-0.007878885602673046,0.00889139952559202,3,False,0.0022458643549953953
MICROCHIP_CIRCLE,PANEL_1X4,3,0.002230122707653034,-0.016914573364009804,0.013970451354314755,3,False,0.002230122707653034
SLEEP_POD_SUEDE,TRANSLATOR_GRAPHITE_MIST,4,-0.00213771410468002,-0.006306259734715088,0.0030519264296636124,3,False,0.00213771410468002
MICROCHIP_TRIANGLE,SLEEP_POD_NYLON,3,-0.0021095092017176377,-0.013600062556196819,0.014073317034448776,3,False,0.0021095092017176377
OXYGEN_SHAKE_MORNING_BREATH,GALAXY_SOUNDS_BLACK_HOLES,1,-0.001991431431518042,-0.006718106936422346,0.002985427880024721,3,False,0.001991431431518042
SNACKPACK_PISTACHIO,PEBBLES_XS,4,-0.001978040783075978,-0.015740148527818253,0.0057258575185439795,3,False,0.001978040783075978
OXYGEN_SHAKE_GARLIC,UV_VISOR_MAGENTA,2,-0.0018931213102493926,-0.0049722221430208765,0.004115612918453734,3,False,0.0018931213102493926
TRANSLATOR_GRAPHITE_MIST,GALAXY_SOUNDS_DARK_MATTER,5,-0.0018582770122051737,-0.011393370216127203,0.005824499057625151,3,False,0.0018582770122051737
UV_VISOR_AMBER,PANEL_4X4,3,0.001559179404035036,-0.008554731427720704,0.019153853887381958,3,False,0.001559179404035036
ROBOT_MOPPING,GALAXY_SOUNDS_SOLAR_WINDS,2,-0.0015225651331871506,-0.010712486924283577,0.005906002587005591,3,False,0.0015225651331871506
